{"arquivo": "C:\\projetos\\profit-tape\\replay_taker.log", "event": "log.destino", "level": "info", "timestamp": "2026-09-25T04:15:25.867825Z"}
{"arquivo": "C:\\projetos\\profit-tape\\replay_taker.log", "event": "log.destino", "level": "info", "timestamp": "2026-09-25T04:28:34.240348Z"}
{"i": 1, "n": 10, "dia": "2026-09-10", "eventos": 2009783, "event": "ea_micro_replay.dia", "level": "info", "timestamp": "2026-09-25T04:28:41.241485Z"}
{"nome": "ea_microprice", "symbol": "WINFUT", "dry_run": true, "sem_livro": false, "limiar": 0.6, "persistencia_ms": 300, "alvo_ticks": 3, "stop_ticks": 3, "codigo": "replay:2026-09-10", "config_sha": "538457d8a0d0", "event": "ea.micro.iniciado", "level": "warning", "timestamp": "2026-09-25T04:28:41.336771Z"}
{"acao": "comprar", "motivo": "imbalance=+0.75 persistiu 300ms", "sinal": 0.75, "feature": "microprice", "event": "ea.decisao_dry_run", "level": "info", "timestamp": "2026-09-25T04:28:41.436951Z"}
{"nome": "ea_microprice", "lado": 1, "preco": 186695.0, "preco_topo": 186695.0, "imbalance": 0.75, "micro": 186694.38, "spread": 5.0, "codigo": "replay:2026-09-10", "config_sha": "538457d8a0d0", "event": "ea.micro.entrada", "level": "info", "timestamp": "2026-09-25T04:28:41.437136Z"}
{"acao": "zerar", "motivo": "alvo", "sinal": 0.0, "feature": "microprice", "event": "ea.decisao_dry_run", "level": "info", "timestamp": "2026-09-25T04:28:41.437436Z"}
{"nome": "ea_microprice", "lado": 1, "entrada": 186695.0, "saida": 186715.0, "pnl_bruto": 20.0, "pnl_liquido": 16.0, "duracao_s": 0.77, "motivo": "alvo", "imbalance_entrada": 0.75, "imbalance_saida": 0.532, "pnl_dia": 16.0, "bloqueado": null, "codigo": "replay:2026-09-10", "config_sha": "538457d8a0d0", "event": "ea.micro.saida", "level": "info", "timestamp": "2026-09-25T04:28:41.437524Z"}
{"acao": "vender", "motivo": "imbalance=-0.84 persistiu 300ms", "sinal": -0.837, "feature": "microprice", "event": "ea.decisao_dry_run", "level": "info", "timestamp": "2026-09-25T04:28:41.449071Z"}
{"nome": "ea_microprice", "lado": -1, "preco": 186730.0, "preco_topo": 186730.0, "imbalance": -0.837, "micro": 186730.41, "spread": 5.0, "codigo": "replay:2026-09-10", "config_sha": "538457d8a0d0", "event": "ea.micro.entrada", "level": "info", "timestamp": "2026-09-25T04:28:41.449167Z"}
{"acao": "zerar", "motivo": "stop", "sinal": 0.0, "feature": "microprice", "event": "ea.decisao_dry_run", "level": "info", "timestamp": "2026-09-25T04:28:41.449287Z"}
{"nome": "ea_microprice", "lado": -1, "entrada": 186730.0, "saida": 186745.0, "pnl_bruto": -15.0, "pnl_liquido": -19.0, "duracao_s": 0.36, "motivo": "stop", "imbalance_entrada": -0.837, "imbalance_saida": 0.182, "pnl_dia": -3.0, "bloqueado": null, "codigo": "replay:2026-09-10", "config_sha": "538457d8a0d0", "event": "ea.micro.saida", "level": "info", "timestamp": "2026-09-25T04:28:41.449358Z"}
{"acao": "vender", "motivo": "imbalance=-0.62 persistiu 300ms", "sinal": -0.617, "feature": "microprice", "event": "ea.decisao_dry_run", "level": "info", "timestamp": "2026-09-25T04:28:41.452480Z"}
{"nome": "ea_microprice", "lado": -1, "preco": 186760.0, "preco_topo": 186760.0, "imbalance": -0.617, "micro": 186760.96, "spread": 5.0, "codigo": "replay:2026-09-10", "config_sha": "538457d8a0d0", "event": "ea.micro.entrada", "level": "info", "timestamp": "2026-09-25T04:28:41.452548Z"}
{"acao": "zerar", "motivo": "stop", "sinal": 0.0, "feature": "microprice", "event": "ea.decisao_dry_run", "level": "info", "timestamp": "2026-09-25T04:28:41.452646Z"}
{"nome": "ea_microprice", "lado": -1, "entrada": 186760.0, "saida": 186835.0, "pnl_bruto": -75.0, "pnl_liquido": -79.0, "duracao_s": 0.48, "motivo": "stop", "imbalance_entrada": -0.617, "imbalance_saida": -0.833, "pnl_dia": -82.0, "bloqueado": null, "codigo": "replay:2026-09-10", "config_sha": "538457d8a0d0", "event": "ea.micro.saida", "level": "info", "timestamp": "2026-09-25T04:28:41.452709Z"}
{"acao": "comprar", "motivo": "imbalance=+0.96 persistiu 300ms", "sinal": 0.965, "feature": "microprice", "event": "ea.decisao_dry_run", "level": "info", "timestamp": "2026-09-25T04:28:41.460206Z"}
{"nome": "ea_microprice", "lado": 1, "preco": 186765.0, "preco_topo": 186765.0, "imbalance": 0.965, "micro": 186764.91, "spread": 5.0, "codigo": "replay:2026-09-10", "config_sha": "538457d8a0d0", "event": "ea.micro.entrada", "level": "info", "timestamp": "2026-09-25T04:28:41.460328Z"}
{"acao": "zerar", "motivo": "alvo", "sinal": 0.0, "feature": "microprice", "event": "ea.decisao_dry_run", "level": "info", "timestamp": "2026-09-25T04:28:41.460552Z"}
{"nome": "ea_microprice", "lado": 1, "entrada": 186765.0, "saida": 186785.0, "pnl_bruto": 20.0, "pnl_liquido": 16.0, "duracao_s": 0.88, "motivo": "alvo", "imbalance_entrada": 0.965, "imbalance_saida": 0.553, "pnl_dia": -66.0, "bloqueado": null, "codigo": "replay:2026-09-10", "config_sha": "538457d8a0d0", "event": "ea.micro.saida", "level": "info", "timestamp": "2026-09-25T04:28:41.460620Z"}
{"acao": "vender", "motivo": "imbalance=-0.81 persistiu 300ms", "sinal": -0.808, "feature": "microprice", "event": "ea.decisao_dry_run", "level": "info", "timestamp": "2026-09-25T04:28:41.461902Z"}
{"nome": "ea_microprice", "lado": -1, "preco": 186910.0, "preco_topo": 186910.0, "imbalance": -0.808, "micro": 186910.48, "spread": 5.0, "codigo": "replay:2026-09-10", "config_sha": "538457d8a0d0", "event": "ea.micro.entrada", "level": "info", "timestamp": "2026-09-25T04:28:41.461966Z"}
{"acao": "zerar", "motivo": "stop", "sinal": 0.0, "feature": "microprice", "event": "ea.decisao_dry_run", "level": "info", "timestamp": "2026-09-25T04:28:41.462133Z"}
{"nome": "ea_microprice", "lado": -1, "entrada": 186910.0, "saida": 186930.0, "pnl_bruto": -20.0, "pnl_liquido": -24.0, "duracao_s": 0.62, "motivo": "stop", "imbalance_entrada": -0.808, "imbalance_saida": -0.486, "pnl_dia": -90.0, "bloqueado": null, "codigo": "replay:2026-09-10", "config_sha": "538457d8a0d0", "event": "ea.micro.saida", "level": "info", "timestamp": "2026-09-25T04:28:41.462195Z"}
{"acao": "comprar", "motivo": "imbalance=+0.95 persistiu 300ms", "sinal": 0.953, "feature": "microprice", "event": "ea.decisao_dry_run", "level": "info", "timestamp": "2026-09-25T04:28:41.464876Z"}
{"nome": "ea_microprice", "lado": 1, "preco": 186940.0, "preco_topo": 186940.0, "imbalance": 0.953, "micro": 186939.88, "spread": 5.0, "codigo": "replay:2026-09-10", "config_sha": "538457d8a0d0", "event": "ea.micro.entrada", "level": "info", "timestamp": "2026-09-25T04:28:41.464933Z"}
{"acao": "zerar", "motivo": "stop", "sinal": 0.0, "feature": "microprice", "event": "ea.decisao_dry_run", "level": "info", "timestamp": "2026-09-25T04:28:41.465075Z"}
{"nome": "ea_microprice", "lado": 1, "entrada": 186940.0, "saida": 186925.0, "pnl_bruto": -15.0, "pnl_liquido": -19.0, "duracao_s": 0.38, "motivo": "stop", "imbalance_entrada": 0.953, "imbalance_saida": 0.15, "pnl_dia": -109.0, "bloqueado": null, "codigo": "replay:2026-09-10", "config_sha": "538457d8a0d0", "event": "ea.micro.saida", "level": "info", "timestamp": "2026-09-25T04:28:41.465138Z"}
{"acao": "comprar", "motivo": "imbalance=+0.97 persistiu 300ms", "sinal": 0.967, "feature": "microprice", "event": "ea.decisao_dry_run", "level": "info", "timestamp": "2026-09-25T04:28:41.470548Z"}
{"nome": "ea_microprice", "lado": 1, "preco": 186955.0, "preco_topo": 186955.0, "imbalance": 0.967, "micro": 186954.92, "spread": 5.0, "codigo": "replay:2026-09-10", "config_sha": "538457d8a0d0", "event": "ea.micro.entrada", "level": "info", "timestamp": "2026-09-25T04:28:41.470627Z"}
{"acao": "zerar", "motivo": "imbalance_inverteu", "sinal": 0.0, "feature": "microprice", "event": "ea.decisao_dry_run", "level": "info", "timestamp": "2026-09-25T04:28:41.470849Z"}
{"nome": "ea_microprice", "lado": 1, "entrada": 186955.0, "saida": 186955.0, "pnl_bruto": 0.0, "pnl_liquido": -4.0, "duracao_s": 0.89, "motivo": "imbalance_inverteu", "imbalance_entrada": 0.967, "imbalance_saida": -0.955, "pnl_dia": -113.0, "bloqueado": null, "codigo": "replay:2026-09-10", "config_sha": "538457d8a0d0", "event": "ea.micro.saida", "level": "info", "timestamp": "2026-09-25T04:28:41.470913Z"}
{"acao": "vender", "motivo": "imbalance=-0.81 persistiu 300ms", "sinal": -0.812, "feature": "microprice", "event": "ea.decisao_dry_run", "level": "info", "timestamp": "2026-09-25T04:28:41.475102Z"}
{"nome": "ea_microprice", "lado": -1, "preco": 187120.0, "preco_topo": 187120.0, "imbalance": -0.812, "micro": 187120.47, "spread": 5.0, "codigo": "replay:2026-09-10", "config_sha": "538457d8a0d0", "event": "ea.micro.entrada", "level": "info", "timestamp": "2026-09-25T04:28:41.475200Z"}
{"acao": "zerar", "motivo": "imbalance_inverteu", "sinal": 0.0, "feature": "microprice", "event": "ea.decisao_dry_run", "level": "info", "timestamp": "2026-09-25T04:28:41.475389Z"}
{"nome": "ea_microprice", "lado": -1, "entrada": 187120.0, "saida": 187120.0, "pnl_bruto": -0.0, "pnl_liquido": -4.0, "duracao_s": 0.58, "motivo": "imbalance_inverteu", "imbalance_entrada": -0.812, "imbalance_saida": 0.511, "pnl_dia": -117.0, "bloqueado": null, "codigo": "replay:2026-09-10", "config_sha": "538457d8a0d0", "event": "ea.micro.saida", "level": "info", "timestamp": "2026-09-25T04:28:41.475450Z"}
{"acao": "vender", "motivo": "imbalance=-0.78 persistiu 300ms", "sinal": -0.784, "feature": "microprice", "event": "ea.decisao_dry_run", "level": "info", "timestamp": "2026-09-25T04:28:41.482826Z"}
{"nome": "ea_microprice", "lado": -1, "preco": 187105.0, "preco_topo": 187105.0, "imbalance": -0.784, "micro": 187105.54, "spread": 5.0, "codigo": "replay:2026-09-10", "config_sha": "538457d8a0d0", "event": "ea.micro.entrada", "level": "info", "timestamp": "2026-09-25T04:28:41.482890Z"}
{"acao": "zerar", "motivo": "imbalance_inverteu", "sinal": 0.0, "feature": "microprice", "event": "ea.decisao_dry_run", "level": "info", "timestamp": "2026-09-25T04:28:41.483250Z"}
{"nome": "ea_microprice", "lado": -1, "entrada": 187105.0, "saida": 187100.0, "pnl_bruto": 5.0, "pnl_liquido": 1.0, "duracao_s": 1.4, "motivo": "imbalance_inverteu", "imbalance_entrada": -0.784, "imbalance_saida": 0.792, "pnl_dia": -116.0, "bloqueado": null, "codigo": "replay:2026-09-10", "config_sha": "538457d8a0d0", "event": "ea.micro.saida", "level": "info", "timestamp": "2026-09-25T04:28:41.483311Z"}
{"acao": "vender", "motivo": "imbalance=-0.71 persistiu 300ms", "sinal": -0.708, "feature": "microprice", "event": "ea.decisao_dry_run", "level": "info", "timestamp": "2026-09-25T04:28:41.484782Z"}
{"nome": "ea_microprice", "lado": -1, "preco": 187075.0, "preco_topo": 187075.0, "imbalance": -0.708, "micro": 187075.73, "spread": 5.0, "codigo": "replay:2026-09-10", "config_sha": "538457d8a0d0", "event": "ea.micro.entrada", "level": "info", "timestamp": "2026-09-25T04:28:41.484837Z"}
{"acao": "zerar", "motivo": "imbalance_inverteu", "sinal": 0.0, "feature": "microprice", "event": "ea.decisao_dry_run", "level": "info", "timestamp": "2026-09-25T04:28:41.485200Z"}
{"nome": "ea_microprice", "lado": -1, "entrada": 187075.0, "saida": 187065.0, "pnl_bruto": 10.0, "pnl_liquido": 6.0, "duracao_s": 1.36, "motivo": "imbalance_inverteu", "imbalance_entrada": -0.708, "imbalance_saida": 0.556, "pnl_dia": -110.0, "bloqueado": null, "codigo": "replay:2026-09-10", "config_sha": "538457d8a0d0", "event": "ea.micro.saida", "level": "info", "timestamp": "2026-09-25T04:28:41.485260Z"}
{"acao": "vender", "motivo": "imbalance=-0.79 persistiu 300ms", "sinal": -0.793, "feature": "microprice", "event": "ea.decisao_dry_run", "level": "info", "timestamp": "2026-09-25T04:28:41.493404Z"}
{"nome": "ea_microprice", "lado": -1, "preco": 187190.0, "preco_topo": 187190.0, "imbalance": -0.793, "micro": 187190.52, "spread": 5.0, "codigo": "replay:2026-09-10", "config_sha": "538457d8a0d0", "event": "ea.micro.entrada", "level": "info", "timestamp": "2026-09-25T04:28:41.493479Z"}
{"acao": "zerar", "motivo": "alvo", "sinal": 0.0, "feature": "microprice", "event": "ea.decisao_dry_run", "level": "info", "timestamp": "2026-09-25T04:28:41.493770Z"}
{"nome": "ea_microprice", "lado": -1, "entrada": 187190.0, "saida": 187175.0, "pnl_bruto": 15.0, "pnl_liquido": 11.0, "duracao_s": 1.53, "motivo": "alvo", "imbalance_entrada": -0.793, "imbalance_saida": -0.158, "pnl_dia": -99.0, "bloqueado": null, "codigo": "replay:2026-09-10", "config_sha": "538457d8a0d0", "event": "ea.micro.saida", "level": "info", "timestamp": "2026-09-25T04:28:41.493829Z"}
{"acao": "comprar", "motivo": "imbalance=+0.78 persistiu 300ms", "sinal": 0.778, "feature": "microprice", "event": "ea.decisao_dry_run", "level": "info", "timestamp": "2026-09-25T04:28:41.503452Z"}
{"nome": "ea_microprice", "lado": 1, "preco": 187155.0, "preco_topo": 187155.0, "imbalance": 0.778, "micro": 187154.44, "spread": 5.0, "codigo": "replay:2026-09-10", "config_sha": "538457d8a0d0", "event": "ea.micro.entrada", "level": "info", "timestamp": "2026-09-25T04:28:41.503527Z"}
{"acao": "zerar", "motivo": "stop", "sinal": 0.0, "feature": "microprice", "event": "ea.decisao_dry_run", "level": "info", "timestamp": "2026-09-25T04:28:41.503776Z"}
{"nome": "ea_microprice", "lado": 1, "entrada": 187155.0, "saida": 187140.0, "pnl_bruto": -15.0, "pnl_liquido": -19.0, "duracao_s": 1.07, "motivo": "stop", "imbalance_entrada": 0.778, "imbalance_saida": 0.548, "pnl_dia": -118.0, "bloqueado": null, "codigo": "replay:2026-09-10", "config_sha": "538457d8a0d0", "event": "ea.micro.saida", "level": "info", "timestamp": "2026-09-25T04:28:41.503840Z"}
{"acao": "vender", "motivo": "imbalance=-0.78 persistiu 300ms", "sinal": -0.778, "feature": "microprice", "event": "ea.decisao_dry_run", "level": "info", "timestamp": "2026-09-25T04:28:41.506579Z"}
{"nome": "ea_microprice", "lado": -1, "preco": 187065.0, "preco_topo": 187065.0, "imbalance": -0.778, "micro": 187065.56, "spread": 5.0, "codigo": "replay:2026-09-10", "config_sha": "538457d8a0d0", "event": "ea.micro.entrada", "level": "info", "timestamp": "2026-09-25T04:28:41.506638Z"}
{"acao": "zerar", "motivo": "alvo", "sinal": 0.0, "feature": "microprice", "event": "ea.decisao_dry_run", "level": "info", "timestamp": "2026-09-25T04:28:41.507125Z"}
{"nome": "ea_microprice", "lado": -1, "entrada": 187065.0, "saida": 187050.0, "pnl_bruto": 15.0, "pnl_liquido": 11.0, "duracao_s": 2.56, "motivo": "alvo", "imbalance_entrada": -0.778, "imbalance_saida": 0.778, "pnl_dia": -107.0, "bloqueado": null, "codigo": "replay:2026-09-10", "config_sha": "538457d8a0d0", "event": "ea.micro.saida", "level": "info", "timestamp": "2026-09-25T04:28:41.507188Z"}
{"acao": "vender", "motivo": "imbalance=-0.86 persistiu 300ms", "sinal": -0.857, "feature": "microprice", "event": "ea.decisao_dry_run", "level": "info", "timestamp": "2026-09-25T04:28:41.507727Z"}
{"nome": "ea_microprice", "lado": -1, "preco": 187105.0, "preco_topo": 187105.0, "imbalance": -0.857, "micro": 187105.36, "spread": 5.0, "codigo": "replay:2026-09-10", "config_sha": "538457d8a0d0", "event": "ea.micro.entrada", "level": "info", "timestamp": "2026-09-25T04:28:41.507782Z"}
{"acao": "zerar", "motivo": "stop", "sinal": 0.0, "feature": "microprice", "event": "ea.decisao_dry_run", "level": "info", "timestamp": "2026-09-25T04:28:41.507891Z"}
{"nome": "ea_microprice", "lado": -1, "entrada": 187105.0, "saida": 187120.0, "pnl_bruto": -15.0, "pnl_liquido": -19.0, "duracao_s": 0.2, "motivo": "stop", "imbalance_entrada": -0.857, "imbalance_saida": 0.353, "pnl_dia": -126.0, "bloqueado": null, "codigo": "replay:2026-09-10", "config_sha": "538457d8a0d0", "event": "ea.micro.saida", "level": "info", "timestamp": "2026-09-25T04:28:41.507965Z"}
{"acao": "vender", "motivo": "imbalance=-0.76 persistiu 300ms", "sinal": -0.763, "feature": "microprice", "event": "ea.decisao_dry_run", "level": "info", "timestamp": "2026-09-25T04:28:41.513009Z"}
{"nome": "ea_microprice", "lado": -1, "preco": 187080.0, "preco_topo": 187080.0, "imbalance": -0.763, "micro": 187080.59, "spread": 5.0, "codigo": "replay:2026-09-10", "config_sha": "538457d8a0d0", "event": "ea.micro.entrada", "level": "info", "timestamp": "2026-09-25T04:28:41.513071Z"}
{"acao": "zerar", "motivo": "stop", "sinal": 0.0, "feature": "microprice", "event": "ea.decisao_dry_run", "level": "info", "timestamp": "2026-09-25T04:28:41.513206Z"}
{"nome": "ea_microprice", "lado": -1, "entrada": 187080.0, "saida": 187105.0, "pnl_bruto": -25.0, "pnl_liquido": -29.0, "duracao_s": 0.34, "motivo": "stop", "imbalance_entrada": -0.763, "imbalance_saida": -0.737, "pnl_dia": -155.0, "bloqueado": null, "codigo": "replay:2026-09-10", "config_sha": "538457d8a0d0", "event": "ea.micro.saida", "level": "info", "timestamp": "2026-09-25T04:28:41.513264Z"}
{"acao": "comprar", "motivo": "imbalance=+0.69 persistiu 300ms", "sinal": 0.688, "feature": "microprice", "event": "ea.decisao_dry_run", "level": "info", "timestamp": "2026-09-25T04:28:41.516224Z"}
{"nome": "ea_microprice", "lado": 1, "preco": 187110.0, "preco_topo": 187110.0, "imbalance": 0.688, "micro": 187109.22, "spread": 5.0, "codigo": "replay:2026-09-10", "config_sha": "538457d8a0d0", "event": "ea.micro.entrada", "level": "info", "timestamp": "2026-09-25T04:28:41.516290Z"}
{"acao": "zerar", "motivo": "imbalance_inverteu", "sinal": 0.0, "feature": "microprice", "event": "ea.decisao_dry_run", "level": "info", "timestamp": "2026-09-25T04:28:41.516465Z"}
{"nome": "ea_microprice", "lado": 1, "entrada": 187110.0, "saida": 187115.0, "pnl_bruto": 5.0, "pnl_liquido": 1.0, "duracao_s": 0.86, "motivo": "imbalance_inverteu", "imbalance_entrada": 0.688, "imbalance_saida": -0.811, "pnl_dia": -154.0, "bloqueado": null, "codigo": "replay:2026-09-10", "config_sha": "538457d8a0d0", "event": "ea.micro.saida", "level": "info", "timestamp": "2026-09-25T04:28:41.516525Z"}
{"acao": "vender", "motivo": "imbalance=-0.79 persistiu 300ms", "sinal": -0.788, "feature": "microprice", "event": "ea.decisao_dry_run", "level": "info", "timestamp": "2026-09-25T04:28:41.521997Z"}
{"nome": "ea_microprice", "lado": -1, "preco": 187210.0, "preco_topo": 187210.0, "imbalance": -0.788, "micro": 187210.53, "spread": 5.0, "codigo": "replay:2026-09-10", "config_sha": "538457d8a0d0", "event": "ea.micro.entrada", "level": "info", "timestamp": "2026-09-25T04:28:41.522056Z"}
{"acao": "zerar", "motivo": "alvo", "sinal": 0.0, "feature": "microprice", "event": "ea.decisao_dry_run", "level": "info", "timestamp": "2026-09-25T04:28:41.522411Z"}
{"nome": "ea_microprice", "lado": -1, "entrada": 187210.0, "saida": 187195.0, "pnl_bruto": 15.0, "pnl_liquido": 11.0, "duracao_s": 1.54, "motivo": "alvo", "imbalance_entrada": -0.788, "imbalance_saida": -0.346, "pnl_dia": -143.0, "bloqueado": null, "codigo": "replay:2026-09-10", "config_sha": "538457d8a0d0", "event": "ea.micro.saida", "level": "info", "timestamp": "2026-09-25T04:28:41.522471Z"}
{"acao": "vender", "motivo": "imbalance=-0.63 persistiu 300ms", "sinal": -0.628, "feature": "microprice", "event": "ea.decisao_dry_run", "level": "info", "timestamp": "2026-09-25T04:28:41.532249Z"}
{"nome": "ea_microprice", "lado": -1, "preco": 187205.0, "preco_topo": 187205.0, "imbalance": -0.628, "micro": 187205.93, "spread": 5.0, "codigo": "replay:2026-09-10", "config_sha": "538457d8a0d0", "event": "ea.micro.entrada", "level": "info", "timestamp": "2026-09-25T04:28:41.532327Z"}
{"acao": "zerar", "motivo": "imbalance_inverteu", "sinal": 0.0, "feature": "microprice", "event": "ea.decisao_dry_run", "level": "info", "timestamp": "2026-09-25T04:28:41.532440Z"}
{"nome": "ea_microprice", "lado": -1, "entrada": 187205.0, "saida": 187210.0, "pnl_bruto": -5.0, "pnl_liquido": -9.0, "duracao_s": 0.56, "motivo": "imbalance_inverteu", "imbalance_entrada": -0.628, "imbalance_saida": 0.714, "pnl_dia": -152.0, "bloqueado": null, "codigo": "replay:2026-09-10", "config_sha": "538457d8a0d0", "event": "ea.micro.saida", "level": "info", "timestamp": "2026-09-25T04:28:41.532499Z"}
{"acao": "vender", "motivo": "imbalance=-0.78 persistiu 300ms", "sinal": -0.782, "feature": "microprice", "event": "ea.decisao_dry_run", "level": "info", "timestamp": "2026-09-25T04:28:41.541696Z"}
{"nome": "ea_microprice", "lado": -1, "preco": 187270.0, "preco_topo": 187270.0, "imbalance": -0.782, "micro": 187270.55, "spread": 5.0, "codigo": "replay:2026-09-10", "config_sha": "538457d8a0d0", "event": "ea.micro.entrada", "level": "info", "timestamp": "2026-09-25T04:28:41.541763Z"}
{"acao": "zerar", "motivo": "imbalance_inverteu", "sinal": 0.0, "feature": "microprice", "event": "ea.decisao_dry_run", "level": "info", "timestamp": "2026-09-25T04:28:41.541885Z"}
{"nome": "ea_microprice", "lado": -1, "entrada": 187270.0, "saida": 187270.0, "pnl_bruto": -0.0, "pnl_liquido": -4.0, "duracao_s": 0.66, "motivo": "imbalance_inverteu", "imbalance_entrada": -0.782, "imbalance_saida": 0.626, "pnl_dia": -156.0, "bloqueado": null, "codigo": "replay:2026-09-10", "config_sha": "538457d8a0d0", "event": "ea.micro.saida", "level": "info", "timestamp": "2026-09-25T04:28:41.541978Z"}
{"acao": "vender", "motivo": "imbalance=-0.66 persistiu 300ms", "sinal": -0.661, "feature": "microprice", "event": "ea.decisao_dry_run", "level": "info", "timestamp": "2026-09-25T04:28:41.550996Z"}
{"nome": "ea_microprice", "lado": -1, "preco": 187055.0, "preco_topo": 187055.0, "imbalance": -0.661, "micro": 187055.85, "spread": 5.0, "codigo": "replay:2026-09-10", "config_sha": "538457d8a0d0", "event": "ea.micro.entrada", "level": "info", "timestamp": "2026-09-25T04:28:41.551060Z"}
{"acao": "zerar", "motivo": "stop", "sinal": 0.0, "feature": "microprice", "event": "ea.decisao_dry_run", "level": "info", "timestamp": "2026-09-25T04:28:41.551333Z"}
{"nome": "ea_microprice", "lado": -1, "entrada": 187055.0, "saida": 187070.0, "pnl_bruto": -15.0, "pnl_liquido": -19.0, "duracao_s": 1.26, "motivo": "stop", "imbalance_entrada": -0.661, "imbalance_saida": 0.204, "pnl_dia": -175.0, "bloqueado": null, "codigo": "replay:2026-09-10", "config_sha": "538457d8a0d0", "event": "ea.micro.saida", "level": "info", "timestamp": "2026-09-25T04:28:41.551391Z"}
{"acao": "vender", "motivo": "imbalance=-0.95 persistiu 300ms", "sinal": -0.953, "feature": "microprice", "event": "ea.decisao_dry_run", "level": "info", "timestamp": "2026-09-25T04:28:41.552609Z"}
{"nome": "ea_microprice", "lado": -1, "preco": 187090.0, "preco_topo": 187090.0, "imbalance": -0.953, "micro": 187090.12, "spread": 5.0, "codigo": "replay:2026-09-10", "config_sha": "538457d8a0d0", "event": "ea.micro.entrada", "level": "info", "timestamp": "2026-09-25T04:28:41.552665Z"}
{"acao": "zerar", "motivo": "alvo", "sinal": 0.0, "feature": "microprice", "event": "ea.decisao_dry_run", "level": "info", "timestamp": "2026-09-25T04:28:41.552983Z"}
{"nome": "ea_microprice", "lado": -1, "entrada": 187090.0, "saida": 187070.0, "pnl_bruto": 20.0, "pnl_liquido": 16.0, "duracao_s": 1.43, "motivo": "alvo", "imbalance_entrada": -0.953, "imbalance_saida": 0.762, "pnl_dia": -159.0, "bloqueado": null, "codigo": "replay:2026-09-10", "config_sha": "538457d8a0d0", "event": "ea.micro.saida", "level": "info", "timestamp": "2026-09-25T04:28:41.553040Z"}
{"acao": "vender", "motivo": "imbalance=-0.68 persistiu 300ms", "sinal": -0.676, "feature": "microprice", "event": "ea.decisao_dry_run", "level": "info", "timestamp": "2026-09-25T04:28:41.553815Z"}
{"nome": "ea_microprice", "lado": -1, "preco": 187065.0, "preco_topo": 187065.0, "imbalance": -0.676, "micro": 187065.81, "spread": 5.0, "codigo": "replay:2026-09-10", "config_sha": "538457d8a0d0", "event": "ea.micro.entrada", "level": "info", "timestamp": "2026-09-25T04:28:41.553872Z"}
{"acao": "zerar", "motivo": "alvo", "sinal": 0.0, "feature": "microprice", "event": "ea.decisao_dry_run", "level": "info", "timestamp": "2026-09-25T04:28:41.554336Z"}
{"nome": "ea_microprice", "lado": -1, "entrada": 187065.0, "saida": 187040.0, "pnl_bruto": 25.0, "pnl_liquido": 21.0, "duracao_s": 2.14, "motivo": "alvo", "imbalance_entrada": -0.676, "imbalance_saida": 0.657, "pnl_dia": -138.0, "bloqueado": null, "codigo": "replay:2026-09-10", "config_sha": "538457d8a0d0", "event": "ea.micro.saida", "level": "info", "timestamp": "2026-09-25T04:28:41.554416Z"}
{"acao": "comprar", "motivo": "imbalance=+0.94 persistiu 300ms", "sinal": 0.944, "feature": "microprice", "event": "ea.decisao_dry_run", "level": "info", "timestamp": "2026-09-25T04:28:41.555310Z"}
{"nome": "ea_microprice", "lado": 1, "preco": 187065.0, "preco_topo": 187065.0, "imbalance": 0.944, "micro": 187064.86, "spread": 5.0, "codigo": "replay:2026-09-10", "config_sha": "538457d8a0d0", "event": "ea.micro.entrada", "level": "info", "timestamp": "2026-09-25T04:28:41.555364Z"}
{"acao": "zerar", "motivo": "imbalance_inverteu", "sinal": 0.0, "feature": "microprice", "event": "ea.decisao_dry_run", "level": "info", "timestamp": "2026-09-25T04:28:41.555521Z"}
{"nome": "ea_microprice", "lado": 1, "entrada": 187065.0, "saida": 187065.0, "pnl_bruto": 0.0, "pnl_liquido": -4.0, "duracao_s": 0.41, "motivo": "imbalance_inverteu", "imbalance_entrada": 0.944, "imbalance_saida": -0.958, "pnl_dia": -142.0, "bloqueado": null, "codigo": "replay:2026-09-10", "config_sha": "538457d8a0d0", "event": "ea.micro.saida", "level": "info", "timestamp": "2026-09-25T04:28:41.555585Z"}
{"acao": "vender", "motivo": "imbalance=-0.87 persistiu 300ms", "sinal": -0.871, "feature": "microprice", "event": "ea.decisao_dry_run", "level": "info", "timestamp": "2026-09-25T04:28:41.556014Z"}
{"nome": "ea_microprice", "lado": -1, "preco": 187070.0, "preco_topo": 187070.0, "imbalance": -0.871, "micro": 187070.32, "spread": 5.0, "codigo": "replay:2026-09-10", "config_sha": "538457d8a0d0", "event": "ea.micro.entrada", "level": "info", "timestamp": "2026-09-25T04:28:41.556074Z"}
{"acao": "zerar", "motivo": "stop", "sinal": 0.0, "feature": "microprice", "event": "ea.decisao_dry_run", "level": "info", "timestamp": "2026-09-25T04:28:41.556253Z"}
{"nome": "ea_microprice", "lado": -1, "entrada": 187070.0, "saida": 187085.0, "pnl_bruto": -15.0, "pnl_liquido": -19.0, "duracao_s": 1.44, "motivo": "stop", "imbalance_entrada": -0.871, "imbalance_saida": -0.596, "pnl_dia": -161.0, "bloqueado": null, "codigo": "replay:2026-09-10", "config_sha": "538457d8a0d0", "event": "ea.micro.saida", "level": "info", "timestamp": "2026-09-25T04:28:41.556310Z"}
{"acao": "vender", "motivo": "imbalance=-0.73 persistiu 300ms", "sinal": -0.726, "feature": "microprice", "event": "ea.decisao_dry_run", "level": "info", "timestamp": "2026-09-25T04:28:41.558535Z"}
{"nome": "ea_microprice", "lado": -1, "preco": 187120.0, "preco_topo": 187120.0, "imbalance": -0.726, "micro": 187120.68, "spread": 5.0, "codigo": "replay:2026-09-10", "config_sha": "538457d8a0d0", "event": "ea.micro.entrada", "level": "info", "timestamp": "2026-09-25T04:28:41.558595Z"}
{"acao": "zerar", "motivo": "stop", "sinal": 0.0, "feature": "microprice", "event": "ea.decisao_dry_run", "level": "info", "timestamp": "2026-09-25T04:28:41.558801Z"}
{"nome": "ea_microprice", "lado": -1, "entrada": 187120.0, "saida": 187135.0, "pnl_bruto": -15.0, "pnl_liquido": -19.0, "duracao_s": 0.97, "motivo": "stop", "imbalance_entrada": -0.726, "imbalance_saida": -1.0, "pnl_dia": -180.0, "bloqueado": null, "codigo": "replay:2026-09-10", "config_sha": "538457d8a0d0", "event": "ea.micro.saida", "level": "info", "timestamp": "2026-09-25T04:28:41.558859Z"}
{"acao": "comprar", "motivo": "imbalance=+0.82 persistiu 300ms", "sinal": 0.823, "feature": "microprice", "event": "ea.decisao_dry_run", "level": "info", "timestamp": "2026-09-25T04:28:41.562002Z"}
{"nome": "ea_microprice", "lado": 1, "preco": 187195.0, "preco_topo": 187195.0, "imbalance": 0.823, "micro": 187194.56, "spread": 5.0, "codigo": "replay:2026-09-10", "config_sha": "538457d8a0d0", "event": "ea.micro.entrada", "level": "info", "timestamp": "2026-09-25T04:28:41.562060Z"}
{"acao": "zerar", "motivo": "imbalance_inverteu", "sinal": 0.0, "feature": "microprice", "event": "ea.decisao_dry_run", "level": "info", "timestamp": "2026-09-25T04:28:41.562346Z"}
{"nome": "ea_microprice", "lado": 1, "entrada": 187195.0, "saida": 187190.0, "pnl_bruto": -5.0, "pnl_liquido": -9.0, "duracao_s": 1.09, "motivo": "imbalance_inverteu", "imbalance_entrada": 0.823, "imbalance_saida": -0.714, "pnl_dia": -189.0, "bloqueado": null, "codigo": "replay:2026-09-10", "config_sha": "538457d8a0d0", "event": "ea.micro.saida", "level": "info", "timestamp": "2026-09-25T04:28:41.562404Z"}
{"acao": "vender", "motivo": "imbalance=-0.92 persistiu 300ms", "sinal": -0.92, "feature": "microprice", "event": "ea.decisao_dry_run", "level": "info", "timestamp": "2026-09-25T04:28:41.564518Z"}
{"nome": "ea_microprice", "lado": -1, "preco": 187210.0, "preco_topo": 187210.0, "imbalance": -0.92, "micro": 187210.2, "spread": 5.0, "codigo": "replay:2026-09-10", "config_sha": "538457d8a0d0", "event": "ea.micro.entrada", "level": "info", "timestamp": "2026-09-25T04:28:41.564577Z"}
{"acao": "zerar", "motivo": "alvo", "sinal": 0.0, "feature": "microprice", "event": "ea.decisao_dry_run", "level": "info", "timestamp": "2026-09-25T04:28:41.565058Z"}
{"nome": "ea_microprice", "lado": -1, "entrada": 187210.0, "saida": 187195.0, "pnl_bruto": 15.0, "pnl_liquido": 11.0, "duracao_s": 2.03, "motivo": "alvo", "imbalance_entrada": -0.92, "imbalance_saida": -0.048, "pnl_dia": -178.0, "bloqueado": null, "codigo": "replay:2026-09-10", "config_sha": "538457d8a0d0", "event": "ea.micro.saida", "level": "info", "timestamp": "2026-09-25T04:28:41.565128Z"}
{"acao": "vender", "motivo": "imbalance=-0.80 persistiu 300ms", "sinal": -0.804, "feature": "microprice", "event": "ea.decisao_dry_run", "level": "info", "timestamp": "2026-09-25T04:28:41.566952Z"}
{"nome": "ea_microprice", "lado": -1, "preco": 187170.0, "preco_topo": 187170.0, "imbalance": -0.804, "micro": 187170.49, "spread": 5.0, "codigo": "replay:2026-09-10", "config_sha": "538457d8a0d0", "event": "ea.micro.entrada", "level": "info", "timestamp": "2026-09-25T04:28:41.567010Z"}
{"acao": "zerar", "motivo": "alvo", "sinal": 0.0, "feature": "microprice", "event": "ea.decisao_dry_run", "level": "info", "timestamp": "2026-09-25T04:28:41.567183Z"}
{"nome": "ea_microprice", "lado": -1, "entrada": 187170.0, "saida": 187140.0, "pnl_bruto": 30.0, "pnl_liquido": 26.0, "duracao_s": 0.62, "motivo": "alvo", "imbalance_entrada": -0.804, "imbalance_saida": 0.621, "pnl_dia": -152.0, "bloqueado": null, "codigo": "replay:2026-09-10", "config_sha": "538457d8a0d0", "event": "ea.micro.saida", "level": "info", "timestamp": "2026-09-25T04:28:41.567241Z"}
{"acao": "vender", "motivo": "imbalance=-0.74 persistiu 300ms", "sinal": -0.737, "feature": "microprice", "event": "ea.decisao_dry_run", "level": "info", "timestamp": "2026-09-25T04:28:41.568489Z"}
{"nome": "ea_microprice", "lado": -1, "preco": 187155.0, "preco_topo": 187155.0, "imbalance": -0.737, "micro": 187155.66, "spread": 5.0, "codigo": "replay:2026-09-10", "config_sha": "538457d8a0d0", "event": "ea.micro.entrada", "level": "info", "timestamp": "2026-09-25T04:28:41.568545Z"}
{"acao": "zerar", "motivo": "alvo", "sinal": 0.0, "feature": "microprice", "event": "ea.decisao_dry_run", "level": "info", "timestamp": "2026-09-25T04:28:41.568817Z"}
{"nome": "ea_microprice", "lado": -1, "entrada": 187155.0, "saida": 187130.0, "pnl_bruto": 25.0, "pnl_liquido": 21.0, "duracao_s": 1.05, "motivo": "alvo", "imbalance_entrada": -0.737, "imbalance_saida": 0.574, "pnl_dia": -131.0, "bloqueado": null, "codigo": "replay:2026-09-10", "config_sha": "538457d8a0d0", "event": "ea.micro.saida", "level": "info", "timestamp": "2026-09-25T04:28:41.568875Z"}
{"acao": "vender", "motivo": "imbalance=-0.98 persistiu 300ms", "sinal": -0.976, "feature": "microprice", "event": "ea.decisao_dry_run", "level": "info", "timestamp": "2026-09-25T04:28:41.569532Z"}
{"nome": "ea_microprice", "lado": -1, "preco": 187170.0, "preco_topo": 187170.0, "imbalance": -0.976, "micro": 187170.06, "spread": 5.0, "codigo": "replay:2026-09-10", "config_sha": "538457d8a0d0", "event": "ea.micro.entrada", "level": "info", "timestamp": "2026-09-25T04:28:41.569589Z"}
{"acao": "zerar", "motivo": "alvo", "sinal": 0.0, "feature": "microprice", "event": "ea.decisao_dry_run", "level": "info", "timestamp": "2026-09-25T04:28:41.570436Z"}
{"nome": "ea_microprice", "lado": -1, "entrada": 187170.0, "saida": 187155.0, "pnl_bruto": 15.0, "pnl_liquido": 11.0, "duracao_s": 4.72, "motivo": "alvo", "imbalance_entrada": -0.976, "imbalance_saida": 0.75, "pnl_dia": -120.0, "bloqueado": null, "codigo": "replay:2026-09-10", "config_sha": "538457d8a0d0", "event": "ea.micro.saida", "level": "info", "timestamp": "2026-09-25T04:28:41.570497Z"}
{"acao": "comprar", "motivo": "imbalance=+0.76 persistiu 300ms", "sinal": 0.765, "feature": "microprice", "event": "ea.decisao_dry_run", "level": "info", "timestamp": "2026-09-25T04:28:41.572855Z"}
{"nome": "ea_microprice", "lado": 1, "preco": 187160.0, "preco_topo": 187160.0, "imbalance": 0.765, "micro": 187159.41, "spread": 5.0, "codigo": "replay:2026-09-10", "config_sha": "538457d8a0d0", "event": "ea.micro.entrada", "level": "info", "timestamp": "2026-09-25T04:28:41.572913Z"}
{"acao": "zerar", "motivo": "imbalance_inverteu", "sinal": 0.0, "feature": "microprice", "event": "ea.decisao_dry_run", "level": "info", "timestamp": "2026-09-25T04:28:41.573043Z"}
{"nome": "ea_microprice", "lado": 1, "entrada": 187160.0, "saida": 187155.0, "pnl_bruto": -5.0, "pnl_liquido": -9.0, "duracao_s": 0.88, "motivo": "imbalance_inverteu", "imbalance_entrada": 0.765, "imbalance_saida": -0.312, "pnl_dia": -129.0, "bloqueado": null, "codigo": "replay:2026-09-10", "config_sha": "538457d8a0d0", "event": "ea.micro.saida", "level": "info", "timestamp": "2026-09-25T04:28:41.573101Z"}
{"acao": "vender", "motivo": "imbalance=-0.60 persistiu 300ms", "sinal": -0.6, "feature": "microprice", "event": "ea.decisao_dry_run", "level": "info", "timestamp": "2026-09-25T04:28:41.573774Z"}
{"nome": "ea_microprice", "lado": -1, "preco": 187145.0, "preco_topo": 187145.0, "imbalance": -0.6, "micro": 187146.0, "spread": 5.0, "codigo": "replay:2026-09-10", "config_sha": "538457d8a0d0", "event": "ea.micro.entrada", "level": "info", "timestamp": "2026-09-25T04:28:41.573828Z"}
{"acao": "zerar", "motivo": "imbalance_inverteu", "sinal": 0.0, "feature": "microprice", "event": "ea.decisao_dry_run", "level": "info", "timestamp": "2026-09-25T04:28:41.573983Z"}
{"nome": "ea_microprice", "lado": -1, "entrada": 187145.0, "saida": 187155.0, "pnl_bruto": -10.0, "pnl_liquido": -14.0, "duracao_s": 0.85, "motivo": "imbalance_inverteu", "imbalance_entrada": -0.6, "imbalance_saida": 0.238, "pnl_dia": -143.0, "bloqueado": null, "codigo": "replay:2026-09-10", "config_sha": "538457d8a0d0", "event": "ea.micro.saida", "level": "info", "timestamp": "2026-09-25T04:28:41.574040Z"}
{"acao": "vender", "motivo": "imbalance=-0.90 persistiu 300ms", "sinal": -0.897, "feature": "microprice", "event": "ea.decisao_dry_run", "level": "info", "timestamp": "2026-09-25T04:28:41.575621Z"}
{"nome": "ea_microprice", "lado": -1, "preco": 187145.0, "preco_topo": 187145.0, "imbalance": -0.897, "micro": 187145.26, "spread": 5.0, "codigo": "replay:2026-09-10", "config_sha": "538457d8a0d0", "event": "ea.micro.entrada", "level": "info", "timestamp": "2026-09-25T04:28:41.575674Z"}
{"acao": "zerar", "motivo": "alvo", "sinal": 0.0, "feature": "microprice", "event": "ea.decisao_dry_run", "level": "info", "timestamp": "2026-09-25T04:28:41.576115Z"}
{"nome": "ea_microprice", "lado": -1, "entrada": 187145.0, "saida": 187130.0, "pnl_bruto": 15.0, "pnl_liquido": 11.0, "duracao_s": 2.48, "motivo": "alvo", "imbalance_entrada": -0.897, "imbalance_saida": 0.57, "pnl_dia": -132.0, "bloqueado": null, "codigo": "replay:2026-09-10", "config_sha": "538457d8a0d0", "event": "ea.micro.saida", "level": "info", "timestamp": "2026-09-25T04:28:41.576172Z"}
{"acao": "vender", "motivo": "imbalance=-0.61 persistiu 300ms", "sinal": -0.607, "feature": "microprice", "event": "ea.decisao_dry_run", "level": "info", "timestamp": "2026-09-25T04:28:41.580397Z"}
{"nome": "ea_microprice", "lado": -1, "preco": 187155.0, "preco_topo": 187155.0, "imbalance": -0.607, "micro": 187155.98, "spread": 5.0, "codigo": "replay:2026-09-10", "config_sha": "538457d8a0d0", "event": "ea.micro.entrada", "level": "info", "timestamp": "2026-09-25T04:28:41.580456Z"}
{"acao": "zerar", "motivo": "stop", "sinal": 0.0, "feature": "microprice", "event": "ea.decisao_dry_run", "level": "info", "timestamp": "2026-09-25T04:28:41.580598Z"}
{"nome": "ea_microprice", "lado": -1, "entrada": 187155.0, "saida": 187170.0, "pnl_bruto": -15.0, "pnl_liquido": -19.0, "duracao_s": 0.45, "motivo": "stop", "imbalance_entrada": -0.607, "imbalance_saida": -0.795, "pnl_dia": -151.0, "bloqueado": null, "codigo": "replay:2026-09-10", "config_sha": "538457d8a0d0", "event": "ea.micro.saida", "level": "info", "timestamp": "2026-09-25T04:28:41.580657Z"}
{"acao": "vender", "motivo": "imbalance=-0.74 persistiu 300ms", "sinal": -0.739, "feature": "microprice", "event": "ea.decisao_dry_run", "level": "info", "timestamp": "2026-09-25T04:28:41.604379Z"}
{"nome": "ea_microprice", "lado": -1, "preco": 186920.0, "preco_topo": 186920.0, "imbalance": -0.739, "micro": 186920.65, "spread": 5.0, "codigo": "replay:2026-09-10", "config_sha": "538457d8a0d0", "event": "ea.micro.entrada", "level": "info", "timestamp": "2026-09-25T04:28:41.604464Z"}
{"acao": "zerar", "motivo": "alvo", "sinal": 0.0, "feature": "microprice", "event": "ea.decisao_dry_run", "level": "info", "timestamp": "2026-09-25T04:28:41.604589Z"}
{"nome": "ea_microprice", "lado": -1, "entrada": 186920.0, "saida": 186905.0, "pnl_bruto": 15.0, "pnl_liquido": 11.0, "duracao_s": 0.22, "motivo": "alvo", "imbalance_entrada": -0.739, "imbalance_saida": 0.0, "pnl_dia": -140.0, "bloqueado": null, "codigo": "replay:2026-09-10", "config_sha": "538457d8a0d0", "event": "ea.micro.saida", "level": "info", "timestamp": "2026-09-25T04:28:41.604647Z"}
{"acao": "vender", "motivo": "imbalance=-0.73 persistiu 300ms", "sinal": -0.727, "feature": "microprice", "event": "ea.decisao_dry_run", "level": "info", "timestamp": "2026-09-25T04:28:41.631049Z"}
{"nome": "ea_microprice", "lado": -1, "preco": 186960.0, "preco_topo": 186960.0, "imbalance": -0.727, "micro": 186960.68, "spread": 5.0, "codigo": "replay:2026-09-10", "config_sha": "538457d8a0d0", "event": "ea.micro.entrada", "level": "info", "timestamp": "2026-09-25T04:28:41.631132Z"}
{"acao": "zerar", "motivo": "imbalance_inverteu", "sinal": 0.0, "feature": "microprice", "event": "ea.decisao_dry_run", "level": "info", "timestamp": "2026-09-25T04:28:41.631568Z"}
{"nome": "ea_microprice", "lado": -1, "entrada": 186960.0, "saida": 186970.0, "pnl_bruto": -10.0, "pnl_liquido": -14.0, "duracao_s": 2.01, "motivo": "imbalance_inverteu", "imbalance_entrada": -0.727, "imbalance_saida": 0.731, "pnl_dia": -154.0, "bloqueado": null, "codigo": "replay:2026-09-10", "config_sha": "538457d8a0d0", "event": "ea.micro.saida", "level": "info", "timestamp": "2026-09-25T04:28:41.631631Z"}
{"acao": "vender", "motivo": "imbalance=-0.87 persistiu 300ms", "sinal": -0.871, "feature": "microprice", "event": "ea.decisao_dry_run", "level": "info", "timestamp": "2026-09-25T04:28:41.637686Z"}
{"nome": "ea_microprice", "lado": -1, "preco": 187090.0, "preco_topo": 187090.0, "imbalance": -0.871, "micro": 187090.32, "spread": 5.0, "codigo": "replay:2026-09-10", "config_sha": "538457d8a0d0", "event": "ea.micro.entrada", "level": "info", "timestamp": "2026-09-25T04:28:41.637751Z"}
{"acao": "zerar", "motivo": "alvo", "sinal": 0.0, "feature": "microprice", "event": "ea.decisao_dry_run", "level": "info", "timestamp": "2026-09-25T04:28:41.637921Z"}
{"nome": "ea_microprice", "lado": -1, "entrada": 187090.0, "saida": 187075.0, "pnl_bruto": 15.0, "pnl_liquido": 11.0, "duracao_s": 0.42, "motivo": "alvo", "imbalance_entrada": -0.871, "imbalance_saida": 0.263, "pnl_dia": -143.0, "bloqueado": null, "codigo": "replay:2026-09-10", "config_sha": "538457d8a0d0", "event": "ea.micro.saida", "level": "info", "timestamp": "2026-09-25T04:28:41.637981Z"}
{"acao": "vender", "motivo": "imbalance=-0.83 persistiu 300ms", "sinal": -0.828, "feature": "microprice", "event": "ea.decisao_dry_run", "level": "info", "timestamp": "2026-09-25T04:28:41.638726Z"}
{"nome": "ea_microprice", "lado": -1, "preco": 187055.0, "preco_topo": 187055.0, "imbalance": -0.828, "micro": 187055.43, "spread": 5.0, "codigo": "replay:2026-09-10", "config_sha": "538457d8a0d0", "event": "ea.micro.entrada", "level": "info", "timestamp": "2026-09-25T04:28:41.638781Z"}
{"acao": "zerar", "motivo": "stop", "sinal": 0.0, "feature": "microprice", "event": "ea.decisao_dry_run", "level": "info", "timestamp": "2026-09-25T04:28:41.639131Z"}
{"nome": "ea_microprice", "lado": -1, "entrada": 187055.0, "saida": 187070.0, "pnl_bruto": -15.0, "pnl_liquido": -19.0, "duracao_s": 2.12, "motivo": "stop", "imbalance_entrada": -0.828, "imbalance_saida": -0.535, "pnl_dia": -162.0, "bloqueado": null, "codigo": "replay:2026-09-10", "config_sha": "538457d8a0d0", "event": "ea.micro.saida", "level": "info", "timestamp": "2026-09-25T04:28:41.639190Z"}
{"acao": "vender", "motivo": "imbalance=-0.91 persistiu 300ms", "sinal": -0.913, "feature": "microprice", "event": "ea.decisao_dry_run", "level": "info", "timestamp": "2026-09-25T04:28:41.643877Z"}
{"nome": "ea_microprice", "lado": -1, "preco": 186970.0, "preco_topo": 186970.0, "imbalance": -0.913, "micro": 186970.22, "spread": 5.0, "codigo": "replay:2026-09-10", "config_sha": "538457d8a0d0", "event": "ea.micro.entrada", "level": "info", "timestamp": "2026-09-25T04:28:41.643940Z"}
{"acao": "zerar", "motivo": "stop", "sinal": 0.0, "feature": "microprice", "event": "ea.decisao_dry_run", "level": "info", "timestamp": "2026-09-25T04:28:41.644092Z"}
{"nome": "ea_microprice", "lado": -1, "entrada": 186970.0, "saida": 186985.0, "pnl_bruto": -15.0, "pnl_liquido": -19.0, "duracao_s": 0.43, "motivo": "stop", "imbalance_entrada": -0.913, "imbalance_saida": -0.388, "pnl_dia": -181.0, "bloqueado": null, "codigo": "replay:2026-09-10", "config_sha": "538457d8a0d0", "event": "ea.micro.saida", "level": "info", "timestamp": "2026-09-25T04:28:41.644150Z"}
{"acao": "comprar", "motivo": "imbalance=+0.67 persistiu 300ms", "sinal": 0.672, "feature": "microprice", "event": "ea.decisao_dry_run", "level": "info", "timestamp": "2026-09-25T04:28:41.645537Z"}
{"nome": "ea_microprice", "lado": 1, "preco": 186935.0, "preco_topo": 186935.0, "imbalance": 0.672, "micro": 186934.18, "spread": 5.0, "codigo": "replay:2026-09-10", "config_sha": "538457d8a0d0", "event": "ea.micro.entrada", "level": "info", "timestamp": "2026-09-25T04:28:41.645594Z"}
{"acao": "zerar", "motivo": "alvo", "sinal": 0.0, "feature": "microprice", "event": "ea.decisao_dry_run", "level": "info", "timestamp": "2026-09-25T04:28:41.645720Z"}
{"nome": "ea_microprice", "lado": 1, "entrada": 186935.0, "saida": 186960.0, "pnl_bruto": 25.0, "pnl_liquido": 21.0, "duracao_s": 0.34, "motivo": "alvo", "imbalance_entrada": 0.672, "imbalance_saida": -0.875, "pnl_dia": -160.0, "bloqueado": null, "codigo": "replay:2026-09-10", "config_sha": "538457d8a0d0", "event": "ea.micro.saida", "level": "info", "timestamp": "2026-09-25T04:28:41.645787Z"}
{"acao": "vender", "motivo": "imbalance=-0.61 persistiu 300ms", "sinal": -0.614, "feature": "microprice", "event": "ea.decisao_dry_run", "level": "info", "timestamp": "2026-09-25T04:28:41.646594Z"}
{"nome": "ea_microprice", "lado": -1, "preco": 186975.0, "preco_topo": 186975.0, "imbalance": -0.614, "micro": 186975.97, "spread": 5.0, "codigo": "replay:2026-09-10", "config_sha": "538457d8a0d0", "event": "ea.micro.entrada", "level": "info", "timestamp": "2026-09-25T04:28:41.646652Z"}
{"acao": "zerar", "motivo": "stop", "sinal": 0.0, "feature": "microprice", "event": "ea.decisao_dry_run", "level": "info", "timestamp": "2026-09-25T04:28:41.646990Z"}
{"nome": "ea_microprice", "lado": -1, "entrada": 186975.0, "saida": 186990.0, "pnl_bruto": -15.0, "pnl_liquido": -19.0, "duracao_s": 1.45, "motivo": "stop", "imbalance_entrada": -0.614, "imbalance_saida": -0.534, "pnl_dia": -179.0, "bloqueado": null, "codigo": "replay:2026-09-10", "config_sha": "538457d8a0d0", "event": "ea.micro.saida", "level": "info", "timestamp": "2026-09-25T04:28:41.647051Z"}
{"acao": "vender", "motivo": "imbalance=-0.97 persistiu 300ms", "sinal": -0.966, "feature": "microprice", "event": "ea.decisao_dry_run", "level": "info", "timestamp": "2026-09-25T04:28:41.647799Z"}
{"nome": "ea_microprice", "lado": -1, "preco": 187000.0, "preco_topo": 187000.0, "imbalance": -0.966, "micro": 187000.09, "spread": 5.0, "codigo": "replay:2026-09-10", "config_sha": "538457d8a0d0", "event": "ea.micro.entrada", "level": "info", "timestamp": "2026-09-25T04:28:41.647860Z"}
{"acao": "zerar", "motivo": "stop", "sinal": 0.0, "feature": "microprice", "event": "ea.decisao_dry_run", "level": "info", "timestamp": "2026-09-25T04:28:41.647956Z"}
{"nome": "ea_microprice", "lado": -1, "entrada": 187000.0, "saida": 187015.0, "pnl_bruto": -15.0, "pnl_liquido": -19.0, "duracao_s": 0.13, "motivo": "stop", "imbalance_entrada": -0.966, "imbalance_saida": -0.24, "pnl_dia": -198.0, "bloqueado": null, "codigo": "replay:2026-09-10", "config_sha": "538457d8a0d0", "event": "ea.micro.saida", "level": "info", "timestamp": "2026-09-25T04:28:41.648014Z"}
{"acao": "vender", "motivo": "imbalance=-0.87 persistiu 300ms", "sinal": -0.873, "feature": "microprice", "event": "ea.decisao_dry_run", "level": "info", "timestamp": "2026-09-25T04:28:41.650699Z"}
{"nome": "ea_microprice", "lado": -1, "preco": 187000.0, "preco_topo": 187000.0, "imbalance": -0.873, "micro": 187000.32, "spread": 5.0, "codigo": "replay:2026-09-10", "config_sha": "538457d8a0d0", "event": "ea.micro.entrada", "level": "info", "timestamp": "2026-09-25T04:28:41.650762Z"}
{"acao": "zerar", "motivo": "stop", "sinal": 0.0, "feature": "microprice", "event": "ea.decisao_dry_run", "level": "info", "timestamp": "2026-09-25T04:28:41.651181Z"}
{"nome": "ea_microprice", "lado": -1, "entrada": 187000.0, "saida": 187015.0, "pnl_bruto": -15.0, "pnl_liquido": -19.0, "duracao_s": 2.19, "motivo": "stop", "imbalance_entrada": -0.873, "imbalance_saida": -0.893, "pnl_dia": -217.0, "bloqueado": null, "codigo": "replay:2026-09-10", "config_sha": "538457d8a0d0", "event": "ea.micro.saida", "level": "info", "timestamp": "2026-09-25T04:28:41.651240Z"}
{"acao": "vender", "motivo": "imbalance=-0.81 persistiu 300ms", "sinal": -0.806, "feature": "microprice", "event": "ea.decisao_dry_run", "level": "info", "timestamp": "2026-09-25T04:28:41.653394Z"}
{"nome": "ea_microprice", "lado": -1, "preco": 187005.0, "preco_topo": 187005.0, "imbalance": -0.806, "micro": 187005.49, "spread": 5.0, "codigo": "replay:2026-09-10", "config_sha": "538457d8a0d0", "event": "ea.micro.entrada", "level": "info", "timestamp": "2026-09-25T04:28:41.653455Z"}
{"acao": "zerar", "motivo": "stop", "sinal": 0.0, "feature": "microprice", "event": "ea.decisao_dry_run", "level": "info", "timestamp": "2026-09-25T04:28:41.653665Z"}
{"nome": "ea_microprice", "lado": -1, "entrada": 187005.0, "saida": 187020.0, "pnl_bruto": -15.0, "pnl_liquido": -19.0, "duracao_s": 1.11, "motivo": "stop", "imbalance_entrada": -0.806, "imbalance_saida": 0.66, "pnl_dia": -236.0, "bloqueado": null, "codigo": "replay:2026-09-10", "config_sha": "538457d8a0d0", "event": "ea.micro.saida", "level": "info", "timestamp": "2026-09-25T04:28:41.653725Z"}
{"acao": "vender", "motivo": "imbalance=-0.61 persistiu 300ms", "sinal": -0.605, "feature": "microprice", "event": "ea.decisao_dry_run", "level": "info", "timestamp": "2026-09-25T04:28:41.655893Z"}
{"nome": "ea_microprice", "lado": -1, "preco": 187010.0, "preco_topo": 187010.0, "imbalance": -0.605, "micro": 187010.99, "spread": 5.0, "codigo": "replay:2026-09-10", "config_sha": "538457d8a0d0", "event": "ea.micro.entrada", "level": "info", "timestamp": "2026-09-25T04:28:41.655951Z"}
{"acao": "zerar", "motivo": "stop", "sinal": 0.0, "feature": "microprice", "event": "ea.decisao_dry_run", "level": "info", "timestamp": "2026-09-25T04:28:41.656103Z"}
{"nome": "ea_microprice", "lado": -1, "entrada": 187010.0, "saida": 187025.0, "pnl_bruto": -15.0, "pnl_liquido": -19.0, "duracao_s": 0.5, "motivo": "stop", "imbalance_entrada": -0.605, "imbalance_saida": -0.533, "pnl_dia": -255.0, "bloqueado": null, "codigo": "replay:2026-09-10", "config_sha": "538457d8a0d0", "event": "ea.micro.saida", "level": "info", "timestamp": "2026-09-25T04:28:41.656163Z"}
{"acao": "vender", "motivo": "imbalance=-0.72 persistiu 300ms", "sinal": -0.723, "feature": "microprice", "event": "ea.decisao_dry_run", "level": "info", "timestamp": "2026-09-25T04:28:41.660881Z"}
{"nome": "ea_microprice", "lado": -1, "preco": 186930.0, "preco_topo": 186930.0, "imbalance": -0.723, "micro": 186930.69, "spread": 5.0, "codigo": "replay:2026-09-10", "config_sha": "538457d8a0d0", "event": "ea.micro.entrada", "level": "info", "timestamp": "2026-09-25T04:28:41.660940Z"}
{"acao": "zerar", "motivo": "stop", "sinal": 0.0, "feature": "microprice", "event": "ea.decisao_dry_run", "level": "info", "timestamp": "2026-09-25T04:28:41.661047Z"}
{"nome": "ea_microprice", "lado": -1, "entrada": 186930.0, "saida": 186950.0, "pnl_bruto": -20.0, "pnl_liquido": -24.0, "duracao_s": 0.46, "motivo": "stop", "imbalance_entrada": -0.723, "imbalance_saida": -0.006, "pnl_dia": -279.0, "bloqueado": null, "codigo": "replay:2026-09-10", "config_sha": "538457d8a0d0", "event": "ea.micro.saida", "level": "info", "timestamp": "2026-09-25T04:28:41.661109Z"}
{"acao": "comprar", "motivo": "imbalance=+0.67 persistiu 300ms", "sinal": 0.667, "feature": "microprice", "event": "ea.decisao_dry_run", "level": "info", "timestamp": "2026-09-25T04:28:41.674717Z"}
{"nome": "ea_microprice", "lado": 1, "preco": 186830.0, "preco_topo": 186830.0, "imbalance": 0.667, "micro": 186829.17, "spread": 5.0, "codigo": "replay:2026-09-10", "config_sha": "538457d8a0d0", "event": "ea.micro.entrada", "level": "info", "timestamp": "2026-09-25T04:28:41.674785Z"}
{"acao": "zerar", "motivo": "imbalance_inverteu", "sinal": 0.0, "feature": "microprice", "event": "ea.decisao_dry_run", "level": "info", "timestamp": "2026-09-25T04:28:41.674932Z"}
{"nome": "ea_microprice", "lado": 1, "entrada": 186830.0, "saida": 186825.0, "pnl_bruto": -5.0, "pnl_liquido": -9.0, "duracao_s": 0.71, "motivo": "imbalance_inverteu", "imbalance_entrada": 0.667, "imbalance_saida": -0.418, "pnl_dia": -288.0, "bloqueado": null, "codigo": "replay:2026-09-10", "config_sha": "538457d8a0d0", "event": "ea.micro.saida", "level": "info", "timestamp": "2026-09-25T04:28:41.674991Z"}
{"acao": "vender", "motivo": "imbalance=-0.77 persistiu 300ms", "sinal": -0.77, "feature": "microprice", "event": "ea.decisao_dry_run", "level": "info", "timestamp": "2026-09-25T04:28:41.680800Z"}
{"nome": "ea_microprice", "lado": -1, "preco": 186845.0, "preco_topo": 186845.0, "imbalance": -0.77, "micro": 186845.57, "spread": 5.0, "codigo": "replay:2026-09-10", "config_sha": "538457d8a0d0", "event": "ea.micro.entrada", "level": "info", "timestamp": "2026-09-25T04:28:41.680890Z"}
{"acao": "zerar", "motivo": "stop", "sinal": 0.0, "feature": "microprice", "event": "ea.decisao_dry_run", "level": "info", "timestamp": "2026-09-25T04:28:41.681005Z"}
{"nome": "ea_microprice", "lado": -1, "entrada": 186845.0, "saida": 186860.0, "pnl_bruto": -15.0, "pnl_liquido": -19.0, "duracao_s": 0.23, "motivo": "stop", "imbalance_entrada": -0.77, "imbalance_saida": 0.796, "pnl_dia": -307.0, "bloqueado": "8 perdas seguidas", "codigo": "replay:2026-09-10", "config_sha": "538457d8a0d0", "event": "ea.micro.saida", "level": "info", "timestamp": "2026-09-25T04:28:41.681069Z"}
{"nome": "ea_microprice", "trades": 0, "sinais_sem_vaga": 0, "operacoes": 48, "pct_ganho": 37.5, "pnl_bruto_pts": -115.0, "pnl_liquido_pts": -307.0, "duracao_media_s": 1.07, "saidas": {"alvo": 15, "stop": 20, "imbalance_inverteu": 13}, "bloqueado": "8 perdas seguidas", "passivas": {}, "avaliacoes_filtradas": {"sem_livro": 86, "spread_largo": 53721, "livro_cruzado": 20497, "topo_raso": 2653, "fora_da_janela": 36, "cooldown": 10, "bloqueado": 13294}, "posicionado": false, "sonda": {"gatilhos": 3039, "suprimidos_refratario": 1645, "spread_medio_pts": 5.0, "h1s": {"n": 3039, "media_pts": 1.1, "pct_a_favor": 40.2, "pct_contra": 25.0}, "h5s": {"n": 3039, "media_pts": 1.5, "pct_a_favor": 47.0, "pct_contra": 38.0}, "h30s": {"n": 3039, "media_pts": 1.01, "pct_a_favor": 48.7, "pct_contra": 45.9}}, "codigo": "replay:2026-09-10", "config_sha": "538457d8a0d0", "event": "ea.micro.resumo", "level": "warning", "timestamp": "2026-09-25T04:28:47.438737Z"}
{"dia": "2026-09-10", "episodios": 43486, "aberto_no_fim": true, "dur_ms_p50": 0.0, "dur_ms_p90": 1.5, "dur_ms_p99": 14.0, "dur_ms_max": 228423.6, "pct_ate_50ms": 99.7, "amostras": [{"ts_ns": 1789041966903874900, "lado_atualizado": 0, "bid": 187290.0, "qb": 6, "ask": 187290.0, "qa": 9, "idade_outro_lado_ms": 25.1}, {"ts_ns": 1789041966954000700, "lado_atualizado": 0, "bid": 187300.0, "qb": 9, "ask": 187295.0, "qa": 4, "idade_outro_lado_ms": 49.8}, {"ts_ns": 1789041967064703500, "lado_atualizado": 0, "bid": 187290.0, "qb": 26, "ask": 187290.0, "qa": 9, "idade_outro_lado_ms": 6.5}, {"ts_ns": 1789041967159838600, "lado_atualizado": 0, "bid": 187300.0, "qb": 1, "ask": 187295.0, "qa": 23, "idade_outro_lado_ms": 64.3}, {"ts_ns": 1789041967269547800, "lado_atualizado": 0, "bid": 187300.0, "qb": 14, "ask": 187300.0, "qa": 27, "idade_outro_lado_ms": 16.1}, {"ts_ns": 1789041967498205600, "lado_atualizado": 0, "bid": 187305.0, "qb": 6, "ask": 187305.0, "qa": 25, "idade_outro_lado_ms": 88.4}, {"ts_ns": 1789041967581365500, "lado_atualizado": 0, "bid": 187305.0, "qb": 13, "ask": 187300.0, "qa": 10, "idade_outro_lado_ms": 23.5}, {"ts_ns": 1789041967606905800, "lado_atualizado": 0, "bid": 187310.0, "qb": 11, "ask": 187310.0, "qa": 13, "idade_outro_lado_ms": 25.1}, {"ts_ns": 1789041967639715800, "lado_atualizado": 0, "bid": 187315.0, "qb": 1, "ask": 187315.0, "qa": 24, "idade_outro_lado_ms": 0.1}, {"ts_ns": 1789041967803474100, "lado_atualizado": 0, "bid": 187320.0, "qb": 1, "ask": 187320.0, "qa": 8, "idade_outro_lado_ms": 43.5}], "event": "ea_micro_replay.cruzado", "level": "info", "timestamp": "2026-09-25T04:28:47.442292Z"}
{"i": 2, "n": 10, "dia": "2026-09-11", "eventos": 1390158, "event": "ea_micro_replay.dia", "level": "info", "timestamp": "2026-09-25T04:28:56.517785Z"}
{"nome": "ea_microprice", "symbol": "WINFUT", "dry_run": true, "sem_livro": false, "limiar": 0.6, "persistencia_ms": 300, "alvo_ticks": 3, "stop_ticks": 3, "codigo": "replay:2026-09-11", "config_sha": "538457d8a0d0", "event": "ea.micro.iniciado", "level": "warning", "timestamp": "2026-09-25T04:28:56.577583Z"}
{"acao": "comprar", "motivo": "imbalance=+0.91 persistiu 300ms", "sinal": 0.908, "feature": "microprice", "event": "ea.decisao_dry_run", "level": "info", "timestamp": "2026-09-25T04:28:56.579876Z"}
{"nome": "ea_microprice", "lado": 1, "preco": 189255.0, "preco_topo": 189255.0, "imbalance": 0.908, "micro": 189254.77, "spread": 5.0, "codigo": "replay:2026-09-11", "config_sha": "538457d8a0d0", "event": "ea.micro.entrada", "level": "info", "timestamp": "2026-09-25T04:28:56.580013Z"}
{"acao": "zerar", "motivo": "alvo", "sinal": 0.0, "feature": "microprice", "event": "ea.decisao_dry_run", "level": "info", "timestamp": "2026-09-25T04:28:56.580346Z"}
{"nome": "ea_microprice", "lado": 1, "entrada": 189255.0, "saida": 189275.0, "pnl_bruto": 20.0, "pnl_liquido": 16.0, "duracao_s": 1.68, "motivo": "alvo", "imbalance_entrada": 0.908, "imbalance_saida": -0.096, "pnl_dia": 16.0, "bloqueado": null, "codigo": "replay:2026-09-11", "config_sha": "538457d8a0d0", "event": "ea.micro.saida", "level": "info", "timestamp": "2026-09-25T04:28:56.580421Z"}
{"acao": "vender", "motivo": "imbalance=-0.66 persistiu 300ms", "sinal": -0.661, "feature": "microprice", "event": "ea.decisao_dry_run", "level": "info", "timestamp": "2026-09-25T04:28:56.587453Z"}
{"nome": "ea_microprice", "lado": -1, "preco": 189305.0, "preco_topo": 189305.0, "imbalance": -0.661, "micro": 189305.85, "spread": 5.0, "codigo": "replay:2026-09-11", "config_sha": "538457d8a0d0", "event": "ea.micro.entrada", "level": "info", "timestamp": "2026-09-25T04:28:56.587584Z"}
{"acao": "zerar", "motivo": "imbalance_inverteu", "sinal": 0.0, "feature": "microprice", "event": "ea.decisao_dry_run", "level": "info", "timestamp": "2026-09-25T04:28:56.587965Z"}
{"nome": "ea_microprice", "lado": -1, "entrada": 189305.0, "saida": 189310.0, "pnl_bruto": -5.0, "pnl_liquido": -9.0, "duracao_s": 2.55, "motivo": "imbalance_inverteu", "imbalance_entrada": -0.661, "imbalance_saida": 0.318, "pnl_dia": 7.0, "bloqueado": null, "codigo": "replay:2026-09-11", "config_sha": "538457d8a0d0", "event": "ea.micro.saida", "level": "info", "timestamp": "2026-09-25T04:28:56.588037Z"}
{"acao": "vender", "motivo": "imbalance=-0.74 persistiu 300ms", "sinal": -0.74, "feature": "microprice", "event": "ea.decisao_dry_run", "level": "info", "timestamp": "2026-09-25T04:28:56.590781Z"}
{"nome": "ea_microprice", "lado": -1, "preco": 189290.0, "preco_topo": 189290.0, "imbalance": -0.74, "micro": 189290.65, "spread": 5.0, "codigo": "replay:2026-09-11", "config_sha": "538457d8a0d0", "event": "ea.micro.entrada", "level": "info", "timestamp": "2026-09-25T04:28:56.590874Z"}
{"acao": "zerar", "motivo": "alvo", "sinal": 0.0, "feature": "microprice", "event": "ea.decisao_dry_run", "level": "info", "timestamp": "2026-09-25T04:28:56.590998Z"}
{"nome": "ea_microprice", "lado": -1, "entrada": 189290.0, "saida": 189275.0, "pnl_bruto": 15.0, "pnl_liquido": 11.0, "duracao_s": 0.37, "motivo": "alvo", "imbalance_entrada": -0.74, "imbalance_saida": 0.926, "pnl_dia": 18.0, "bloqueado": null, "codigo": "replay:2026-09-11", "config_sha": "538457d8a0d0", "event": "ea.micro.saida", "level": "info", "timestamp": "2026-09-25T04:28:56.591064Z"}
{"acao": "vender", "motivo": "imbalance=-0.87 persistiu 300ms", "sinal": -0.867, "feature": "microprice", "event": "ea.decisao_dry_run", "level": "info", "timestamp": "2026-09-25T04:28:56.592415Z"}
{"nome": "ea_microprice", "lado": -1, "preco": 189290.0, "preco_topo": 189290.0, "imbalance": -0.867, "micro": 189290.33, "spread": 5.0, "codigo": "replay:2026-09-11", "config_sha": "538457d8a0d0", "event": "ea.micro.entrada", "level": "info", "timestamp": "2026-09-25T04:28:56.592472Z"}
{"acao": "zerar", "motivo": "stop", "sinal": 0.0, "feature": "microprice", "event": "ea.decisao_dry_run", "level": "info", "timestamp": "2026-09-25T04:28:56.593001Z"}
{"nome": "ea_microprice", "lado": -1, "entrada": 189290.0, "saida": 189345.0, "pnl_bruto": -55.0, "pnl_liquido": -59.0, "duracao_s": 4.36, "motivo": "stop", "imbalance_entrada": -0.867, "imbalance_saida": -0.853, "pnl_dia": -41.0, "bloqueado": null, "codigo": "replay:2026-09-11", "config_sha": "538457d8a0d0", "event": "ea.micro.saida", "level": "info", "timestamp": "2026-09-25T04:28:56.593063Z"}
{"acao": "comprar", "motivo": "imbalance=+0.80 persistiu 300ms", "sinal": 0.797, "feature": "microprice", "event": "ea.decisao_dry_run", "level": "info", "timestamp": "2026-09-25T04:28:56.596354Z"}
{"nome": "ea_microprice", "lado": 1, "preco": 189315.0, "preco_topo": 189315.0, "imbalance": 0.797, "micro": 189314.49, "spread": 5.0, "codigo": "replay:2026-09-11", "config_sha": "538457d8a0d0", "event": "ea.micro.entrada", "level": "info", "timestamp": "2026-09-25T04:28:56.596419Z"}
{"acao": "zerar", "motivo": "alvo", "sinal": 0.0, "feature": "microprice", "event": "ea.decisao_dry_run", "level": "info", "timestamp": "2026-09-25T04:28:56.596573Z"}
{"nome": "ea_microprice", "lado": 1, "entrada": 189315.0, "saida": 189330.0, "pnl_bruto": 15.0, "pnl_liquido": 11.0, "duracao_s": 1.06, "motivo": "alvo", "imbalance_entrada": 0.797, "imbalance_saida": -0.48, "pnl_dia": -30.0, "bloqueado": null, "codigo": "replay:2026-09-11", "config_sha": "538457d8a0d0", "event": "ea.micro.saida", "level": "info", "timestamp": "2026-09-25T04:28:56.596631Z"}
{"acao": "vender", "motivo": "imbalance=-0.70 persistiu 300ms", "sinal": -0.7, "feature": "microprice", "event": "ea.decisao_dry_run", "level": "info", "timestamp": "2026-09-25T04:28:56.598198Z"}
{"nome": "ea_microprice", "lado": -1, "preco": 189355.0, "preco_topo": 189355.0, "imbalance": -0.7, "micro": 189355.75, "spread": 5.0, "codigo": "replay:2026-09-11", "config_sha": "538457d8a0d0", "event": "ea.micro.entrada", "level": "info", "timestamp": "2026-09-25T04:28:56.598254Z"}
{"acao": "zerar", "motivo": "stop", "sinal": 0.0, "feature": "microprice", "event": "ea.decisao_dry_run", "level": "info", "timestamp": "2026-09-25T04:28:56.598379Z"}
{"nome": "ea_microprice", "lado": -1, "entrada": 189355.0, "saida": 189370.0, "pnl_bruto": -15.0, "pnl_liquido": -19.0, "duracao_s": 0.8, "motivo": "stop", "imbalance_entrada": -0.7, "imbalance_saida": -0.241, "pnl_dia": -49.0, "bloqueado": null, "codigo": "replay:2026-09-11", "config_sha": "538457d8a0d0", "event": "ea.micro.saida", "level": "info", "timestamp": "2026-09-25T04:28:56.598437Z"}
{"acao": "comprar", "motivo": "imbalance=+0.94 persistiu 300ms", "sinal": 0.938, "feature": "microprice", "event": "ea.decisao_dry_run", "level": "info", "timestamp": "2026-09-25T04:28:56.600856Z"}
{"nome": "ea_microprice", "lado": 1, "preco": 189390.0, "preco_topo": 189390.0, "imbalance": 0.938, "micro": 189389.85, "spread": 5.0, "codigo": "replay:2026-09-11", "config_sha": "538457d8a0d0", "event": "ea.micro.entrada", "level": "info", "timestamp": "2026-09-25T04:28:56.600912Z"}
{"acao": "zerar", "motivo": "imbalance_inverteu", "sinal": 0.0, "feature": "microprice", "event": "ea.decisao_dry_run", "level": "info", "timestamp": "2026-09-25T04:28:56.601116Z"}
{"nome": "ea_microprice", "lado": 1, "entrada": 189390.0, "saida": 189395.0, "pnl_bruto": 5.0, "pnl_liquido": 1.0, "duracao_s": 1.06, "motivo": "imbalance_inverteu", "imbalance_entrada": 0.938, "imbalance_saida": -0.69, "pnl_dia": -48.0, "bloqueado": null, "codigo": "replay:2026-09-11", "config_sha": "538457d8a0d0", "event": "ea.micro.saida", "level": "info", "timestamp": "2026-09-25T04:28:56.601176Z"}
{"acao": "comprar", "motivo": "imbalance=+0.90 persistiu 300ms", "sinal": 0.9, "feature": "microprice", "event": "ea.decisao_dry_run", "level": "info", "timestamp": "2026-09-25T04:28:56.601562Z"}
{"nome": "ea_microprice", "lado": 1, "preco": 189420.0, "preco_topo": 189420.0, "imbalance": 0.9, "micro": 189419.75, "spread": 5.0, "codigo": "replay:2026-09-11", "config_sha": "538457d8a0d0", "event": "ea.micro.entrada", "level": "info", "timestamp": "2026-09-25T04:28:56.601614Z"}
{"acao": "zerar", "motivo": "stop", "sinal": 0.0, "feature": "microprice", "event": "ea.decisao_dry_run", "level": "info", "timestamp": "2026-09-25T04:28:56.601926Z"}
{"nome": "ea_microprice", "lado": 1, "entrada": 189420.0, "saida": 189405.0, "pnl_bruto": -15.0, "pnl_liquido": -19.0, "duracao_s": 1.38, "motivo": "stop", "imbalance_entrada": 0.9, "imbalance_saida": 0.153, "pnl_dia": -67.0, "bloqueado": null, "codigo": "replay:2026-09-11", "config_sha": "538457d8a0d0", "event": "ea.micro.saida", "level": "info", "timestamp": "2026-09-25T04:28:56.601983Z"}
{"acao": "comprar", "motivo": "imbalance=+0.79 persistiu 300ms", "sinal": 0.792, "feature": "microprice", "event": "ea.decisao_dry_run", "level": "info", "timestamp": "2026-09-25T04:28:56.604331Z"}
{"nome": "ea_microprice", "lado": 1, "preco": 189390.0, "preco_topo": 189390.0, "imbalance": 0.792, "micro": 189389.48, "spread": 5.0, "codigo": "replay:2026-09-11", "config_sha": "538457d8a0d0", "event": "ea.micro.entrada", "level": "info", "timestamp": "2026-09-25T04:28:56.604413Z"}
{"acao": "zerar", "motivo": "stop", "sinal": 0.0, "feature": "microprice", "event": "ea.decisao_dry_run", "level": "info", "timestamp": "2026-09-25T04:28:56.604501Z"}
{"nome": "ea_microprice", "lado": 1, "entrada": 189390.0, "saida": 189370.0, "pnl_bruto": -20.0, "pnl_liquido": -24.0, "duracao_s": 0.27, "motivo": "stop", "imbalance_entrada": 0.792, "imbalance_saida": 0.589, "pnl_dia": -91.0, "bloqueado": null, "codigo": "replay:2026-09-11", "config_sha": "538457d8a0d0", "event": "ea.micro.saida", "level": "info", "timestamp": "2026-09-25T04:28:56.604562Z"}
{"acao": "comprar", "motivo": "imbalance=+0.81 persistiu 300ms", "sinal": 0.814, "feature": "microprice", "event": "ea.decisao_dry_run", "level": "info", "timestamp": "2026-09-25T04:28:56.605333Z"}
{"nome": "ea_microprice", "lado": 1, "preco": 189390.0, "preco_topo": 189390.0, "imbalance": 0.814, "micro": 189389.53, "spread": 5.0, "codigo": "replay:2026-09-11", "config_sha": "538457d8a0d0", "event": "ea.micro.entrada", "level": "info", "timestamp": "2026-09-25T04:28:56.605388Z"}
{"acao": "zerar", "motivo": "stop", "sinal": 0.0, "feature": "microprice", "event": "ea.decisao_dry_run", "level": "info", "timestamp": "2026-09-25T04:28:56.605571Z"}
{"nome": "ea_microprice", "lado": 1, "entrada": 189390.0, "saida": 189375.0, "pnl_bruto": -15.0, "pnl_liquido": -19.0, "duracao_s": 1.05, "motivo": "stop", "imbalance_entrada": 0.814, "imbalance_saida": 0.263, "pnl_dia": -110.0, "bloqueado": null, "codigo": "replay:2026-09-11", "config_sha": "538457d8a0d0", "event": "ea.micro.saida", "level": "info", "timestamp": "2026-09-25T04:28:56.605629Z"}
{"acao": "comprar", "motivo": "imbalance=+0.64 persistiu 300ms", "sinal": 0.639, "feature": "microprice", "event": "ea.decisao_dry_run", "level": "info", "timestamp": "2026-09-25T04:28:56.607485Z"}
{"nome": "ea_microprice", "lado": 1, "preco": 189360.0, "preco_topo": 189360.0, "imbalance": 0.639, "micro": 189359.1, "spread": 5.0, "codigo": "replay:2026-09-11", "config_sha": "538457d8a0d0", "event": "ea.micro.entrada", "level": "info", "timestamp": "2026-09-25T04:28:56.607548Z"}
{"acao": "zerar", "motivo": "imbalance_inverteu", "sinal": 0.0, "feature": "microprice", "event": "ea.decisao_dry_run", "level": "info", "timestamp": "2026-09-25T04:28:56.607699Z"}
{"nome": "ea_microprice", "lado": 1, "entrada": 189360.0, "saida": 189360.0, "pnl_bruto": 0.0, "pnl_liquido": -4.0, "duracao_s": 0.74, "motivo": "imbalance_inverteu", "imbalance_entrada": 0.639, "imbalance_saida": -0.605, "pnl_dia": -114.0, "bloqueado": null, "codigo": "replay:2026-09-11", "config_sha": "538457d8a0d0", "event": "ea.micro.saida", "level": "info", "timestamp": "2026-09-25T04:28:56.607758Z"}
{"acao": "vender", "motivo": "imbalance=-0.93 persistiu 300ms", "sinal": -0.926, "feature": "microprice", "event": "ea.decisao_dry_run", "level": "info", "timestamp": "2026-09-25T04:28:56.610387Z"}
{"nome": "ea_microprice", "lado": -1, "preco": 189320.0, "preco_topo": 189320.0, "imbalance": -0.926, "micro": 189320.19, "spread": 5.0, "codigo": "replay:2026-09-11", "config_sha": "538457d8a0d0", "event": "ea.micro.entrada", "level": "info", "timestamp": "2026-09-25T04:28:56.610443Z"}
{"acao": "zerar", "motivo": "imbalance_inverteu", "sinal": 0.0, "feature": "microprice", "event": "ea.decisao_dry_run", "level": "info", "timestamp": "2026-09-25T04:28:56.610542Z"}
{"nome": "ea_microprice", "lado": -1, "entrada": 189320.0, "saida": 189315.0, "pnl_bruto": 5.0, "pnl_liquido": 1.0, "duracao_s": 0.53, "motivo": "imbalance_inverteu", "imbalance_entrada": -0.926, "imbalance_saida": 0.667, "pnl_dia": -113.0, "bloqueado": null, "codigo": "replay:2026-09-11", "config_sha": "538457d8a0d0", "event": "ea.micro.saida", "level": "info", "timestamp": "2026-09-25T04:28:56.610599Z"}
{"acao": "vender", "motivo": "imbalance=-0.98 persistiu 300ms", "sinal": -0.981, "feature": "microprice", "event": "ea.decisao_dry_run", "level": "info", "timestamp": "2026-09-25T04:28:56.610785Z"}
{"nome": "ea_microprice", "lado": -1, "preco": 189300.0, "preco_topo": 189300.0, "imbalance": -0.981, "micro": 189300.05, "spread": 5.0, "codigo": "replay:2026-09-11", "config_sha": "538457d8a0d0", "event": "ea.micro.entrada", "level": "info", "timestamp": "2026-09-25T04:28:56.610843Z"}
{"acao": "zerar", "motivo": "alvo", "sinal": 0.0, "feature": "microprice", "event": "ea.decisao_dry_run", "level": "info", "timestamp": "2026-09-25T04:28:56.610924Z"}
{"nome": "ea_microprice", "lado": -1, "entrada": 189300.0, "saida": 189230.0, "pnl_bruto": 70.0, "pnl_liquido": 66.0, "duracao_s": 1.6, "motivo": "alvo", "imbalance_entrada": -0.981, "imbalance_saida": 0.543, "pnl_dia": -47.0, "bloqueado": null, "codigo": "replay:2026-09-11", "config_sha": "538457d8a0d0", "event": "ea.micro.saida", "level": "info", "timestamp": "2026-09-25T04:28:56.610981Z"}
{"acao": "vender", "motivo": "imbalance=-0.94 persistiu 300ms", "sinal": -0.94, "feature": "microprice", "event": "ea.decisao_dry_run", "level": "info", "timestamp": "2026-09-25T04:28:56.612151Z"}
{"nome": "ea_microprice", "lado": -1, "preco": 189330.0, "preco_topo": 189330.0, "imbalance": -0.94, "micro": 189330.15, "spread": 5.0, "codigo": "replay:2026-09-11", "config_sha": "538457d8a0d0", "event": "ea.micro.entrada", "level": "info", "timestamp": "2026-09-25T04:28:56.612204Z"}
{"acao": "zerar", "motivo": "stop", "sinal": 0.0, "feature": "microprice", "event": "ea.decisao_dry_run", "level": "info", "timestamp": "2026-09-25T04:28:56.612282Z"}
{"nome": "ea_microprice", "lado": -1, "entrada": 189330.0, "saida": 189345.0, "pnl_bruto": -15.0, "pnl_liquido": -19.0, "duracao_s": 0.37, "motivo": "stop", "imbalance_entrada": -0.94, "imbalance_saida": -0.968, "pnl_dia": -66.0, "bloqueado": null, "codigo": "replay:2026-09-11", "config_sha": "538457d8a0d0", "event": "ea.micro.saida", "level": "info", "timestamp": "2026-09-25T04:28:56.612338Z"}
{"acao": "vender", "motivo": "imbalance=-0.78 persistiu 300ms", "sinal": -0.784, "feature": "microprice", "event": "ea.decisao_dry_run", "level": "info", "timestamp": "2026-09-25T04:28:56.614552Z"}
{"nome": "ea_microprice", "lado": -1, "preco": 189310.0, "preco_topo": 189310.0, "imbalance": -0.784, "micro": 189310.54, "spread": 5.0, "codigo": "replay:2026-09-11", "config_sha": "538457d8a0d0", "event": "ea.micro.entrada", "level": "info", "timestamp": "2026-09-25T04:28:56.614616Z"}
{"acao": "zerar", "motivo": "imbalance_inverteu", "sinal": 0.0, "feature": "microprice", "event": "ea.decisao_dry_run", "level": "info", "timestamp": "2026-09-25T04:28:56.614845Z"}
{"nome": "ea_microprice", "lado": -1, "entrada": 189310.0, "saida": 189320.0, "pnl_bruto": -10.0, "pnl_liquido": -14.0, "duracao_s": 1.51, "motivo": "imbalance_inverteu", "imbalance_entrada": -0.784, "imbalance_saida": 0.443, "pnl_dia": -80.0, "bloqueado": null, "codigo": "replay:2026-09-11", "config_sha": "538457d8a0d0", "event": "ea.micro.saida", "level": "info", "timestamp": "2026-09-25T04:28:56.614903Z"}
{"acao": "vender", "motivo": "imbalance=-0.79 persistiu 300ms", "sinal": -0.789, "feature": "microprice", "event": "ea.decisao_dry_run", "level": "info", "timestamp": "2026-09-25T04:28:56.616400Z"}
{"nome": "ea_microprice", "lado": -1, "preco": 189305.0, "preco_topo": 189305.0, "imbalance": -0.789, "micro": 189305.53, "spread": 5.0, "codigo": "replay:2026-09-11", "config_sha": "538457d8a0d0", "event": "ea.micro.entrada", "level": "info", "timestamp": "2026-09-25T04:28:56.616453Z"}
{"acao": "zerar", "motivo": "stop", "sinal": 0.0, "feature": "microprice", "event": "ea.decisao_dry_run", "level": "info", "timestamp": "2026-09-25T04:28:56.616629Z"}
{"nome": "ea_microprice", "lado": -1, "entrada": 189305.0, "saida": 189325.0, "pnl_bruto": -20.0, "pnl_liquido": -24.0, "duracao_s": 1.13, "motivo": "stop", "imbalance_entrada": -0.789, "imbalance_saida": 0.253, "pnl_dia": -104.0, "bloqueado": null, "codigo": "replay:2026-09-11", "config_sha": "538457d8a0d0", "event": "ea.micro.saida", "level": "info", "timestamp": "2026-09-25T04:28:56.616686Z"}
{"acao": "vender", "motivo": "imbalance=-0.65 persistiu 300ms", "sinal": -0.649, "feature": "microprice", "event": "ea.decisao_dry_run", "level": "info", "timestamp": "2026-09-25T04:28:56.617017Z"}
{"nome": "ea_microprice", "lado": -1, "preco": 189345.0, "preco_topo": 189345.0, "imbalance": -0.649, "micro": 189345.88, "spread": 5.0, "codigo": "replay:2026-09-11", "config_sha": "538457d8a0d0", "event": "ea.micro.entrada", "level": "info", "timestamp": "2026-09-25T04:28:56.617071Z"}
{"acao": "zerar", "motivo": "stop", "sinal": 0.0, "feature": "microprice", "event": "ea.decisao_dry_run", "level": "info", "timestamp": "2026-09-25T04:28:56.617160Z"}
{"nome": "ea_microprice", "lado": -1, "entrada": 189345.0, "saida": 189360.0, "pnl_bruto": -15.0, "pnl_liquido": -19.0, "duracao_s": 0.4, "motivo": "stop", "imbalance_entrada": -0.649, "imbalance_saida": -0.613, "pnl_dia": -123.0, "bloqueado": null, "codigo": "replay:2026-09-11", "config_sha": "538457d8a0d0", "event": "ea.micro.saida", "level": "info", "timestamp": "2026-09-25T04:28:56.617216Z"}
{"acao": "comprar", "motivo": "imbalance=+0.64 persistiu 300ms", "sinal": 0.644, "feature": "microprice", "event": "ea.decisao_dry_run", "level": "info", "timestamp": "2026-09-25T04:28:56.620359Z"}
{"nome": "ea_microprice", "lado": 1, "preco": 189440.0, "preco_topo": 189440.0, "imbalance": 0.644, "micro": 189439.11, "spread": 5.0, "codigo": "replay:2026-09-11", "config_sha": "538457d8a0d0", "event": "ea.micro.entrada", "level": "info", "timestamp": "2026-09-25T04:28:56.620422Z"}
{"acao": "zerar", "motivo": "stop", "sinal": 0.0, "feature": "microprice", "event": "ea.decisao_dry_run", "level": "info", "timestamp": "2026-09-25T04:28:56.620735Z"}
{"nome": "ea_microprice", "lado": 1, "entrada": 189440.0, "saida": 189425.0, "pnl_bruto": -15.0, "pnl_liquido": -19.0, "duracao_s": 1.72, "motivo": "stop", "imbalance_entrada": 0.644, "imbalance_saida": 0.646, "pnl_dia": -142.0, "bloqueado": null, "codigo": "replay:2026-09-11", "config_sha": "538457d8a0d0", "event": "ea.micro.saida", "level": "info", "timestamp": "2026-09-25T04:28:56.620793Z"}
{"acao": "comprar", "motivo": "imbalance=+0.78 persistiu 300ms", "sinal": 0.778, "feature": "microprice", "event": "ea.decisao_dry_run", "level": "info", "timestamp": "2026-09-25T04:28:56.621167Z"}
{"nome": "ea_microprice", "lado": 1, "preco": 189430.0, "preco_topo": 189430.0, "imbalance": 0.778, "micro": 189429.44, "spread": 5.0, "codigo": "replay:2026-09-11", "config_sha": "538457d8a0d0", "event": "ea.micro.entrada", "level": "info", "timestamp": "2026-09-25T04:28:56.621220Z"}
{"acao": "zerar", "motivo": "imbalance_inverteu", "sinal": 0.0, "feature": "microprice", "event": "ea.decisao_dry_run", "level": "info", "timestamp": "2026-09-25T04:28:56.621327Z"}
{"nome": "ea_microprice", "lado": 1, "entrada": 189430.0, "saida": 189425.0, "pnl_bruto": -5.0, "pnl_liquido": -9.0, "duracao_s": 0.55, "motivo": "imbalance_inverteu", "imbalance_entrada": 0.778, "imbalance_saida": -0.149, "pnl_dia": -151.0, "bloqueado": null, "codigo": "replay:2026-09-11", "config_sha": "538457d8a0d0", "event": "ea.micro.saida", "level": "info", "timestamp": "2026-09-25T04:28:56.621382Z"}
{"acao": "comprar", "motivo": "imbalance=+0.68 persistiu 300ms", "sinal": 0.684, "feature": "microprice", "event": "ea.decisao_dry_run", "level": "info", "timestamp": "2026-09-25T04:28:56.621758Z"}
{"nome": "ea_microprice", "lado": 1, "preco": 189445.0, "preco_topo": 189445.0, "imbalance": 0.684, "micro": 189444.21, "spread": 5.0, "codigo": "replay:2026-09-11", "config_sha": "538457d8a0d0", "event": "ea.micro.entrada", "level": "info", "timestamp": "2026-09-25T04:28:56.621810Z"}
{"acao": "zerar", "motivo": "alvo", "sinal": 0.0, "feature": "microprice", "event": "ea.decisao_dry_run", "level": "info", "timestamp": "2026-09-25T04:28:56.621912Z"}
{"nome": "ea_microprice", "lado": 1, "entrada": 189445.0, "saida": 189460.0, "pnl_bruto": 15.0, "pnl_liquido": 11.0, "duracao_s": 0.36, "motivo": "alvo", "imbalance_entrada": 0.684, "imbalance_saida": 0.433, "pnl_dia": -140.0, "bloqueado": null, "codigo": "replay:2026-09-11", "config_sha": "538457d8a0d0", "event": "ea.micro.saida", "level": "info", "timestamp": "2026-09-25T04:28:56.621968Z"}
{"acao": "comprar", "motivo": "imbalance=+1.00 persistiu 300ms", "sinal": 1.0, "feature": "microprice", "event": "ea.decisao_dry_run", "level": "info", "timestamp": "2026-09-25T04:28:56.624404Z"}
{"nome": "ea_microprice", "lado": 1, "preco": 189520.0, "preco_topo": 189520.0, "imbalance": 1.0, "micro": 189520.0, "spread": 5.0, "codigo": "replay:2026-09-11", "config_sha": "538457d8a0d0", "event": "ea.micro.entrada", "level": "info", "timestamp": "2026-09-25T04:28:56.624459Z"}
{"acao": "zerar", "motivo": "imbalance_inverteu", "sinal": 0.0, "feature": "microprice", "event": "ea.decisao_dry_run", "level": "info", "timestamp": "2026-09-25T04:28:56.624594Z"}
{"nome": "ea_microprice", "lado": 1, "entrada": 189520.0, "saida": 189520.0, "pnl_bruto": 0.0, "pnl_liquido": -4.0, "duracao_s": 0.36, "motivo": "imbalance_inverteu", "imbalance_entrada": 1.0, "imbalance_saida": -0.607, "pnl_dia": -144.0, "bloqueado": null, "codigo": "replay:2026-09-11", "config_sha": "538457d8a0d0", "event": "ea.micro.saida", "level": "info", "timestamp": "2026-09-25T04:28:56.624657Z"}
{"acao": "vender", "motivo": "imbalance=-0.65 persistiu 300ms", "sinal": -0.652, "feature": "microprice", "event": "ea.decisao_dry_run", "level": "info", "timestamp": "2026-09-25T04:28:56.625550Z"}
{"nome": "ea_microprice", "lado": -1, "preco": 189445.0, "preco_topo": 189445.0, "imbalance": -0.652, "micro": 189445.87, "spread": 5.0, "codigo": "replay:2026-09-11", "config_sha": "538457d8a0d0", "event": "ea.micro.entrada", "level": "info", "timestamp": "2026-09-25T04:28:56.625602Z"}
{"acao": "zerar", "motivo": "alvo", "sinal": 0.0, "feature": "microprice", "event": "ea.decisao_dry_run", "level": "info", "timestamp": "2026-09-25T04:28:56.625773Z"}
{"nome": "ea_microprice", "lado": -1, "entrada": 189445.0, "saida": 189425.0, "pnl_bruto": 20.0, "pnl_liquido": 16.0, "duracao_s": 1.4, "motivo": "alvo", "imbalance_entrada": -0.652, "imbalance_saida": -0.1, "pnl_dia": -128.0, "bloqueado": null, "codigo": "replay:2026-09-11", "config_sha": "538457d8a0d0", "event": "ea.micro.saida", "level": "info", "timestamp": "2026-09-25T04:28:56.625829Z"}
{"acao": "comprar", "motivo": "imbalance=+0.61 persistiu 300ms", "sinal": 0.614, "feature": "microprice", "event": "ea.decisao_dry_run", "level": "info", "timestamp": "2026-09-25T04:28:56.632826Z"}
{"nome": "ea_microprice", "lado": 1, "preco": 189445.0, "preco_topo": 189445.0, "imbalance": 0.614, "micro": 189444.04, "spread": 5.0, "codigo": "replay:2026-09-11", "config_sha": "538457d8a0d0", "event": "ea.micro.entrada", "level": "info", "timestamp": "2026-09-25T04:28:56.632941Z"}
{"acao": "zerar", "motivo": "imbalance_inverteu", "sinal": 0.0, "feature": "microprice", "event": "ea.decisao_dry_run", "level": "info", "timestamp": "2026-09-25T04:28:56.633104Z"}
{"nome": "ea_microprice", "lado": 1, "entrada": 189445.0, "saida": 189450.0, "pnl_bruto": 5.0, "pnl_liquido": 1.0, "duracao_s": 0.39, "motivo": "imbalance_inverteu", "imbalance_entrada": 0.614, "imbalance_saida": -0.091, "pnl_dia": -127.0, "bloqueado": null, "codigo": "replay:2026-09-11", "config_sha": "538457d8a0d0", "event": "ea.micro.saida", "level": "info", "timestamp": "2026-09-25T04:28:56.633178Z"}
{"acao": "comprar", "motivo": "imbalance=+0.87 persistiu 300ms", "sinal": 0.869, "feature": "microprice", "event": "ea.decisao_dry_run", "level": "info", "timestamp": "2026-09-25T04:28:56.635683Z"}
{"nome": "ea_microprice", "lado": 1, "preco": 189430.0, "preco_topo": 189430.0, "imbalance": 0.869, "micro": 189429.67, "spread": 5.0, "codigo": "replay:2026-09-11", "config_sha": "538457d8a0d0", "event": "ea.micro.entrada", "level": "info", "timestamp": "2026-09-25T04:28:56.635749Z"}
{"acao": "zerar", "motivo": "imbalance_inverteu", "sinal": 0.0, "feature": "microprice", "event": "ea.decisao_dry_run", "level": "info", "timestamp": "2026-09-25T04:28:56.635918Z"}
{"nome": "ea_microprice", "lado": 1, "entrada": 189430.0, "saida": 189425.0, "pnl_bruto": -5.0, "pnl_liquido": -9.0, "duracao_s": 0.44, "motivo": "imbalance_inverteu", "imbalance_entrada": 0.869, "imbalance_saida": -0.3, "pnl_dia": -136.0, "bloqueado": null, "codigo": "replay:2026-09-11", "config_sha": "538457d8a0d0", "event": "ea.micro.saida", "level": "info", "timestamp": "2026-09-25T04:28:56.635992Z"}
{"acao": "comprar", "motivo": "imbalance=+0.84 persistiu 300ms", "sinal": 0.838, "feature": "microprice", "event": "ea.decisao_dry_run", "level": "info", "timestamp": "2026-09-25T04:28:56.639021Z"}
{"nome": "ea_microprice", "lado": 1, "preco": 190025.0, "preco_topo": 190025.0, "imbalance": 0.838, "micro": 190024.59, "spread": 5.0, "codigo": "replay:2026-09-11", "config_sha": "538457d8a0d0", "event": "ea.micro.entrada", "level": "info", "timestamp": "2026-09-25T04:28:56.639084Z"}
{"acao": "zerar", "motivo": "stop", "sinal": 0.0, "feature": "microprice", "event": "ea.decisao_dry_run", "level": "info", "timestamp": "2026-09-25T04:28:56.639169Z"}
{"nome": "ea_microprice", "lado": 1, "entrada": 190025.0, "saida": 190010.0, "pnl_bruto": -15.0, "pnl_liquido": -19.0, "duracao_s": 0.16, "motivo": "stop", "imbalance_entrada": 0.838, "imbalance_saida": 0.652, "pnl_dia": -155.0, "bloqueado": null, "codigo": "replay:2026-09-11", "config_sha": "538457d8a0d0", "event": "ea.micro.saida", "level": "info", "timestamp": "2026-09-25T04:28:56.639233Z"}
{"acao": "vender", "motivo": "imbalance=-0.67 persistiu 300ms", "sinal": -0.673, "feature": "microprice", "event": "ea.decisao_dry_run", "level": "info", "timestamp": "2026-09-25T04:28:56.639688Z"}
{"nome": "ea_microprice", "lado": -1, "preco": 189990.0, "preco_topo": 189990.0, "imbalance": -0.673, "micro": 189990.82, "spread": 5.0, "codigo": "replay:2026-09-11", "config_sha": "538457d8a0d0", "event": "ea.micro.entrada", "level": "info", "timestamp": "2026-09-25T04:28:56.639751Z"}
{"acao": "zerar", "motivo": "imbalance_inverteu", "sinal": 0.0, "feature": "microprice", "event": "ea.decisao_dry_run", "level": "info", "timestamp": "2026-09-25T04:28:56.639999Z"}
{"nome": "ea_microprice", "lado": -1, "entrada": 189990.0, "saida": 189990.0, "pnl_bruto": -0.0, "pnl_liquido": -4.0, "duracao_s": 1.32, "motivo": "imbalance_inverteu", "imbalance_entrada": -0.673, "imbalance_saida": 0.048, "pnl_dia": -159.0, "bloqueado": null, "codigo": "replay:2026-09-11", "config_sha": "538457d8a0d0", "event": "ea.micro.saida", "level": "info", "timestamp": "2026-09-25T04:28:56.640069Z"}
{"acao": "vender", "motivo": "imbalance=-0.70 persistiu 300ms", "sinal": -0.704, "feature": "microprice", "event": "ea.decisao_dry_run", "level": "info", "timestamp": "2026-09-25T04:28:56.641274Z"}
{"nome": "ea_microprice", "lado": -1, "preco": 190315.0, "preco_topo": 190315.0, "imbalance": -0.704, "micro": 190315.74, "spread": 5.0, "codigo": "replay:2026-09-11", "config_sha": "538457d8a0d0", "event": "ea.micro.entrada", "level": "info", "timestamp": "2026-09-25T04:28:56.641334Z"}
{"acao": "zerar", "motivo": "imbalance_inverteu", "sinal": 0.0, "feature": "microprice", "event": "ea.decisao_dry_run", "level": "info", "timestamp": "2026-09-25T04:28:56.641444Z"}
{"nome": "ea_microprice", "lado": -1, "entrada": 190315.0, "saida": 190320.0, "pnl_bruto": -5.0, "pnl_liquido": -9.0, "duracao_s": 0.41, "motivo": "imbalance_inverteu", "imbalance_entrada": -0.704, "imbalance_saida": 0.062, "pnl_dia": -168.0, "bloqueado": null, "codigo": "replay:2026-09-11", "config_sha": "538457d8a0d0", "event": "ea.micro.saida", "level": "info", "timestamp": "2026-09-25T04:28:56.641508Z"}
{"acao": "vender", "motivo": "imbalance=-0.61 persistiu 300ms", "sinal": -0.608, "feature": "microprice", "event": "ea.decisao_dry_run", "level": "info", "timestamp": "2026-09-25T04:28:56.645795Z"}
{"nome": "ea_microprice", "lado": -1, "preco": 190195.0, "preco_topo": 190195.0, "imbalance": -0.608, "micro": 190195.98, "spread": 5.0, "codigo": "replay:2026-09-11", "config_sha": "538457d8a0d0", "event": "ea.micro.entrada", "level": "info", "timestamp": "2026-09-25T04:28:56.645867Z"}
{"acao": "zerar", "motivo": "stop", "sinal": 0.0, "feature": "microprice", "event": "ea.decisao_dry_run", "level": "info", "timestamp": "2026-09-25T04:28:56.646253Z"}
{"nome": "ea_microprice", "lado": -1, "entrada": 190195.0, "saida": 190215.0, "pnl_bruto": -20.0, "pnl_liquido": -24.0, "duracao_s": 1.55, "motivo": "stop", "imbalance_entrada": -0.608, "imbalance_saida": -0.39, "pnl_dia": -192.0, "bloqueado": null, "codigo": "replay:2026-09-11", "config_sha": "538457d8a0d0", "event": "ea.micro.saida", "level": "info", "timestamp": "2026-09-25T04:28:56.646317Z"}
{"acao": "vender", "motivo": "imbalance=-0.93 persistiu 300ms", "sinal": -0.932, "feature": "microprice", "event": "ea.decisao_dry_run", "level": "info", "timestamp": "2026-09-25T04:28:56.652531Z"}
{"nome": "ea_microprice", "lado": -1, "preco": 190295.0, "preco_topo": 190295.0, "imbalance": -0.932, "micro": 190295.17, "spread": 5.0, "codigo": "replay:2026-09-11", "config_sha": "538457d8a0d0", "event": "ea.micro.entrada", "level": "info", "timestamp": "2026-09-25T04:28:56.652595Z"}
{"acao": "zerar", "motivo": "stop", "sinal": 0.0, "feature": "microprice", "event": "ea.decisao_dry_run", "level": "info", "timestamp": "2026-09-25T04:28:56.652737Z"}
{"nome": "ea_microprice", "lado": -1, "entrada": 190295.0, "saida": 190325.0, "pnl_bruto": -30.0, "pnl_liquido": -34.0, "duracao_s": 0.81, "motivo": "stop", "imbalance_entrada": -0.932, "imbalance_saida": -0.684, "pnl_dia": -226.0, "bloqueado": null, "codigo": "replay:2026-09-11", "config_sha": "538457d8a0d0", "event": "ea.micro.saida", "level": "info", "timestamp": "2026-09-25T04:28:56.652801Z"}
{"acao": "vender", "motivo": "imbalance=-0.92 persistiu 300ms", "sinal": -0.92, "feature": "microprice", "event": "ea.decisao_dry_run", "level": "info", "timestamp": "2026-09-25T04:28:56.655319Z"}
{"nome": "ea_microprice", "lado": -1, "preco": 190430.0, "preco_topo": 190430.0, "imbalance": -0.92, "micro": 190430.2, "spread": 5.0, "codigo": "replay:2026-09-11", "config_sha": "538457d8a0d0", "event": "ea.micro.entrada", "level": "info", "timestamp": "2026-09-25T04:28:56.655380Z"}
{"acao": "zerar", "motivo": "imbalance_inverteu", "sinal": 0.0, "feature": "microprice", "event": "ea.decisao_dry_run", "level": "info", "timestamp": "2026-09-25T04:28:56.655560Z"}
{"nome": "ea_microprice", "lado": -1, "entrada": 190430.0, "saida": 190435.0, "pnl_bruto": -5.0, "pnl_liquido": -9.0, "duracao_s": 0.79, "motivo": "imbalance_inverteu", "imbalance_entrada": -0.92, "imbalance_saida": 0.053, "pnl_dia": -235.0, "bloqueado": null, "codigo": "replay:2026-09-11", "config_sha": "538457d8a0d0", "event": "ea.micro.saida", "level": "info", "timestamp": "2026-09-25T04:28:56.655630Z"}
{"acao": "comprar", "motivo": "imbalance=+0.71 persistiu 300ms", "sinal": 0.707, "feature": "microprice", "event": "ea.decisao_dry_run", "level": "info", "timestamp": "2026-09-25T04:28:56.657694Z"}
{"nome": "ea_microprice", "lado": 1, "preco": 190205.0, "preco_topo": 190205.0, "imbalance": 0.707, "micro": 190204.27, "spread": 5.0, "codigo": "replay:2026-09-11", "config_sha": "538457d8a0d0", "event": "ea.micro.entrada", "level": "info", "timestamp": "2026-09-25T04:28:56.657755Z"}
{"acao": "zerar", "motivo": "imbalance_inverteu", "sinal": 0.0, "feature": "microprice", "event": "ea.decisao_dry_run", "level": "info", "timestamp": "2026-09-25T04:28:56.657977Z"}
{"nome": "ea_microprice", "lado": 1, "entrada": 190205.0, "saida": 190195.0, "pnl_bruto": -10.0, "pnl_liquido": -14.0, "duracao_s": 1.55, "motivo": "imbalance_inverteu", "imbalance_entrada": 0.707, "imbalance_saida": -0.094, "pnl_dia": -249.0, "bloqueado": "8 perdas seguidas", "codigo": "replay:2026-09-11", "config_sha": "538457d8a0d0", "event": "ea.micro.saida", "level": "info", "timestamp": "2026-09-25T04:28:56.658042Z"}
{"nome": "ea_microprice", "trades": 0, "sinais_sem_vaga": 0, "operacoes": 31, "pct_ganho": 29.0, "pnl_bruto_pts": -125.0, "pnl_liquido_pts": -249.0, "duracao_media_s": 1.05, "saidas": {"alvo": 6, "imbalance_inverteu": 13, "stop": 12}, "bloqueado": "8 perdas seguidas", "passivas": {}, "avaliacoes_filtradas": {"sem_livro": 101, "spread_largo": 39696, "livro_cruzado": 15566, "topo_raso": 2673, "cooldown": 5, "bloqueado": 13528}, "posicionado": false, "sonda": {"gatilhos": 2999, "suprimidos_refratario": 1663, "spread_medio_pts": 5.0, "h1s": {"n": 2999, "media_pts": 1.14, "pct_a_favor": 38.5, "pct_contra": 21.7}, "h5s": {"n": 2999, "media_pts": 1.04, "pct_a_favor": 45.8, "pct_contra": 37.7}, "h30s": {"n": 2999, "media_pts": 0.68, "pct_a_favor": 47.7, "pct_contra": 46.4}}, "codigo": "replay:2026-09-11", "config_sha": "538457d8a0d0", "event": "ea.micro.resumo", "level": "warning", "timestamp": "2026-09-25T04:29:00.944493Z"}
{"dia": "2026-09-11", "episodios": 28338, "aberto_no_fim": true, "dur_ms_p50": 0.1, "dur_ms_p90": 2.0, "dur_ms_p99": 21.5, "dur_ms_max": 217736.9, "pct_ate_50ms": 99.5, "amostras": [{"ts_ns": 1789131038096808500, "lado_atualizado": 0, "bid": 189270.0, "qb": 4, "ask": 189270.0, "qa": 41, "idade_outro_lado_ms": 116.7}, {"ts_ns": 1789131039201867000, "lado_atualizado": 0, "bid": 189270.0, "qb": 32, "ask": 189265.0, "qa": 46, "idade_outro_lado_ms": 180.5}, {"ts_ns": 1789131039402562000, "lado_atualizado": 0, "bid": 189275.0, "qb": 1, "ask": 189275.0, "qa": 32, "idade_outro_lado_ms": 0.5}, {"ts_ns": 1789131039901716700, "lado_atualizado": 0, "bid": 189270.0, "qb": 4, "ask": 189270.0, "qa": 15, "idade_outro_lado_ms": 1.3}, {"ts_ns": 1789131040249327200, "lado_atualizado": 0, "bid": 189275.0, "qb": 6, "ask": 189275.0, "qa": 79, "idade_outro_lado_ms": 345.0}, {"ts_ns": 1789131040407026300, "lado_atualizado": 0, "bid": 189275.0, "qb": 43, "ask": 189275.0, "qa": 9, "idade_outro_lado_ms": 0.4}, {"ts_ns": 1789131040701141100, "lado_atualizado": 0, "bid": 189275.0, "qb": 48, "ask": 189275.0, "qa": 39, "idade_outro_lado_ms": 127.0}, {"ts_ns": 1789131040915057500, "lado_atualizado": 0, "bid": 189270.0, "qb": 16, "ask": 189270.0, "qa": 6, "idade_outro_lado_ms": 97.4}, {"ts_ns": 1789131041336781800, "lado_atualizado": 0, "bid": 189280.0, "qb": 1, "ask": 189275.0, "qa": 37, "idade_outro_lado_ms": 155.0}, {"ts_ns": 1789131042273207500, "lado_atualizado": 0, "bid": 189285.0, "qb": 45, "ask": 189285.0, "qa": 36, "idade_outro_lado_ms": 85.9}], "event": "ea_micro_replay.cruzado", "level": "info", "timestamp": "2026-09-25T04:29:00.947720Z"}
{"i": 3, "n": 10, "dia": "2026-09-14", "eventos": 1618244, "event": "ea_micro_replay.dia", "level": "info", "timestamp": "2026-09-25T04:29:08.217823Z"}
{"nome": "ea_microprice", "symbol": "WINFUT", "dry_run": true, "sem_livro": false, "limiar": 0.6, "persistencia_ms": 300, "alvo_ticks": 3, "stop_ticks": 3, "codigo": "replay:2026-09-14", "config_sha": "538457d8a0d0", "event": "ea.micro.iniciado", "level": "warning", "timestamp": "2026-09-25T04:29:08.285219Z"}
{"acao": "comprar", "motivo": "imbalance=+0.65 persistiu 300ms", "sinal": 0.647, "feature": "microprice", "event": "ea.decisao_dry_run", "level": "info", "timestamp": "2026-09-25T04:29:08.428089Z"}
{"nome": "ea_microprice", "lado": 1, "preco": 185350.0, "preco_topo": 185350.0, "imbalance": 0.647, "micro": 185349.12, "spread": 5.0, "codigo": "replay:2026-09-14", "config_sha": "538457d8a0d0", "event": "ea.micro.entrada", "level": "info", "timestamp": "2026-09-25T04:29:08.428255Z"}
{"acao": "zerar", "motivo": "stop", "sinal": 0.0, "feature": "microprice", "event": "ea.decisao_dry_run", "level": "info", "timestamp": "2026-09-25T04:29:08.428404Z"}
{"nome": "ea_microprice", "lado": 1, "entrada": 185350.0, "saida": 185335.0, "pnl_bruto": -15.0, "pnl_liquido": -19.0, "duracao_s": 0.14, "motivo": "stop", "imbalance_entrada": 0.647, "imbalance_saida": 0.326, "pnl_dia": -19.0, "bloqueado": null, "codigo": "replay:2026-09-14", "config_sha": "538457d8a0d0", "event": "ea.micro.saida", "level": "info", "timestamp": "2026-09-25T04:29:08.428486Z"}
{"acao": "comprar", "motivo": "imbalance=+0.61 persistiu 300ms", "sinal": 0.61, "feature": "microprice", "event": "ea.decisao_dry_run", "level": "info", "timestamp": "2026-09-25T04:29:08.429878Z"}
{"nome": "ea_microprice", "lado": 1, "preco": 185320.0, "preco_topo": 185320.0, "imbalance": 0.61, "micro": 185319.02, "spread": 5.0, "codigo": "replay:2026-09-14", "config_sha": "538457d8a0d0", "event": "ea.micro.entrada", "level": "info", "timestamp": "2026-09-25T04:29:08.429945Z"}
{"acao": "zerar", "motivo": "stop", "sinal": 0.0, "feature": "microprice", "event": "ea.decisao_dry_run", "level": "info", "timestamp": "2026-09-25T04:29:08.430148Z"}
{"nome": "ea_microprice", "lado": 1, "entrada": 185320.0, "saida": 185305.0, "pnl_bruto": -15.0, "pnl_liquido": -19.0, "duracao_s": 0.61, "motivo": "stop", "imbalance_entrada": 0.61, "imbalance_saida": 0.111, "pnl_dia": -38.0, "bloqueado": null, "codigo": "replay:2026-09-14", "config_sha": "538457d8a0d0", "event": "ea.micro.saida", "level": "info", "timestamp": "2026-09-25T04:29:08.430215Z"}
{"acao": "comprar", "motivo": "imbalance=+0.63 persistiu 300ms", "sinal": 0.634, "feature": "microprice", "event": "ea.decisao_dry_run", "level": "info", "timestamp": "2026-09-25T04:29:08.435663Z"}
{"nome": "ea_microprice", "lado": 1, "preco": 185315.0, "preco_topo": 185315.0, "imbalance": 0.634, "micro": 185314.08, "spread": 5.0, "codigo": "replay:2026-09-14", "config_sha": "538457d8a0d0", "event": "ea.micro.entrada", "level": "info", "timestamp": "2026-09-25T04:29:08.435755Z"}
{"acao": "zerar", "motivo": "stop", "sinal": 0.0, "feature": "microprice", "event": "ea.decisao_dry_run", "level": "info", "timestamp": "2026-09-25T04:29:08.436100Z"}
{"nome": "ea_microprice", "lado": 1, "entrada": 185315.0, "saida": 185300.0, "pnl_bruto": -15.0, "pnl_liquido": -19.0, "duracao_s": 1.25, "motivo": "stop", "imbalance_entrada": 0.634, "imbalance_saida": -0.61, "pnl_dia": -57.0, "bloqueado": null, "codigo": "replay:2026-09-14", "config_sha": "538457d8a0d0", "event": "ea.micro.saida", "level": "info", "timestamp": "2026-09-25T04:29:08.436168Z"}
{"acao": "comprar", "motivo": "imbalance=+0.72 persistiu 300ms", "sinal": 0.724, "feature": "microprice", "event": "ea.decisao_dry_run", "level": "info", "timestamp": "2026-09-25T04:29:08.441585Z"}
{"nome": "ea_microprice", "lado": 1, "preco": 185320.0, "preco_topo": 185320.0, "imbalance": 0.724, "micro": 185319.31, "spread": 5.0, "codigo": "replay:2026-09-14", "config_sha": "538457d8a0d0", "event": "ea.micro.entrada", "level": "info", "timestamp": "2026-09-25T04:29:08.441655Z"}
{"acao": "zerar", "motivo": "stop", "sinal": 0.0, "feature": "microprice", "event": "ea.decisao_dry_run", "level": "info", "timestamp": "2026-09-25T04:29:08.441988Z"}
{"nome": "ea_microprice", "lado": 1, "entrada": 185320.0, "saida": 185305.0, "pnl_bruto": -15.0, "pnl_liquido": -19.0, "duracao_s": 0.82, "motivo": "stop", "imbalance_entrada": 0.724, "imbalance_saida": 0.992, "pnl_dia": -76.0, "bloqueado": null, "codigo": "replay:2026-09-14", "config_sha": "538457d8a0d0", "event": "ea.micro.saida", "level": "info", "timestamp": "2026-09-25T04:29:08.442057Z"}
{"acao": "comprar", "motivo": "imbalance=+0.79 persistiu 300ms", "sinal": 0.787, "feature": "microprice", "event": "ea.decisao_dry_run", "level": "info", "timestamp": "2026-09-25T04:29:08.457072Z"}
{"nome": "ea_microprice", "lado": 1, "preco": 185340.0, "preco_topo": 185340.0, "imbalance": 0.787, "micro": 185339.47, "spread": 5.0, "codigo": "replay:2026-09-14", "config_sha": "538457d8a0d0", "event": "ea.micro.entrada", "level": "info", "timestamp": "2026-09-25T04:29:08.457163Z"}
{"acao": "zerar", "motivo": "stop", "sinal": 0.0, "feature": "microprice", "event": "ea.decisao_dry_run", "level": "info", "timestamp": "2026-09-25T04:29:08.457402Z"}
{"nome": "ea_microprice", "lado": 1, "entrada": 185340.0, "saida": 185310.0, "pnl_bruto": -30.0, "pnl_liquido": -34.0, "duracao_s": 1.15, "motivo": "stop", "imbalance_entrada": 0.787, "imbalance_saida": 0.814, "pnl_dia": -110.0, "bloqueado": null, "codigo": "replay:2026-09-14", "config_sha": "538457d8a0d0", "event": "ea.micro.saida", "level": "info", "timestamp": "2026-09-25T04:29:08.457468Z"}
{"acao": "comprar", "motivo": "imbalance=+0.77 persistiu 300ms", "sinal": 0.771, "feature": "microprice", "event": "ea.decisao_dry_run", "level": "info", "timestamp": "2026-09-25T04:29:08.471491Z"}
{"nome": "ea_microprice", "lado": 1, "preco": 185430.0, "preco_topo": 185430.0, "imbalance": 0.771, "micro": 185429.43, "spread": 5.0, "codigo": "replay:2026-09-14", "config_sha": "538457d8a0d0", "event": "ea.micro.entrada", "level": "info", "timestamp": "2026-09-25T04:29:08.471584Z"}
{"acao": "zerar", "motivo": "imbalance_inverteu", "sinal": 0.0, "feature": "microprice", "event": "ea.decisao_dry_run", "level": "info", "timestamp": "2026-09-25T04:29:08.471767Z"}
{"nome": "ea_microprice", "lado": 1, "entrada": 185430.0, "saida": 185430.0, "pnl_bruto": 0.0, "pnl_liquido": -4.0, "duracao_s": 0.63, "motivo": "imbalance_inverteu", "imbalance_entrada": 0.771, "imbalance_saida": -0.825, "pnl_dia": -114.0, "bloqueado": null, "codigo": "replay:2026-09-14", "config_sha": "538457d8a0d0", "event": "ea.micro.saida", "level": "info", "timestamp": "2026-09-25T04:29:08.471839Z"}
{"acao": "vender", "motivo": "imbalance=-0.85 persistiu 300ms", "sinal": -0.852, "feature": "microprice", "event": "ea.decisao_dry_run", "level": "info", "timestamp": "2026-09-25T04:29:08.482221Z"}
{"nome": "ea_microprice", "lado": -1, "preco": 185370.0, "preco_topo": 185370.0, "imbalance": -0.852, "micro": 185370.37, "spread": 5.0, "codigo": "replay:2026-09-14", "config_sha": "538457d8a0d0", "event": "ea.micro.entrada", "level": "info", "timestamp": "2026-09-25T04:29:08.482301Z"}
{"acao": "zerar", "motivo": "stop", "sinal": 0.0, "feature": "microprice", "event": "ea.decisao_dry_run", "level": "info", "timestamp": "2026-09-25T04:29:08.482479Z"}
{"nome": "ea_microprice", "lado": -1, "entrada": 185370.0, "saida": 185385.0, "pnl_bruto": -15.0, "pnl_liquido": -19.0, "duracao_s": 1.08, "motivo": "stop", "imbalance_entrada": -0.852, "imbalance_saida": -0.31, "pnl_dia": -133.0, "bloqueado": null, "codigo": "replay:2026-09-14", "config_sha": "538457d8a0d0", "event": "ea.micro.saida", "level": "info", "timestamp": "2026-09-25T04:29:08.482545Z"}
{"acao": "vender", "motivo": "imbalance=-0.81 persistiu 300ms", "sinal": -0.808, "feature": "microprice", "event": "ea.decisao_dry_run", "level": "info", "timestamp": "2026-09-25T04:29:08.502886Z"}
{"nome": "ea_microprice", "lado": -1, "preco": 185440.0, "preco_topo": 185440.0, "imbalance": -0.808, "micro": 185440.48, "spread": 5.0, "codigo": "replay:2026-09-14", "config_sha": "538457d8a0d0", "event": "ea.micro.entrada", "level": "info", "timestamp": "2026-09-25T04:29:08.503033Z"}
{"acao": "zerar", "motivo": "alvo", "sinal": 0.0, "feature": "microprice", "event": "ea.decisao_dry_run", "level": "info", "timestamp": "2026-09-25T04:29:08.504149Z"}
{"nome": "ea_microprice", "lado": -1, "entrada": 185440.0, "saida": 185420.0, "pnl_bruto": 20.0, "pnl_liquido": 16.0, "duracao_s": 6.26, "motivo": "alvo", "imbalance_entrada": -0.808, "imbalance_saida": 0.565, "pnl_dia": -117.0, "bloqueado": null, "codigo": "replay:2026-09-14", "config_sha": "538457d8a0d0", "event": "ea.micro.saida", "level": "info", "timestamp": "2026-09-25T04:29:08.504220Z"}
{"acao": "comprar", "motivo": "imbalance=+0.62 persistiu 300ms", "sinal": 0.615, "feature": "microprice", "event": "ea.decisao_dry_run", "level": "info", "timestamp": "2026-09-25T04:29:08.504854Z"}
{"nome": "ea_microprice", "lado": 1, "preco": 185430.0, "preco_topo": 185430.0, "imbalance": 0.615, "micro": 185429.04, "spread": 5.0, "codigo": "replay:2026-09-14", "config_sha": "538457d8a0d0", "event": "ea.micro.entrada", "level": "info", "timestamp": "2026-09-25T04:29:08.504914Z"}
{"acao": "zerar", "motivo": "stop", "sinal": 0.0, "feature": "microprice", "event": "ea.decisao_dry_run", "level": "info", "timestamp": "2026-09-25T04:29:08.505036Z"}
{"nome": "ea_microprice", "lado": 1, "entrada": 185430.0, "saida": 185415.0, "pnl_bruto": -15.0, "pnl_liquido": -19.0, "duracao_s": 0.19, "motivo": "stop", "imbalance_entrada": 0.615, "imbalance_saida": 0.333, "pnl_dia": -136.0, "bloqueado": null, "codigo": "replay:2026-09-14", "config_sha": "538457d8a0d0", "event": "ea.micro.saida", "level": "info", "timestamp": "2026-09-25T04:29:08.505105Z"}
{"acao": "vender", "motivo": "imbalance=-0.65 persistiu 300ms", "sinal": -0.645, "feature": "microprice", "event": "ea.decisao_dry_run", "level": "info", "timestamp": "2026-09-25T04:29:08.505599Z"}
{"nome": "ea_microprice", "lado": -1, "preco": 185455.0, "preco_topo": 185455.0, "imbalance": -0.645, "micro": 185455.89, "spread": 5.0, "codigo": "replay:2026-09-14", "config_sha": "538457d8a0d0", "event": "ea.micro.entrada", "level": "info", "timestamp": "2026-09-25T04:29:08.505661Z"}
{"acao": "zerar", "motivo": "alvo", "sinal": 0.0, "feature": "microprice", "event": "ea.decisao_dry_run", "level": "info", "timestamp": "2026-09-25T04:29:08.505779Z"}
{"nome": "ea_microprice", "lado": -1, "entrada": 185455.0, "saida": 185440.0, "pnl_bruto": 15.0, "pnl_liquido": 11.0, "duracao_s": 0.34, "motivo": "alvo", "imbalance_entrada": -0.645, "imbalance_saida": 0.172, "pnl_dia": -125.0, "bloqueado": null, "codigo": "replay:2026-09-14", "config_sha": "538457d8a0d0", "event": "ea.micro.saida", "level": "info", "timestamp": "2026-09-25T04:29:08.505844Z"}
{"acao": "vender", "motivo": "imbalance=-0.90 persistiu 300ms", "sinal": -0.9, "feature": "microprice", "event": "ea.decisao_dry_run", "level": "info", "timestamp": "2026-09-25T04:29:08.508826Z"}
{"nome": "ea_microprice", "lado": -1, "preco": 185445.0, "preco_topo": 185445.0, "imbalance": -0.9, "micro": 185445.25, "spread": 5.0, "codigo": "replay:2026-09-14", "config_sha": "538457d8a0d0", "event": "ea.micro.entrada", "level": "info", "timestamp": "2026-09-25T04:29:08.508908Z"}
{"acao": "zerar", "motivo": "alvo", "sinal": 0.0, "feature": "microprice", "event": "ea.decisao_dry_run", "level": "info", "timestamp": "2026-09-25T04:29:08.509080Z"}
{"nome": "ea_microprice", "lado": -1, "entrada": 185445.0, "saida": 185430.0, "pnl_bruto": 15.0, "pnl_liquido": 11.0, "duracao_s": 0.41, "motivo": "alvo", "imbalance_entrada": -0.9, "imbalance_saida": 0.423, "pnl_dia": -114.0, "bloqueado": null, "codigo": "replay:2026-09-14", "config_sha": "538457d8a0d0", "event": "ea.micro.saida", "level": "info", "timestamp": "2026-09-25T04:29:08.509154Z"}
{"acao": "vender", "motivo": "imbalance=-0.75 persistiu 300ms", "sinal": -0.748, "feature": "microprice", "event": "ea.decisao_dry_run", "level": "info", "timestamp": "2026-09-25T04:29:08.537448Z"}
{"nome": "ea_microprice", "lado": -1, "preco": 185315.0, "preco_topo": 185315.0, "imbalance": -0.748, "micro": 185315.63, "spread": 5.0, "codigo": "replay:2026-09-14", "config_sha": "538457d8a0d0", "event": "ea.micro.entrada", "level": "info", "timestamp": "2026-09-25T04:29:08.537550Z"}
{"acao": "zerar", "motivo": "imbalance_inverteu", "sinal": 0.0, "feature": "microprice", "event": "ea.decisao_dry_run", "level": "info", "timestamp": "2026-09-25T04:29:08.537895Z"}
{"nome": "ea_microprice", "lado": -1, "entrada": 185315.0, "saida": 185320.0, "pnl_bruto": -5.0, "pnl_liquido": -9.0, "duracao_s": 1.64, "motivo": "imbalance_inverteu", "imbalance_entrada": -0.748, "imbalance_saida": 0.625, "pnl_dia": -123.0, "bloqueado": null, "codigo": "replay:2026-09-14", "config_sha": "538457d8a0d0", "event": "ea.micro.saida", "level": "info", "timestamp": "2026-09-25T04:29:08.537963Z"}
{"acao": "comprar", "motivo": "imbalance=+0.60 persistiu 300ms", "sinal": 0.6, "feature": "microprice", "event": "ea.decisao_dry_run", "level": "info", "timestamp": "2026-09-25T04:29:08.538542Z"}
{"nome": "ea_microprice", "lado": 1, "preco": 185325.0, "preco_topo": 185325.0, "imbalance": 0.6, "micro": 185324.0, "spread": 5.0, "codigo": "replay:2026-09-14", "config_sha": "538457d8a0d0", "event": "ea.micro.entrada", "level": "info", "timestamp": "2026-09-25T04:29:08.538605Z"}
{"acao": "zerar", "motivo": "stop", "sinal": 0.0, "feature": "microprice", "event": "ea.decisao_dry_run", "level": "info", "timestamp": "2026-09-25T04:29:08.539337Z"}
{"nome": "ea_microprice", "lado": 1, "entrada": 185325.0, "saida": 185305.0, "pnl_bruto": -20.0, "pnl_liquido": -24.0, "duracao_s": 3.52, "motivo": "stop", "imbalance_entrada": 0.6, "imbalance_saida": 0.961, "pnl_dia": -147.0, "bloqueado": null, "codigo": "replay:2026-09-14", "config_sha": "538457d8a0d0", "event": "ea.micro.saida", "level": "info", "timestamp": "2026-09-25T04:29:08.539402Z"}
{"acao": "comprar", "motivo": "imbalance=+0.95 persistiu 300ms", "sinal": 0.951, "feature": "microprice", "event": "ea.decisao_dry_run", "level": "info", "timestamp": "2026-09-25T04:29:08.542625Z"}
{"nome": "ea_microprice", "lado": 1, "preco": 185295.0, "preco_topo": 185295.0, "imbalance": 0.951, "micro": 185294.88, "spread": 5.0, "codigo": "replay:2026-09-14", "config_sha": "538457d8a0d0", "event": "ea.micro.entrada", "level": "info", "timestamp": "2026-09-25T04:29:08.542689Z"}
{"acao": "zerar", "motivo": "stop", "sinal": 0.0, "feature": "microprice", "event": "ea.decisao_dry_run", "level": "info", "timestamp": "2026-09-25T04:29:08.542996Z"}
{"nome": "ea_microprice", "lado": 1, "entrada": 185295.0, "saida": 185280.0, "pnl_bruto": -15.0, "pnl_liquido": -19.0, "duracao_s": 1.68, "motivo": "stop", "imbalance_entrada": 0.951, "imbalance_saida": 0.81, "pnl_dia": -166.0, "bloqueado": null, "codigo": "replay:2026-09-14", "config_sha": "538457d8a0d0", "event": "ea.micro.saida", "level": "info", "timestamp": "2026-09-25T04:29:08.543126Z"}
{"acao": "comprar", "motivo": "imbalance=+0.90 persistiu 300ms", "sinal": 0.905, "feature": "microprice", "event": "ea.decisao_dry_run", "level": "info", "timestamp": "2026-09-25T04:29:08.544356Z"}
{"nome": "ea_microprice", "lado": 1, "preco": 185240.0, "preco_topo": 185240.0, "imbalance": 0.905, "micro": 185239.76, "spread": 5.0, "codigo": "replay:2026-09-14", "config_sha": "538457d8a0d0", "event": "ea.micro.entrada", "level": "info", "timestamp": "2026-09-25T04:29:08.544422Z"}
{"acao": "zerar", "motivo": "stop", "sinal": 0.0, "feature": "microprice", "event": "ea.decisao_dry_run", "level": "info", "timestamp": "2026-09-25T04:29:08.544776Z"}
{"nome": "ea_microprice", "lado": 1, "entrada": 185240.0, "saida": 185225.0, "pnl_bruto": -15.0, "pnl_liquido": -19.0, "duracao_s": 1.06, "motivo": "stop", "imbalance_entrada": 0.905, "imbalance_saida": 0.496, "pnl_dia": -185.0, "bloqueado": null, "codigo": "replay:2026-09-14", "config_sha": "538457d8a0d0", "event": "ea.micro.saida", "level": "info", "timestamp": "2026-09-25T04:29:08.544840Z"}
{"acao": "comprar", "motivo": "imbalance=+0.92 persistiu 300ms", "sinal": 0.919, "feature": "microprice", "event": "ea.decisao_dry_run", "level": "info", "timestamp": "2026-09-25T04:29:08.550611Z"}
{"nome": "ea_microprice", "lado": 1, "preco": 185320.0, "preco_topo": 185320.0, "imbalance": 0.919, "micro": 185319.8, "spread": 5.0, "codigo": "replay:2026-09-14", "config_sha": "538457d8a0d0", "event": "ea.micro.entrada", "level": "info", "timestamp": "2026-09-25T04:29:08.550678Z"}
{"acao": "zerar", "motivo": "imbalance_inverteu", "sinal": 0.0, "feature": "microprice", "event": "ea.decisao_dry_run", "level": "info", "timestamp": "2026-09-25T04:29:08.550982Z"}
{"nome": "ea_microprice", "lado": 1, "entrada": 185320.0, "saida": 185320.0, "pnl_bruto": 0.0, "pnl_liquido": -4.0, "duracao_s": 1.33, "motivo": "imbalance_inverteu", "imbalance_entrada": 0.919, "imbalance_saida": -0.633, "pnl_dia": -189.0, "bloqueado": null, "codigo": "replay:2026-09-14", "config_sha": "538457d8a0d0", "event": "ea.micro.saida", "level": "info", "timestamp": "2026-09-25T04:29:08.551048Z"}
{"acao": "comprar", "motivo": "imbalance=+0.61 persistiu 300ms", "sinal": 0.613, "feature": "microprice", "event": "ea.decisao_dry_run", "level": "info", "timestamp": "2026-09-25T04:29:08.551520Z"}
{"nome": "ea_microprice", "lado": 1, "preco": 185315.0, "preco_topo": 185315.0, "imbalance": 0.613, "micro": 185314.03, "spread": 5.0, "codigo": "replay:2026-09-14", "config_sha": "538457d8a0d0", "event": "ea.micro.entrada", "level": "info", "timestamp": "2026-09-25T04:29:08.551583Z"}
{"acao": "zerar", "motivo": "stop", "sinal": 0.0, "feature": "microprice", "event": "ea.decisao_dry_run", "level": "info", "timestamp": "2026-09-25T04:29:08.552464Z"}
{"nome": "ea_microprice", "lado": 1, "entrada": 185315.0, "saida": 185300.0, "pnl_bruto": -15.0, "pnl_liquido": -19.0, "duracao_s": 5.11, "motivo": "stop", "imbalance_entrada": 0.613, "imbalance_saida": 0.339, "pnl_dia": -208.0, "bloqueado": null, "codigo": "replay:2026-09-14", "config_sha": "538457d8a0d0", "event": "ea.micro.saida", "level": "info", "timestamp": "2026-09-25T04:29:08.552527Z"}
{"acao": "vender", "motivo": "imbalance=-0.76 persistiu 300ms", "sinal": -0.763, "feature": "microprice", "event": "ea.decisao_dry_run", "level": "info", "timestamp": "2026-09-25T04:29:08.554432Z"}
{"nome": "ea_microprice", "lado": -1, "preco": 185270.0, "preco_topo": 185270.0, "imbalance": -0.763, "micro": 185270.59, "spread": 5.0, "codigo": "replay:2026-09-14", "config_sha": "538457d8a0d0", "event": "ea.micro.entrada", "level": "info", "timestamp": "2026-09-25T04:29:08.554498Z"}
{"acao": "zerar", "motivo": "stop", "sinal": 0.0, "feature": "microprice", "event": "ea.decisao_dry_run", "level": "info", "timestamp": "2026-09-25T04:29:08.554680Z"}
{"nome": "ea_microprice", "lado": -1, "entrada": 185270.0, "saida": 185285.0, "pnl_bruto": -15.0, "pnl_liquido": -19.0, "duracao_s": 0.62, "motivo": "stop", "imbalance_entrada": -0.763, "imbalance_saida": -0.378, "pnl_dia": -227.0, "bloqueado": null, "codigo": "replay:2026-09-14", "config_sha": "538457d8a0d0", "event": "ea.micro.saida", "level": "info", "timestamp": "2026-09-25T04:29:08.554745Z"}
{"acao": "comprar", "motivo": "imbalance=+0.81 persistiu 300ms", "sinal": 0.811, "feature": "microprice", "event": "ea.decisao_dry_run", "level": "info", "timestamp": "2026-09-25T04:29:08.558130Z"}
{"nome": "ea_microprice", "lado": 1, "preco": 185275.0, "preco_topo": 185275.0, "imbalance": 0.811, "micro": 185274.53, "spread": 5.0, "codigo": "replay:2026-09-14", "config_sha": "538457d8a0d0", "event": "ea.micro.entrada", "level": "info", "timestamp": "2026-09-25T04:29:08.558193Z"}
{"acao": "zerar", "motivo": "imbalance_inverteu", "sinal": 0.0, "feature": "microprice", "event": "ea.decisao_dry_run", "level": "info", "timestamp": "2026-09-25T04:29:08.558533Z"}
{"nome": "ea_microprice", "lado": 1, "entrada": 185275.0, "saida": 185270.0, "pnl_bruto": -5.0, "pnl_liquido": -9.0, "duracao_s": 1.5, "motivo": "imbalance_inverteu", "imbalance_entrada": 0.811, "imbalance_saida": -0.522, "pnl_dia": -236.0, "bloqueado": "8 perdas seguidas", "codigo": "replay:2026-09-14", "config_sha": "538457d8a0d0", "event": "ea.micro.saida", "level": "info", "timestamp": "2026-09-25T04:29:08.558599Z"}
{"nome": "ea_microprice", "trades": 0, "sinais_sem_vaga": 0, "operacoes": 19, "pct_ganho": 15.8, "pnl_bruto_pts": -160.0, "pnl_liquido_pts": -236.0, "duracao_media_s": 1.55, "saidas": {"stop": 12, "imbalance_inverteu": 4, "alvo": 3}, "bloqueado": "8 perdas seguidas", "passivas": {}, "avaliacoes_filtradas": {"sem_livro": 524, "livro_cruzado": 20725, "spread_largo": 35993, "topo_raso": 1094, "fora_da_janela": 27, "cooldown": 1, "bloqueado": 6446}, "posicionado": false, "sonda": {"gatilhos": 1861, "suprimidos_refratario": 725, "spread_medio_pts": 5.0, "h1s": {"n": 1861, "media_pts": 1.25, "pct_a_favor": 40.5, "pct_contra": 25.1}, "h5s": {"n": 1860, "media_pts": 0.75, "pct_a_favor": 45.5, "pct_contra": 40.3}, "h30s": {"n": 1859, "media_pts": 0.46, "pct_a_favor": 47.4, "pct_contra": 47.2}}, "codigo": "replay:2026-09-14", "config_sha": "538457d8a0d0", "event": "ea.micro.resumo", "level": "warning", "timestamp": "2026-09-25T04:29:12.822706Z"}
{"dia": "2026-09-14", "episodios": 41956, "aberto_no_fim": false, "dur_ms_p50": 0.1, "dur_ms_p90": 2.2, "dur_ms_p99": 35.0, "dur_ms_max": 114995.3, "pct_ate_50ms": 99.3, "amostras": [{"ts_ns": 1789386899710426500, "lado_atualizado": 1, "bid": 170090.0, "qb": 537, "ask": 170090.0, "qa": 2000, "idade_outro_lado_ms": 0.1}, {"ts_ns": 1789386937610849500, "lado_atualizado": 0, "bid": 173500.0, "qb": 42196, "ask": 173500.0, "qa": 41183, "idade_outro_lado_ms": 260.6}, {"ts_ns": 1789386938423812900, "lado_atualizado": 0, "bid": 190030.0, "qb": 41755, "ask": 190030.0, "qa": 41760, "idade_outro_lado_ms": 592.3}, {"ts_ns": 1789386951134603500, "lado_atualizado": 0, "bid": 180460.0, "qb": 44456, "ask": 180000.0, "qa": 44456, "idade_outro_lado_ms": 449.1}, {"ts_ns": 1789387055552716800, "lado_atualizado": 1, "bid": 178000.0, "qb": 50339, "ask": 178000.0, "qa": 50652, "idade_outro_lado_ms": 419.9}, {"ts_ns": 1789387171085984000, "lado_atualizado": 1, "bid": 187000.0, "qb": 54548, "ask": 187000.0, "qa": 55145, "idade_outro_lado_ms": 228.1}, {"ts_ns": 1789387196039847200, "lado_atualizado": 1, "bid": 187115.0, "qb": 55374, "ask": 187115.0, "qa": 55373, "idade_outro_lado_ms": 0.1}, {"ts_ns": 1789387196582986200, "lado_atualizado": 0, "bid": 187200.0, "qb": 55417, "ask": 187200.0, "qa": 55378, "idade_outro_lado_ms": 108.7}, {"ts_ns": 1789387198504578600, "lado_atualizado": 1, "bid": 187125.0, "qb": 55426, "ask": 187125.0, "qa": 55425, "idade_outro_lado_ms": 0.1}, {"ts_ns": 1789387199929094100, "lado_atualizado": 0, "bid": 187145.0, "qb": 55439, "ask": 187145.0, "qa": 55425, "idade_outro_lado_ms": 1265.4}], "event": "ea_micro_replay.cruzado", "level": "info", "timestamp": "2026-09-25T04:29:12.826634Z"}
{"i": 4, "n": 10, "dia": "2026-09-15", "eventos": 1648012, "event": "ea_micro_replay.dia", "level": "info", "timestamp": "2026-09-25T04:29:24.326311Z"}
{"nome": "ea_microprice", "symbol": "WINFUT", "dry_run": true, "sem_livro": false, "limiar": 0.6, "persistencia_ms": 300, "alvo_ticks": 3, "stop_ticks": 3, "codigo": "replay:2026-09-15", "config_sha": "538457d8a0d0", "event": "ea.micro.iniciado", "level": "warning", "timestamp": "2026-09-25T04:29:24.392245Z"}
{"acao": "comprar", "motivo": "imbalance=+0.70 persistiu 300ms", "sinal": 0.705, "feature": "microprice", "event": "ea.decisao_dry_run", "level": "info", "timestamp": "2026-09-25T04:29:24.549927Z"}
{"nome": "ea_microprice", "lado": 1, "preco": 187925.0, "preco_topo": 187925.0, "imbalance": 0.705, "micro": 187924.26, "spread": 5.0, "codigo": "replay:2026-09-15", "config_sha": "538457d8a0d0", "event": "ea.micro.entrada", "level": "info", "timestamp": "2026-09-25T04:29:24.550113Z"}
{"acao": "zerar", "motivo": "stop", "sinal": 0.0, "feature": "microprice", "event": "ea.decisao_dry_run", "level": "info", "timestamp": "2026-09-25T04:29:24.550329Z"}
{"nome": "ea_microprice", "lado": 1, "entrada": 187925.0, "saida": 187910.0, "pnl_bruto": -15.0, "pnl_liquido": -19.0, "duracao_s": 1.13, "motivo": "stop", "imbalance_entrada": 0.705, "imbalance_saida": 0.53, "pnl_dia": -19.0, "bloqueado": null, "codigo": "replay:2026-09-15", "config_sha": "538457d8a0d0", "event": "ea.micro.saida", "level": "info", "timestamp": "2026-09-25T04:29:24.550406Z"}
{"acao": "vender", "motivo": "imbalance=-0.75 persistiu 300ms", "sinal": -0.746, "feature": "microprice", "event": "ea.decisao_dry_run", "level": "info", "timestamp": "2026-09-25T04:29:24.553461Z"}
{"nome": "ea_microprice", "lado": -1, "preco": 187845.0, "preco_topo": 187845.0, "imbalance": -0.746, "micro": 187845.64, "spread": 5.0, "codigo": "replay:2026-09-15", "config_sha": "538457d8a0d0", "event": "ea.micro.entrada", "level": "info", "timestamp": "2026-09-25T04:29:24.553541Z"}
{"acao": "zerar", "motivo": "stop", "sinal": 0.0, "feature": "microprice", "event": "ea.decisao_dry_run", "level": "info", "timestamp": "2026-09-25T04:29:24.553716Z"}
{"nome": "ea_microprice", "lado": -1, "entrada": 187845.0, "saida": 187865.0, "pnl_bruto": -20.0, "pnl_liquido": -24.0, "duracao_s": 0.56, "motivo": "stop", "imbalance_entrada": -0.746, "imbalance_saida": -0.43, "pnl_dia": -43.0, "bloqueado": null, "codigo": "replay:2026-09-15", "config_sha": "538457d8a0d0", "event": "ea.micro.saida", "level": "info", "timestamp": "2026-09-25T04:29:24.553782Z"}
{"acao": "comprar", "motivo": "imbalance=+0.77 persistiu 300ms", "sinal": 0.77, "feature": "microprice", "event": "ea.decisao_dry_run", "level": "info", "timestamp": "2026-09-25T04:29:24.557430Z"}
{"nome": "ea_microprice", "lado": 1, "preco": 187865.0, "preco_topo": 187865.0, "imbalance": 0.77, "micro": 187864.43, "spread": 5.0, "codigo": "replay:2026-09-15", "config_sha": "538457d8a0d0", "event": "ea.micro.entrada", "level": "info", "timestamp": "2026-09-25T04:29:24.557503Z"}
{"acao": "zerar", "motivo": "alvo", "sinal": 0.0, "feature": "microprice", "event": "ea.decisao_dry_run", "level": "info", "timestamp": "2026-09-25T04:29:24.557727Z"}
{"nome": "ea_microprice", "lado": 1, "entrada": 187865.0, "saida": 187885.0, "pnl_bruto": 20.0, "pnl_liquido": 16.0, "duracao_s": 0.81, "motivo": "alvo", "imbalance_entrada": 0.77, "imbalance_saida": -0.266, "pnl_dia": -27.0, "bloqueado": null, "codigo": "replay:2026-09-15", "config_sha": "538457d8a0d0", "event": "ea.micro.saida", "level": "info", "timestamp": "2026-09-25T04:29:24.557791Z"}
{"acao": "vender", "motivo": "imbalance=-0.73 persistiu 300ms", "sinal": -0.727, "feature": "microprice", "event": "ea.decisao_dry_run", "level": "info", "timestamp": "2026-09-25T04:29:24.560238Z"}
{"nome": "ea_microprice", "lado": -1, "preco": 187880.0, "preco_topo": 187880.0, "imbalance": -0.727, "micro": 187880.68, "spread": 5.0, "codigo": "replay:2026-09-15", "config_sha": "538457d8a0d0", "event": "ea.micro.entrada", "level": "info", "timestamp": "2026-09-25T04:29:24.560297Z"}
{"acao": "zerar", "motivo": "stop", "sinal": 0.0, "feature": "microprice", "event": "ea.decisao_dry_run", "level": "info", "timestamp": "2026-09-25T04:29:24.560494Z"}
{"nome": "ea_microprice", "lado": -1, "entrada": 187880.0, "saida": 187900.0, "pnl_bruto": -20.0, "pnl_liquido": -24.0, "duracao_s": 0.85, "motivo": "stop", "imbalance_entrada": -0.727, "imbalance_saida": -0.2, "pnl_dia": -51.0, "bloqueado": null, "codigo": "replay:2026-09-15", "config_sha": "538457d8a0d0", "event": "ea.micro.saida", "level": "info", "timestamp": "2026-09-25T04:29:24.560558Z"}
{"acao": "vender", "motivo": "imbalance=-0.76 persistiu 300ms", "sinal": -0.759, "feature": "microprice", "event": "ea.decisao_dry_run", "level": "info", "timestamp": "2026-09-25T04:29:24.561096Z"}
{"nome": "ea_microprice", "lado": -1, "preco": 187890.0, "preco_topo": 187890.0, "imbalance": -0.759, "micro": 187890.6, "spread": 5.0, "codigo": "replay:2026-09-15", "config_sha": "538457d8a0d0", "event": "ea.micro.entrada", "level": "info", "timestamp": "2026-09-25T04:29:24.561153Z"}
{"acao": "zerar", "motivo": "stop", "sinal": 0.0, "feature": "microprice", "event": "ea.decisao_dry_run", "level": "info", "timestamp": "2026-09-25T04:29:24.561590Z"}
{"nome": "ea_microprice", "lado": -1, "entrada": 187890.0, "saida": 187925.0, "pnl_bruto": -35.0, "pnl_liquido": -39.0, "duracao_s": 3.58, "motivo": "stop", "imbalance_entrada": -0.759, "imbalance_saida": 1.0, "pnl_dia": -90.0, "bloqueado": null, "codigo": "replay:2026-09-15", "config_sha": "538457d8a0d0", "event": "ea.micro.saida", "level": "info", "timestamp": "2026-09-25T04:29:24.561653Z"}
{"acao": "vender", "motivo": "imbalance=-0.79 persistiu 300ms", "sinal": -0.786, "feature": "microprice", "event": "ea.decisao_dry_run", "level": "info", "timestamp": "2026-09-25T04:29:24.565153Z"}
{"nome": "ea_microprice", "lado": -1, "preco": 187875.0, "preco_topo": 187875.0, "imbalance": -0.786, "micro": 187875.54, "spread": 5.0, "codigo": "replay:2026-09-15", "config_sha": "538457d8a0d0", "event": "ea.micro.entrada", "level": "info", "timestamp": "2026-09-25T04:29:24.565221Z"}
{"acao": "zerar", "motivo": "imbalance_inverteu", "sinal": 0.0, "feature": "microprice", "event": "ea.decisao_dry_run", "level": "info", "timestamp": "2026-09-25T04:29:24.565338Z"}
{"nome": "ea_microprice", "lado": -1, "entrada": 187875.0, "saida": 187875.0, "pnl_bruto": -0.0, "pnl_liquido": -4.0, "duracao_s": 0.42, "motivo": "imbalance_inverteu", "imbalance_entrada": -0.786, "imbalance_saida": 0.357, "pnl_dia": -94.0, "bloqueado": null, "codigo": "replay:2026-09-15", "config_sha": "538457d8a0d0", "event": "ea.micro.saida", "level": "info", "timestamp": "2026-09-25T04:29:24.565399Z"}
{"acao": "comprar", "motivo": "imbalance=+0.89 persistiu 300ms", "sinal": 0.895, "feature": "microprice", "event": "ea.decisao_dry_run", "level": "info", "timestamp": "2026-09-25T04:29:24.566126Z"}
{"nome": "ea_microprice", "lado": 1, "preco": 187870.0, "preco_topo": 187870.0, "imbalance": 0.895, "micro": 187869.74, "spread": 5.0, "codigo": "replay:2026-09-15", "config_sha": "538457d8a0d0", "event": "ea.micro.entrada", "level": "info", "timestamp": "2026-09-25T04:29:24.566182Z"}
{"acao": "zerar", "motivo": "imbalance_inverteu", "sinal": 0.0, "feature": "microprice", "event": "ea.decisao_dry_run", "level": "info", "timestamp": "2026-09-25T04:29:24.566369Z"}
{"nome": "ea_microprice", "lado": 1, "entrada": 187870.0, "saida": 187870.0, "pnl_bruto": 0.0, "pnl_liquido": -4.0, "duracao_s": 0.56, "motivo": "imbalance_inverteu", "imbalance_entrada": 0.895, "imbalance_saida": -0.614, "pnl_dia": -98.0, "bloqueado": null, "codigo": "replay:2026-09-15", "config_sha": "538457d8a0d0", "event": "ea.micro.saida", "level": "info", "timestamp": "2026-09-25T04:29:24.566430Z"}
{"acao": "vender", "motivo": "imbalance=-0.97 persistiu 300ms", "sinal": -0.966, "feature": "microprice", "event": "ea.decisao_dry_run", "level": "info", "timestamp": "2026-09-25T04:29:24.567729Z"}
{"nome": "ea_microprice", "lado": -1, "preco": 187870.0, "preco_topo": 187870.0, "imbalance": -0.966, "micro": 187870.08, "spread": 5.0, "codigo": "replay:2026-09-15", "config_sha": "538457d8a0d0", "event": "ea.micro.entrada", "level": "info", "timestamp": "2026-09-25T04:29:24.567787Z"}
{"acao": "zerar", "motivo": "stop", "sinal": 0.0, "feature": "microprice", "event": "ea.decisao_dry_run", "level": "info", "timestamp": "2026-09-25T04:29:24.567960Z"}
{"nome": "ea_microprice", "lado": -1, "entrada": 187870.0, "saida": 187900.0, "pnl_bruto": -30.0, "pnl_liquido": -34.0, "duracao_s": 0.52, "motivo": "stop", "imbalance_entrada": -0.966, "imbalance_saida": -0.224, "pnl_dia": -132.0, "bloqueado": null, "codigo": "replay:2026-09-15", "config_sha": "538457d8a0d0", "event": "ea.micro.saida", "level": "info", "timestamp": "2026-09-25T04:29:24.568020Z"}
{"acao": "vender", "motivo": "imbalance=-0.93 persistiu 300ms", "sinal": -0.926, "feature": "microprice", "event": "ea.decisao_dry_run", "level": "info", "timestamp": "2026-09-25T04:29:24.569439Z"}
{"nome": "ea_microprice", "lado": -1, "preco": 187870.0, "preco_topo": 187870.0, "imbalance": -0.926, "micro": 187870.19, "spread": 5.0, "codigo": "replay:2026-09-15", "config_sha": "538457d8a0d0", "event": "ea.micro.entrada", "level": "info", "timestamp": "2026-09-25T04:29:24.569497Z"}
{"acao": "zerar", "motivo": "stop", "sinal": 0.0, "feature": "microprice", "event": "ea.decisao_dry_run", "level": "info", "timestamp": "2026-09-25T04:29:24.569801Z"}
{"nome": "ea_microprice", "lado": -1, "entrada": 187870.0, "saida": 187885.0, "pnl_bruto": -15.0, "pnl_liquido": -19.0, "duracao_s": 1.94, "motivo": "stop", "imbalance_entrada": -0.926, "imbalance_saida": -0.301, "pnl_dia": -151.0, "bloqueado": null, "codigo": "replay:2026-09-15", "config_sha": "538457d8a0d0", "event": "ea.micro.saida", "level": "info", "timestamp": "2026-09-25T04:29:24.569861Z"}
{"acao": "vender", "motivo": "imbalance=-0.76 persistiu 300ms", "sinal": -0.759, "feature": "microprice", "event": "ea.decisao_dry_run", "level": "info", "timestamp": "2026-09-25T04:29:24.570604Z"}
{"nome": "ea_microprice", "lado": -1, "preco": 187910.0, "preco_topo": 187910.0, "imbalance": -0.759, "micro": 187910.6, "spread": 5.0, "codigo": "replay:2026-09-15", "config_sha": "538457d8a0d0", "event": "ea.micro.entrada", "level": "info", "timestamp": "2026-09-25T04:29:24.570661Z"}
{"acao": "zerar", "motivo": "stop", "sinal": 0.0, "feature": "microprice", "event": "ea.decisao_dry_run", "level": "info", "timestamp": "2026-09-25T04:29:24.570841Z"}
{"nome": "ea_microprice", "lado": -1, "entrada": 187910.0, "saida": 187930.0, "pnl_bruto": -20.0, "pnl_liquido": -24.0, "duracao_s": 0.36, "motivo": "stop", "imbalance_entrada": -0.759, "imbalance_saida": -0.481, "pnl_dia": -175.0, "bloqueado": null, "codigo": "replay:2026-09-15", "config_sha": "538457d8a0d0", "event": "ea.micro.saida", "level": "info", "timestamp": "2026-09-25T04:29:24.570899Z"}
{"acao": "vender", "motivo": "imbalance=-0.97 persistiu 300ms", "sinal": -0.97, "feature": "microprice", "event": "ea.decisao_dry_run", "level": "info", "timestamp": "2026-09-25T04:29:24.572200Z"}
{"nome": "ea_microprice", "lado": -1, "preco": 187895.0, "preco_topo": 187895.0, "imbalance": -0.97, "micro": 187895.07, "spread": 5.0, "codigo": "replay:2026-09-15", "config_sha": "538457d8a0d0", "event": "ea.micro.entrada", "level": "info", "timestamp": "2026-09-25T04:29:24.572254Z"}
{"acao": "zerar", "motivo": "stop", "sinal": 0.0, "feature": "microprice", "event": "ea.decisao_dry_run", "level": "info", "timestamp": "2026-09-25T04:29:24.572450Z"}
{"nome": "ea_microprice", "lado": -1, "entrada": 187895.0, "saida": 187910.0, "pnl_bruto": -15.0, "pnl_liquido": -19.0, "duracao_s": 0.65, "motivo": "stop", "imbalance_entrada": -0.97, "imbalance_saida": 0.053, "pnl_dia": -194.0, "bloqueado": "8 perdas seguidas", "codigo": "replay:2026-09-15", "config_sha": "538457d8a0d0", "event": "ea.micro.saida", "level": "info", "timestamp": "2026-09-25T04:29:24.572510Z"}
{"nome": "ea_microprice", "trades": 0, "sinais_sem_vaga": 0, "operacoes": 11, "pct_ganho": 9.1, "pnl_bruto_pts": -150.0, "pnl_liquido_pts": -194.0, "duracao_media_s": 1.03, "saidas": {"stop": 8, "alvo": 1, "imbalance_inverteu": 2}, "bloqueado": "8 perdas seguidas", "passivas": {}, "avaliacoes_filtradas": {"sem_livro": 233, "livro_cruzado": 19984, "spread_largo": 40060, "topo_raso": 1997, "fora_da_janela": 30, "cooldown": 3, "bloqueado": 12137}, "posicionado": false, "sonda": {"gatilhos": 2927, "suprimidos_refratario": 1359, "spread_medio_pts": 5.0, "h1s": {"n": 2927, "media_pts": 1.24, "pct_a_favor": 38.3, "pct_contra": 21.6}, "h5s": {"n": 2927, "media_pts": 1.39, "pct_a_favor": 46.1, "pct_contra": 36.9}, "h30s": {"n": 2927, "media_pts": -0.02, "pct_a_favor": 47.9, "pct_contra": 44.8}}, "codigo": "replay:2026-09-15", "config_sha": "538457d8a0d0", "event": "ea.micro.resumo", "level": "warning", "timestamp": "2026-09-25T04:29:28.748926Z"}
{"dia": "2026-09-15", "episodios": 36423, "aberto_no_fim": true, "dur_ms_p50": 0.1, "dur_ms_p90": 2.6, "dur_ms_p99": 26.1, "dur_ms_max": 90188.7, "pct_ate_50ms": 99.4, "amostras": [{"ts_ns": 1789473302433130200, "lado_atualizado": 0, "bid": 185000.0, "qb": 2, "ask": 185000.0, "qa": 3, "idade_outro_lado_ms": 74.9}, {"ts_ns": 1789473302588535000, "lado_atualizado": 1, "bid": 168760.0, "qb": 1104, "ask": 168760.0, "qa": 1490, "idade_outro_lado_ms": 0.0}, {"ts_ns": 1789473307531154300, "lado_atualizado": 1, "bid": 187745.0, "qb": 20451, "ask": 187745.0, "qa": 20463, "idade_outro_lado_ms": 0.1}, {"ts_ns": 1789473397797725500, "lado_atualizado": 0, "bid": 183000.0, "qb": 54469, "ask": 182000.0, "qa": 53939, "idade_outro_lado_ms": 77.9}, {"ts_ns": 1789473404844391800, "lado_atualizado": 1, "bid": 190500.0, "qb": 57088, "ask": 190500.0, "qa": 57374, "idade_outro_lado_ms": 712.9}, {"ts_ns": 1789473407691069300, "lado_atualizado": 1, "bid": 189600.0, "qb": 57097, "ask": 189600.0, "qa": 57128, "idade_outro_lado_ms": 1237.4}, {"ts_ns": 1789473487003474400, "lado_atualizado": 0, "bid": 182125.0, "qb": 58614, "ask": 182125.0, "qa": 58552, "idade_outro_lado_ms": 772.0}, {"ts_ns": 1789473491872276500, "lado_atualizado": 0, "bid": 182870.0, "qb": 58581, "ask": 182740.0, "qa": 58571, "idade_outro_lado_ms": 80.5}, {"ts_ns": 1789473525531429400, "lado_atualizado": 0, "bid": 186660.0, "qb": 59628, "ask": 186660.0, "qa": 59631, "idade_outro_lado_ms": 152.0}, {"ts_ns": 1789473527485827500, "lado_atualizado": 0, "bid": 186715.0, "qb": 59637, "ask": 186715.0, "qa": 59632, "idade_outro_lado_ms": 1566.5}], "event": "ea_micro_replay.cruzado", "level": "info", "timestamp": "2026-09-25T04:29:28.752866Z"}
{"i": 5, "n": 10, "dia": "2026-09-16", "eventos": 1374239, "event": "ea_micro_replay.dia", "level": "info", "timestamp": "2026-09-25T04:29:38.111038Z"}
{"nome": "ea_microprice", "symbol": "WINFUT", "dry_run": true, "sem_livro": false, "limiar": 0.6, "persistencia_ms": 300, "alvo_ticks": 3, "stop_ticks": 3, "codigo": "replay:2026-09-16", "config_sha": "538457d8a0d0", "event": "ea.micro.iniciado", "level": "warning", "timestamp": "2026-09-25T04:29:38.181735Z"}
{"acao": "comprar", "motivo": "imbalance=+0.95 persistiu 300ms", "sinal": 0.946, "feature": "microprice", "event": "ea.decisao_dry_run", "level": "info", "timestamp": "2026-09-25T04:29:38.248844Z"}
{"nome": "ea_microprice", "lado": 1, "preco": 188920.0, "preco_topo": 188920.0, "imbalance": 0.946, "micro": 188919.86, "spread": 5.0, "codigo": "replay:2026-09-16", "config_sha": "538457d8a0d0", "event": "ea.micro.entrada", "level": "info", "timestamp": "2026-09-25T04:29:38.249029Z"}
{"acao": "zerar", "motivo": "stop", "sinal": 0.0, "feature": "microprice", "event": "ea.decisao_dry_run", "level": "info", "timestamp": "2026-09-25T04:29:38.249292Z"}
{"nome": "ea_microprice", "lado": 1, "entrada": 188920.0, "saida": 188900.0, "pnl_bruto": -20.0, "pnl_liquido": -24.0, "duracao_s": 1.86, "motivo": "stop", "imbalance_entrada": 0.946, "imbalance_saida": 0.294, "pnl_dia": -24.0, "bloqueado": null, "codigo": "replay:2026-09-16", "config_sha": "538457d8a0d0", "event": "ea.micro.saida", "level": "info", "timestamp": "2026-09-25T04:29:38.249372Z"}
{"acao": "comprar", "motivo": "imbalance=+0.76 persistiu 300ms", "sinal": 0.755, "feature": "microprice", "event": "ea.decisao_dry_run", "level": "info", "timestamp": "2026-09-25T04:29:38.254831Z"}
{"nome": "ea_microprice", "lado": 1, "preco": 188840.0, "preco_topo": 188840.0, "imbalance": 0.755, "micro": 188839.39, "spread": 5.0, "codigo": "replay:2026-09-16", "config_sha": "538457d8a0d0", "event": "ea.micro.entrada", "level": "info", "timestamp": "2026-09-25T04:29:38.254929Z"}
{"acao": "zerar", "motivo": "alvo", "sinal": 0.0, "feature": "microprice", "event": "ea.decisao_dry_run", "level": "info", "timestamp": "2026-09-25T04:29:38.255079Z"}
{"nome": "ea_microprice", "lado": 1, "entrada": 188840.0, "saida": 188855.0, "pnl_bruto": 15.0, "pnl_liquido": 11.0, "duracao_s": 0.27, "motivo": "alvo", "imbalance_entrada": 0.755, "imbalance_saida": 0.583, "pnl_dia": -13.0, "bloqueado": null, "codigo": "replay:2026-09-16", "config_sha": "538457d8a0d0", "event": "ea.micro.saida", "level": "info", "timestamp": "2026-09-25T04:29:38.255148Z"}
{"acao": "vender", "motivo": "imbalance=-0.65 persistiu 300ms", "sinal": -0.654, "feature": "microprice", "event": "ea.decisao_dry_run", "level": "info", "timestamp": "2026-09-25T04:29:38.263462Z"}
{"nome": "ea_microprice", "lado": -1, "preco": 188810.0, "preco_topo": 188810.0, "imbalance": -0.654, "micro": 188810.87, "spread": 5.0, "codigo": "replay:2026-09-16", "config_sha": "538457d8a0d0", "event": "ea.micro.entrada", "level": "info", "timestamp": "2026-09-25T04:29:38.263639Z"}
{"acao": "zerar", "motivo": "alvo", "sinal": 0.0, "feature": "microprice", "event": "ea.decisao_dry_run", "level": "info", "timestamp": "2026-09-25T04:29:38.264041Z"}
{"nome": "ea_microprice", "lado": -1, "entrada": 188810.0, "saida": 188795.0, "pnl_bruto": 15.0, "pnl_liquido": 11.0, "duracao_s": 1.33, "motivo": "alvo", "imbalance_entrada": -0.654, "imbalance_saida": -1.0, "pnl_dia": -2.0, "bloqueado": null, "codigo": "replay:2026-09-16", "config_sha": "538457d8a0d0", "event": "ea.micro.saida", "level": "info", "timestamp": "2026-09-25T04:29:38.264126Z"}
{"acao": "vender", "motivo": "imbalance=-0.75 persistiu 300ms", "sinal": -0.746, "feature": "microprice", "event": "ea.decisao_dry_run", "level": "info", "timestamp": "2026-09-25T04:29:38.270116Z"}
{"nome": "ea_microprice", "lado": -1, "preco": 188560.0, "preco_topo": 188560.0, "imbalance": -0.746, "micro": 188560.63, "spread": 5.0, "codigo": "replay:2026-09-16", "config_sha": "538457d8a0d0", "event": "ea.micro.entrada", "level": "info", "timestamp": "2026-09-25T04:29:38.270185Z"}
{"acao": "zerar", "motivo": "stop", "sinal": 0.0, "feature": "microprice", "event": "ea.decisao_dry_run", "level": "info", "timestamp": "2026-09-25T04:29:38.270420Z"}
{"nome": "ea_microprice", "lado": -1, "entrada": 188560.0, "saida": 188575.0, "pnl_bruto": -15.0, "pnl_liquido": -19.0, "duracao_s": 0.83, "motivo": "stop", "imbalance_entrada": -0.746, "imbalance_saida": -0.394, "pnl_dia": -21.0, "bloqueado": null, "codigo": "replay:2026-09-16", "config_sha": "538457d8a0d0", "event": "ea.micro.saida", "level": "info", "timestamp": "2026-09-25T04:29:38.270486Z"}
{"acao": "vender", "motivo": "imbalance=-0.70 persistiu 300ms", "sinal": -0.702, "feature": "microprice", "event": "ea.decisao_dry_run", "level": "info", "timestamp": "2026-09-25T04:29:38.270976Z"}
{"nome": "ea_microprice", "lado": -1, "preco": 188565.0, "preco_topo": 188565.0, "imbalance": -0.702, "micro": 188565.74, "spread": 5.0, "codigo": "replay:2026-09-16", "config_sha": "538457d8a0d0", "event": "ea.micro.entrada", "level": "info", "timestamp": "2026-09-25T04:29:38.271037Z"}
{"acao": "zerar", "motivo": "imbalance_inverteu", "sinal": 0.0, "feature": "microprice", "event": "ea.decisao_dry_run", "level": "info", "timestamp": "2026-09-25T04:29:38.271215Z"}
{"nome": "ea_microprice", "lado": -1, "entrada": 188565.0, "saida": 188560.0, "pnl_bruto": 5.0, "pnl_liquido": 1.0, "duracao_s": 0.72, "motivo": "imbalance_inverteu", "imbalance_entrada": -0.702, "imbalance_saida": 0.907, "pnl_dia": -20.0, "bloqueado": null, "codigo": "replay:2026-09-16", "config_sha": "538457d8a0d0", "event": "ea.micro.saida", "level": "info", "timestamp": "2026-09-25T04:29:38.271283Z"}
{"acao": "comprar", "motivo": "imbalance=+0.94 persistiu 300ms", "sinal": 0.94, "feature": "microprice", "event": "ea.decisao_dry_run", "level": "info", "timestamp": "2026-09-25T04:29:38.273640Z"}
{"nome": "ea_microprice", "lado": 1, "preco": 188595.0, "preco_topo": 188595.0, "imbalance": 0.94, "micro": 188594.85, "spread": 5.0, "codigo": "replay:2026-09-16", "config_sha": "538457d8a0d0", "event": "ea.micro.entrada", "level": "info", "timestamp": "2026-09-25T04:29:38.273702Z"}
{"acao": "zerar", "motivo": "imbalance_inverteu", "sinal": 0.0, "feature": "microprice", "event": "ea.decisao_dry_run", "level": "info", "timestamp": "2026-09-25T04:29:38.274309Z"}
{"nome": "ea_microprice", "lado": 1, "entrada": 188595.0, "saida": 188590.0, "pnl_bruto": -5.0, "pnl_liquido": -9.0, "duracao_s": 3.02, "motivo": "imbalance_inverteu", "imbalance_entrada": 0.94, "imbalance_saida": -0.688, "pnl_dia": -29.0, "bloqueado": null, "codigo": "replay:2026-09-16", "config_sha": "538457d8a0d0", "event": "ea.micro.saida", "level": "info", "timestamp": "2026-09-25T04:29:38.274374Z"}
{"acao": "comprar", "motivo": "imbalance=+0.92 persistiu 300ms", "sinal": 0.922, "feature": "microprice", "event": "ea.decisao_dry_run", "level": "info", "timestamp": "2026-09-25T04:29:38.275384Z"}
{"nome": "ea_microprice", "lado": 1, "preco": 188615.0, "preco_topo": 188615.0, "imbalance": 0.922, "micro": 188614.8, "spread": 5.0, "codigo": "replay:2026-09-16", "config_sha": "538457d8a0d0", "event": "ea.micro.entrada", "level": "info", "timestamp": "2026-09-25T04:29:38.275447Z"}
{"acao": "zerar", "motivo": "imbalance_inverteu", "sinal": 0.0, "feature": "microprice", "event": "ea.decisao_dry_run", "level": "info", "timestamp": "2026-09-25T04:29:38.275730Z"}
{"nome": "ea_microprice", "lado": 1, "entrada": 188615.0, "saida": 188625.0, "pnl_bruto": 10.0, "pnl_liquido": 6.0, "duracao_s": 1.1, "motivo": "imbalance_inverteu", "imbalance_entrada": 0.922, "imbalance_saida": -0.535, "pnl_dia": -23.0, "bloqueado": null, "codigo": "replay:2026-09-16", "config_sha": "538457d8a0d0", "event": "ea.micro.saida", "level": "info", "timestamp": "2026-09-25T04:29:38.275801Z"}
{"acao": "vender", "motivo": "imbalance=-0.74 persistiu 300ms", "sinal": -0.74, "feature": "microprice", "event": "ea.decisao_dry_run", "level": "info", "timestamp": "2026-09-25T04:29:38.277225Z"}
{"nome": "ea_microprice", "lado": -1, "preco": 188660.0, "preco_topo": 188660.0, "imbalance": -0.74, "micro": 188660.65, "spread": 5.0, "codigo": "replay:2026-09-16", "config_sha": "538457d8a0d0", "event": "ea.micro.entrada", "level": "info", "timestamp": "2026-09-25T04:29:38.277285Z"}
{"acao": "zerar", "motivo": "alvo", "sinal": 0.0, "feature": "microprice", "event": "ea.decisao_dry_run", "level": "info", "timestamp": "2026-09-25T04:29:38.277936Z"}
{"nome": "ea_microprice", "lado": -1, "entrada": 188660.0, "saida": 188645.0, "pnl_bruto": 15.0, "pnl_liquido": 11.0, "duracao_s": 3.2, "motivo": "alvo", "imbalance_entrada": -0.74, "imbalance_saida": 0.532, "pnl_dia": -12.0, "bloqueado": null, "codigo": "replay:2026-09-16", "config_sha": "538457d8a0d0", "event": "ea.micro.saida", "level": "info", "timestamp": "2026-09-25T04:29:38.278000Z"}
{"acao": "comprar", "motivo": "imbalance=+0.65 persistiu 300ms", "sinal": 0.652, "feature": "microprice", "event": "ea.decisao_dry_run", "level": "info", "timestamp": "2026-09-25T04:29:38.282937Z"}
{"nome": "ea_microprice", "lado": 1, "preco": 188635.0, "preco_topo": 188635.0, "imbalance": 0.652, "micro": 188634.13, "spread": 5.0, "codigo": "replay:2026-09-16", "config_sha": "538457d8a0d0", "event": "ea.micro.entrada", "level": "info", "timestamp": "2026-09-25T04:29:38.283016Z"}
{"acao": "zerar", "motivo": "imbalance_inverteu", "sinal": 0.0, "feature": "microprice", "event": "ea.decisao_dry_run", "level": "info", "timestamp": "2026-09-25T04:29:38.283417Z"}
{"nome": "ea_microprice", "lado": 1, "entrada": 188635.0, "saida": 188640.0, "pnl_bruto": 5.0, "pnl_liquido": 1.0, "duracao_s": 1.73, "motivo": "imbalance_inverteu", "imbalance_entrada": 0.652, "imbalance_saida": -0.296, "pnl_dia": -11.0, "bloqueado": null, "codigo": "replay:2026-09-16", "config_sha": "538457d8a0d0", "event": "ea.micro.saida", "level": "info", "timestamp": "2026-09-25T04:29:38.283485Z"}
{"acao": "comprar", "motivo": "imbalance=+0.64 persistiu 300ms", "sinal": 0.636, "feature": "microprice", "event": "ea.decisao_dry_run", "level": "info", "timestamp": "2026-09-25T04:29:38.284276Z"}
{"nome": "ea_microprice", "lado": 1, "preco": 188665.0, "preco_topo": 188665.0, "imbalance": 0.636, "micro": 188664.09, "spread": 5.0, "codigo": "replay:2026-09-16", "config_sha": "538457d8a0d0", "event": "ea.micro.entrada", "level": "info", "timestamp": "2026-09-25T04:29:38.284336Z"}
{"acao": "zerar", "motivo": "stop", "sinal": 0.0, "feature": "microprice", "event": "ea.decisao_dry_run", "level": "info", "timestamp": "2026-09-25T04:29:38.284491Z"}
{"nome": "ea_microprice", "lado": 1, "entrada": 188665.0, "saida": 188650.0, "pnl_bruto": -15.0, "pnl_liquido": -19.0, "duracao_s": 0.29, "motivo": "stop", "imbalance_entrada": 0.636, "imbalance_saida": 0.957, "pnl_dia": -30.0, "bloqueado": null, "codigo": "replay:2026-09-16", "config_sha": "538457d8a0d0", "event": "ea.micro.saida", "level": "info", "timestamp": "2026-09-25T04:29:38.284558Z"}
{"acao": "comprar", "motivo": "imbalance=+0.93 persistiu 300ms", "sinal": 0.929, "feature": "microprice", "event": "ea.decisao_dry_run", "level": "info", "timestamp": "2026-09-25T04:29:38.287460Z"}
{"nome": "ea_microprice", "lado": 1, "preco": 188645.0, "preco_topo": 188645.0, "imbalance": 0.929, "micro": 188644.82, "spread": 5.0, "codigo": "replay:2026-09-16", "config_sha": "538457d8a0d0", "event": "ea.micro.entrada", "level": "info", "timestamp": "2026-09-25T04:29:38.287528Z"}
{"acao": "zerar", "motivo": "stop", "sinal": 0.0, "feature": "microprice", "event": "ea.decisao_dry_run", "level": "info", "timestamp": "2026-09-25T04:29:38.287632Z"}
{"nome": "ea_microprice", "lado": 1, "entrada": 188645.0, "saida": 188625.0, "pnl_bruto": -20.0, "pnl_liquido": -24.0, "duracao_s": 0.51, "motivo": "stop", "imbalance_entrada": 0.929, "imbalance_saida": 0.92, "pnl_dia": -54.0, "bloqueado": null, "codigo": "replay:2026-09-16", "config_sha": "538457d8a0d0", "event": "ea.micro.saida", "level": "info", "timestamp": "2026-09-25T04:29:38.287696Z"}
{"acao": "comprar", "motivo": "imbalance=+0.93 persistiu 300ms", "sinal": 0.925, "feature": "microprice", "event": "ea.decisao_dry_run", "level": "info", "timestamp": "2026-09-25T04:29:38.288113Z"}
{"nome": "ea_microprice", "lado": 1, "preco": 188615.0, "preco_topo": 188615.0, "imbalance": 0.925, "micro": 188614.81, "spread": 5.0, "codigo": "replay:2026-09-16", "config_sha": "538457d8a0d0", "event": "ea.micro.entrada", "level": "info", "timestamp": "2026-09-25T04:29:38.288172Z"}
{"acao": "zerar", "motivo": "alvo", "sinal": 0.0, "feature": "microprice", "event": "ea.decisao_dry_run", "level": "info", "timestamp": "2026-09-25T04:29:38.288615Z"}
{"nome": "ea_microprice", "lado": 1, "entrada": 188615.0, "saida": 188635.0, "pnl_bruto": 20.0, "pnl_liquido": 16.0, "duracao_s": 2.75, "motivo": "alvo", "imbalance_entrada": 0.925, "imbalance_saida": -0.638, "pnl_dia": -38.0, "bloqueado": null, "codigo": "replay:2026-09-16", "config_sha": "538457d8a0d0", "event": "ea.micro.saida", "level": "info", "timestamp": "2026-09-25T04:29:38.288683Z"}
{"acao": "comprar", "motivo": "imbalance=+0.63 persistiu 300ms", "sinal": 0.635, "feature": "microprice", "event": "ea.decisao_dry_run", "level": "info", "timestamp": "2026-09-25T04:29:38.291150Z"}
{"nome": "ea_microprice", "lado": 1, "preco": 188655.0, "preco_topo": 188655.0, "imbalance": 0.635, "micro": 188654.09, "spread": 5.0, "codigo": "replay:2026-09-16", "config_sha": "538457d8a0d0", "event": "ea.micro.entrada", "level": "info", "timestamp": "2026-09-25T04:29:38.291211Z"}
{"acao": "zerar", "motivo": "stop", "sinal": 0.0, "feature": "microprice", "event": "ea.decisao_dry_run", "level": "info", "timestamp": "2026-09-25T04:29:38.291467Z"}
{"nome": "ea_microprice", "lado": 1, "entrada": 188655.0, "saida": 188640.0, "pnl_bruto": -15.0, "pnl_liquido": -19.0, "duracao_s": 1.17, "motivo": "stop", "imbalance_entrada": 0.635, "imbalance_saida": 0.916, "pnl_dia": -57.0, "bloqueado": null, "codigo": "replay:2026-09-16", "config_sha": "538457d8a0d0", "event": "ea.micro.saida", "level": "info", "timestamp": "2026-09-25T04:29:38.291534Z"}
{"acao": "comprar", "motivo": "imbalance=+0.87 persistiu 300ms", "sinal": 0.87, "feature": "microprice", "event": "ea.decisao_dry_run", "level": "info", "timestamp": "2026-09-25T04:29:38.293742Z"}
{"nome": "ea_microprice", "lado": 1, "preco": 188615.0, "preco_topo": 188615.0, "imbalance": 0.87, "micro": 188614.67, "spread": 5.0, "codigo": "replay:2026-09-16", "config_sha": "538457d8a0d0", "event": "ea.micro.entrada", "level": "info", "timestamp": "2026-09-25T04:29:38.293802Z"}
{"acao": "zerar", "motivo": "imbalance_inverteu", "sinal": 0.0, "feature": "microprice", "event": "ea.decisao_dry_run", "level": "info", "timestamp": "2026-09-25T04:29:38.294106Z"}
{"nome": "ea_microprice", "lado": 1, "entrada": 188615.0, "saida": 188625.0, "pnl_bruto": 10.0, "pnl_liquido": 6.0, "duracao_s": 1.89, "motivo": "imbalance_inverteu", "imbalance_entrada": 0.87, "imbalance_saida": -0.531, "pnl_dia": -51.0, "bloqueado": null, "codigo": "replay:2026-09-16", "config_sha": "538457d8a0d0", "event": "ea.micro.saida", "level": "info", "timestamp": "2026-09-25T04:29:38.294169Z"}
{"acao": "comprar", "motivo": "imbalance=+0.82 persistiu 300ms", "sinal": 0.818, "feature": "microprice", "event": "ea.decisao_dry_run", "level": "info", "timestamp": "2026-09-25T04:29:38.294863Z"}
{"nome": "ea_microprice", "lado": 1, "preco": 188595.0, "preco_topo": 188595.0, "imbalance": 0.818, "micro": 188594.55, "spread": 5.0, "codigo": "replay:2026-09-16", "config_sha": "538457d8a0d0", "event": "ea.micro.entrada", "level": "info", "timestamp": "2026-09-25T04:29:38.294922Z"}
{"acao": "zerar", "motivo": "stop", "sinal": 0.0, "feature": "microprice", "event": "ea.decisao_dry_run", "level": "info", "timestamp": "2026-09-25T04:29:38.295099Z"}
{"nome": "ea_microprice", "lado": 1, "entrada": 188595.0, "saida": 188580.0, "pnl_bruto": -15.0, "pnl_liquido": -19.0, "duracao_s": 0.64, "motivo": "stop", "imbalance_entrada": 0.818, "imbalance_saida": 0.136, "pnl_dia": -70.0, "bloqueado": null, "codigo": "replay:2026-09-16", "config_sha": "538457d8a0d0", "event": "ea.micro.saida", "level": "info", "timestamp": "2026-09-25T04:29:38.295161Z"}
{"acao": "comprar", "motivo": "imbalance=+0.81 persistiu 300ms", "sinal": 0.81, "feature": "microprice", "event": "ea.decisao_dry_run", "level": "info", "timestamp": "2026-09-25T04:29:38.297466Z"}
{"nome": "ea_microprice", "lado": 1, "preco": 188405.0, "preco_topo": 188405.0, "imbalance": 0.81, "micro": 188404.53, "spread": 5.0, "codigo": "replay:2026-09-16", "config_sha": "538457d8a0d0", "event": "ea.micro.entrada", "level": "info", "timestamp": "2026-09-25T04:29:38.297537Z"}
{"acao": "zerar", "motivo": "stop", "sinal": 0.0, "feature": "microprice", "event": "ea.decisao_dry_run", "level": "info", "timestamp": "2026-09-25T04:29:38.298090Z"}
{"nome": "ea_microprice", "lado": 1, "entrada": 188405.0, "saida": 188390.0, "pnl_bruto": -15.0, "pnl_liquido": -19.0, "duracao_s": 2.76, "motivo": "stop", "imbalance_entrada": 0.81, "imbalance_saida": 0.63, "pnl_dia": -89.0, "bloqueado": null, "codigo": "replay:2026-09-16", "config_sha": "538457d8a0d0", "event": "ea.micro.saida", "level": "info", "timestamp": "2026-09-25T04:29:38.298156Z"}
{"acao": "comprar", "motivo": "imbalance=+0.88 persistiu 300ms", "sinal": 0.875, "feature": "microprice", "event": "ea.decisao_dry_run", "level": "info", "timestamp": "2026-09-25T04:29:38.300149Z"}
{"nome": "ea_microprice", "lado": 1, "preco": 188380.0, "preco_topo": 188380.0, "imbalance": 0.875, "micro": 188379.69, "spread": 5.0, "codigo": "replay:2026-09-16", "config_sha": "538457d8a0d0", "event": "ea.micro.entrada", "level": "info", "timestamp": "2026-09-25T04:29:38.300220Z"}
{"acao": "zerar", "motivo": "stop", "sinal": 0.0, "feature": "microprice", "event": "ea.decisao_dry_run", "level": "info", "timestamp": "2026-09-25T04:29:38.300323Z"}
{"nome": "ea_microprice", "lado": 1, "entrada": 188380.0, "saida": 188365.0, "pnl_bruto": -15.0, "pnl_liquido": -19.0, "duracao_s": 0.31, "motivo": "stop", "imbalance_entrada": 0.875, "imbalance_saida": 0.529, "pnl_dia": -108.0, "bloqueado": null, "codigo": "replay:2026-09-16", "config_sha": "538457d8a0d0", "event": "ea.micro.saida", "level": "info", "timestamp": "2026-09-25T04:29:38.300386Z"}
{"acao": "comprar", "motivo": "imbalance=+0.64 persistiu 300ms", "sinal": 0.644, "feature": "microprice", "event": "ea.decisao_dry_run", "level": "info", "timestamp": "2026-09-25T04:29:38.301153Z"}
{"nome": "ea_microprice", "lado": 1, "preco": 188385.0, "preco_topo": 188385.0, "imbalance": 0.644, "micro": 188384.11, "spread": 5.0, "codigo": "replay:2026-09-16", "config_sha": "538457d8a0d0", "event": "ea.micro.entrada", "level": "info", "timestamp": "2026-09-25T04:29:38.301212Z"}
{"acao": "zerar", "motivo": "alvo", "sinal": 0.0, "feature": "microprice", "event": "ea.decisao_dry_run", "level": "info", "timestamp": "2026-09-25T04:29:38.301634Z"}
{"nome": "ea_microprice", "lado": 1, "entrada": 188385.0, "saida": 188400.0, "pnl_bruto": 15.0, "pnl_liquido": 11.0, "duracao_s": 1.69, "motivo": "alvo", "imbalance_entrada": 0.644, "imbalance_saida": -0.487, "pnl_dia": -97.0, "bloqueado": null, "codigo": "replay:2026-09-16", "config_sha": "538457d8a0d0", "event": "ea.micro.saida", "level": "info", "timestamp": "2026-09-25T04:29:38.301699Z"}
{"acao": "comprar", "motivo": "imbalance=+0.96 persistiu 300ms", "sinal": 0.958, "feature": "microprice", "event": "ea.decisao_dry_run", "level": "info", "timestamp": "2026-09-25T04:29:38.302842Z"}
{"nome": "ea_microprice", "lado": 1, "preco": 188380.0, "preco_topo": 188380.0, "imbalance": 0.958, "micro": 188379.9, "spread": 5.0, "codigo": "replay:2026-09-16", "config_sha": "538457d8a0d0", "event": "ea.micro.entrada", "level": "info", "timestamp": "2026-09-25T04:29:38.302903Z"}
{"acao": "zerar", "motivo": "imbalance_inverteu", "sinal": 0.0, "feature": "microprice", "event": "ea.decisao_dry_run", "level": "info", "timestamp": "2026-09-25T04:29:38.303280Z"}
{"nome": "ea_microprice", "lado": 1, "entrada": 188380.0, "saida": 188385.0, "pnl_bruto": 5.0, "pnl_liquido": 1.0, "duracao_s": 2.09, "motivo": "imbalance_inverteu", "imbalance_entrada": 0.958, "imbalance_saida": -0.2, "pnl_dia": -96.0, "bloqueado": null, "codigo": "replay:2026-09-16", "config_sha": "538457d8a0d0", "event": "ea.micro.saida", "level": "info", "timestamp": "2026-09-25T04:29:38.303345Z"}
{"acao": "vender", "motivo": "imbalance=-0.79 persistiu 300ms", "sinal": -0.792, "feature": "microprice", "event": "ea.decisao_dry_run", "level": "info", "timestamp": "2026-09-25T04:29:38.307648Z"}
{"nome": "ea_microprice", "lado": -1, "preco": 188390.0, "preco_topo": 188390.0, "imbalance": -0.792, "micro": 188390.52, "spread": 5.0, "codigo": "replay:2026-09-16", "config_sha": "538457d8a0d0", "event": "ea.micro.entrada", "level": "info", "timestamp": "2026-09-25T04:29:38.307710Z"}
{"acao": "zerar", "motivo": "imbalance_inverteu", "sinal": 0.0, "feature": "microprice", "event": "ea.decisao_dry_run", "level": "info", "timestamp": "2026-09-25T04:29:38.307899Z"}
{"nome": "ea_microprice", "lado": -1, "entrada": 188390.0, "saida": 188395.0, "pnl_bruto": -5.0, "pnl_liquido": -9.0, "duracao_s": 0.69, "motivo": "imbalance_inverteu", "imbalance_entrada": -0.792, "imbalance_saida": 0.536, "pnl_dia": -105.0, "bloqueado": null, "codigo": "replay:2026-09-16", "config_sha": "538457d8a0d0", "event": "ea.micro.saida", "level": "info", "timestamp": "2026-09-25T04:29:38.307962Z"}
{"acao": "comprar", "motivo": "imbalance=+0.92 persistiu 300ms", "sinal": 0.922, "feature": "microprice", "event": "ea.decisao_dry_run", "level": "info", "timestamp": "2026-09-25T04:29:38.310020Z"}
{"nome": "ea_microprice", "lado": 1, "preco": 188430.0, "preco_topo": 188430.0, "imbalance": 0.922, "micro": 188429.8, "spread": 5.0, "codigo": "replay:2026-09-16", "config_sha": "538457d8a0d0", "event": "ea.micro.entrada", "level": "info", "timestamp": "2026-09-25T04:29:38.310080Z"}
{"acao": "zerar", "motivo": "imbalance_inverteu", "sinal": 0.0, "feature": "microprice", "event": "ea.decisao_dry_run", "level": "info", "timestamp": "2026-09-25T04:29:38.310809Z"}
{"nome": "ea_microprice", "lado": 1, "entrada": 188430.0, "saida": 188425.0, "pnl_bruto": -5.0, "pnl_liquido": -9.0, "duracao_s": 4.53, "motivo": "imbalance_inverteu", "imbalance_entrada": 0.922, "imbalance_saida": -0.915, "pnl_dia": -114.0, "bloqueado": null, "codigo": "replay:2026-09-16", "config_sha": "538457d8a0d0", "event": "ea.micro.saida", "level": "info", "timestamp": "2026-09-25T04:29:38.310872Z"}
{"acao": "vender", "motivo": "imbalance=-0.97 persistiu 300ms", "sinal": -0.972, "feature": "microprice", "event": "ea.decisao_dry_run", "level": "info", "timestamp": "2026-09-25T04:29:38.313469Z"}
{"nome": "ea_microprice", "lado": -1, "preco": 188445.0, "preco_topo": 188445.0, "imbalance": -0.972, "micro": 188445.07, "spread": 5.0, "codigo": "replay:2026-09-16", "config_sha": "538457d8a0d0", "event": "ea.micro.entrada", "level": "info", "timestamp": "2026-09-25T04:29:38.313556Z"}
{"acao": "zerar", "motivo": "imbalance_inverteu", "sinal": 0.0, "feature": "microprice", "event": "ea.decisao_dry_run", "level": "info", "timestamp": "2026-09-25T04:29:38.313772Z"}
{"nome": "ea_microprice", "lado": -1, "entrada": 188445.0, "saida": 188445.0, "pnl_bruto": -0.0, "pnl_liquido": -4.0, "duracao_s": 0.8, "motivo": "imbalance_inverteu", "imbalance_entrada": -0.972, "imbalance_saida": 0.059, "pnl_dia": -118.0, "bloqueado": null, "codigo": "replay:2026-09-16", "config_sha": "538457d8a0d0", "event": "ea.micro.saida", "level": "info", "timestamp": "2026-09-25T04:29:38.313840Z"}
{"acao": "comprar", "motivo": "imbalance=+0.96 persistiu 300ms", "sinal": 0.963, "feature": "microprice", "event": "ea.decisao_dry_run", "level": "info", "timestamp": "2026-09-25T04:29:38.314273Z"}
{"nome": "ea_microprice", "lado": 1, "preco": 188450.0, "preco_topo": 188450.0, "imbalance": 0.963, "micro": 188449.91, "spread": 5.0, "codigo": "replay:2026-09-16", "config_sha": "538457d8a0d0", "event": "ea.micro.entrada", "level": "info", "timestamp": "2026-09-25T04:29:38.314332Z"}
{"acao": "zerar", "motivo": "imbalance_inverteu", "sinal": 0.0, "feature": "microprice", "event": "ea.decisao_dry_run", "level": "info", "timestamp": "2026-09-25T04:29:38.314680Z"}
{"nome": "ea_microprice", "lado": 1, "entrada": 188450.0, "saida": 188450.0, "pnl_bruto": 0.0, "pnl_liquido": -4.0, "duracao_s": 1.72, "motivo": "imbalance_inverteu", "imbalance_entrada": 0.963, "imbalance_saida": -0.474, "pnl_dia": -122.0, "bloqueado": null, "codigo": "replay:2026-09-16", "config_sha": "538457d8a0d0", "event": "ea.micro.saida", "level": "info", "timestamp": "2026-09-25T04:29:38.314748Z"}
{"acao": "vender", "motivo": "imbalance=-0.85 persistiu 300ms", "sinal": -0.846, "feature": "microprice", "event": "ea.decisao_dry_run", "level": "info", "timestamp": "2026-09-25T04:29:38.315847Z"}
{"nome": "ea_microprice", "lado": -1, "preco": 188450.0, "preco_topo": 188450.0, "imbalance": -0.846, "micro": 188450.38, "spread": 5.0, "codigo": "replay:2026-09-16", "config_sha": "538457d8a0d0", "event": "ea.micro.entrada", "level": "info", "timestamp": "2026-09-25T04:29:38.315907Z"}
{"acao": "zerar", "motivo": "imbalance_inverteu", "sinal": 0.0, "feature": "microprice", "event": "ea.decisao_dry_run", "level": "info", "timestamp": "2026-09-25T04:29:38.316088Z"}
{"nome": "ea_microprice", "lado": -1, "entrada": 188450.0, "saida": 188455.0, "pnl_bruto": -5.0, "pnl_liquido": -9.0, "duracao_s": 0.59, "motivo": "imbalance_inverteu", "imbalance_entrada": -0.846, "imbalance_saida": 0.846, "pnl_dia": -131.0, "bloqueado": null, "codigo": "replay:2026-09-16", "config_sha": "538457d8a0d0", "event": "ea.micro.saida", "level": "info", "timestamp": "2026-09-25T04:29:38.316151Z"}
{"acao": "comprar", "motivo": "imbalance=+0.67 persistiu 300ms", "sinal": 0.667, "feature": "microprice", "event": "ea.decisao_dry_run", "level": "info", "timestamp": "2026-09-25T04:29:38.317434Z"}
{"nome": "ea_microprice", "lado": 1, "preco": 188450.0, "preco_topo": 188450.0, "imbalance": 0.667, "micro": 188449.17, "spread": 5.0, "codigo": "replay:2026-09-16", "config_sha": "538457d8a0d0", "event": "ea.micro.entrada", "level": "info", "timestamp": "2026-09-25T04:29:38.317494Z"}
{"acao": "zerar", "motivo": "alvo", "sinal": 0.0, "feature": "microprice", "event": "ea.decisao_dry_run", "level": "info", "timestamp": "2026-09-25T04:29:38.317850Z"}
{"nome": "ea_microprice", "lado": 1, "entrada": 188450.0, "saida": 188465.0, "pnl_bruto": 15.0, "pnl_liquido": 11.0, "duracao_s": 2.71, "motivo": "alvo", "imbalance_entrada": 0.667, "imbalance_saida": -0.947, "pnl_dia": -120.0, "bloqueado": null, "codigo": "replay:2026-09-16", "config_sha": "538457d8a0d0", "event": "ea.micro.saida", "level": "info", "timestamp": "2026-09-25T04:29:38.317913Z"}
{"acao": "comprar", "motivo": "imbalance=+0.90 persistiu 300ms", "sinal": 0.897, "feature": "microprice", "event": "ea.decisao_dry_run", "level": "info", "timestamp": "2026-09-25T04:29:38.318327Z"}
{"nome": "ea_microprice", "lado": 1, "preco": 188460.0, "preco_topo": 188460.0, "imbalance": 0.897, "micro": 188459.74, "spread": 5.0, "codigo": "replay:2026-09-16", "config_sha": "538457d8a0d0", "event": "ea.micro.entrada", "level": "info", "timestamp": "2026-09-25T04:29:38.318386Z"}
{"acao": "zerar", "motivo": "alvo", "sinal": 0.0, "feature": "microprice", "event": "ea.decisao_dry_run", "level": "info", "timestamp": "2026-09-25T04:29:38.318901Z"}
{"nome": "ea_microprice", "lado": 1, "entrada": 188460.0, "saida": 188475.0, "pnl_bruto": 15.0, "pnl_liquido": 11.0, "duracao_s": 4.16, "motivo": "alvo", "imbalance_entrada": 0.897, "imbalance_saida": -0.573, "pnl_dia": -109.0, "bloqueado": null, "codigo": "replay:2026-09-16", "config_sha": "538457d8a0d0", "event": "ea.micro.saida", "level": "info", "timestamp": "2026-09-25T04:29:38.318965Z"}
{"acao": "comprar", "motivo": "imbalance=+0.61 persistiu 300ms", "sinal": 0.613, "feature": "microprice", "event": "ea.decisao_dry_run", "level": "info", "timestamp": "2026-09-25T04:29:38.319654Z"}
{"nome": "ea_microprice", "lado": 1, "preco": 188465.0, "preco_topo": 188465.0, "imbalance": 0.613, "micro": 188464.03, "spread": 5.0, "codigo": "replay:2026-09-16", "config_sha": "538457d8a0d0", "event": "ea.micro.entrada", "level": "info", "timestamp": "2026-09-25T04:29:38.319713Z"}
{"acao": "zerar", "motivo": "stop", "sinal": 0.0, "feature": "microprice", "event": "ea.decisao_dry_run", "level": "info", "timestamp": "2026-09-25T04:29:38.320245Z"}
{"nome": "ea_microprice", "lado": 1, "entrada": 188465.0, "saida": 188430.0, "pnl_bruto": -35.0, "pnl_liquido": -39.0, "duracao_s": 3.87, "motivo": "stop", "imbalance_entrada": 0.613, "imbalance_saida": -0.643, "pnl_dia": -148.0, "bloqueado": null, "codigo": "replay:2026-09-16", "config_sha": "538457d8a0d0", "event": "ea.micro.saida", "level": "info", "timestamp": "2026-09-25T04:29:38.320308Z"}
{"acao": "comprar", "motivo": "imbalance=+0.88 persistiu 300ms", "sinal": 0.878, "feature": "microprice", "event": "ea.decisao_dry_run", "level": "info", "timestamp": "2026-09-25T04:29:38.321040Z"}
{"nome": "ea_microprice", "lado": 1, "preco": 188445.0, "preco_topo": 188445.0, "imbalance": 0.878, "micro": 188444.69, "spread": 5.0, "codigo": "replay:2026-09-16", "config_sha": "538457d8a0d0", "event": "ea.micro.entrada", "level": "info", "timestamp": "2026-09-25T04:29:38.321104Z"}
{"acao": "zerar", "motivo": "stop", "sinal": 0.0, "feature": "microprice", "event": "ea.decisao_dry_run", "level": "info", "timestamp": "2026-09-25T04:29:38.321250Z"}
{"nome": "ea_microprice", "lado": 1, "entrada": 188445.0, "saida": 188430.0, "pnl_bruto": -15.0, "pnl_liquido": -19.0, "duracao_s": 0.47, "motivo": "stop", "imbalance_entrada": 0.878, "imbalance_saida": -0.333, "pnl_dia": -167.0, "bloqueado": null, "codigo": "replay:2026-09-16", "config_sha": "538457d8a0d0", "event": "ea.micro.saida", "level": "info", "timestamp": "2026-09-25T04:29:38.321312Z"}
{"acao": "comprar", "motivo": "imbalance=+0.85 persistiu 300ms", "sinal": 0.848, "feature": "microprice", "event": "ea.decisao_dry_run", "level": "info", "timestamp": "2026-09-25T04:29:38.322897Z"}
{"nome": "ea_microprice", "lado": 1, "preco": 188475.0, "preco_topo": 188475.0, "imbalance": 0.848, "micro": 188474.62, "spread": 5.0, "codigo": "replay:2026-09-16", "config_sha": "538457d8a0d0", "event": "ea.micro.entrada", "level": "info", "timestamp": "2026-09-25T04:29:38.322956Z"}
{"acao": "zerar", "motivo": "stop", "sinal": 0.0, "feature": "microprice", "event": "ea.decisao_dry_run", "level": "info", "timestamp": "2026-09-25T04:29:38.323207Z"}
{"nome": "ea_microprice", "lado": 1, "entrada": 188475.0, "saida": 188460.0, "pnl_bruto": -15.0, "pnl_liquido": -19.0, "duracao_s": 0.96, "motivo": "stop", "imbalance_entrada": 0.848, "imbalance_saida": 0.625, "pnl_dia": -186.0, "bloqueado": null, "codigo": "replay:2026-09-16", "config_sha": "538457d8a0d0", "event": "ea.micro.saida", "level": "info", "timestamp": "2026-09-25T04:29:38.323270Z"}
{"acao": "vender", "motivo": "imbalance=-0.79 persistiu 300ms", "sinal": -0.787, "feature": "microprice", "event": "ea.decisao_dry_run", "level": "info", "timestamp": "2026-09-25T04:29:38.326058Z"}
{"nome": "ea_microprice", "lado": -1, "preco": 188435.0, "preco_topo": 188435.0, "imbalance": -0.787, "micro": 188435.53, "spread": 5.0, "codigo": "replay:2026-09-16", "config_sha": "538457d8a0d0", "event": "ea.micro.entrada", "level": "info", "timestamp": "2026-09-25T04:29:38.326131Z"}
{"acao": "zerar", "motivo": "stop", "sinal": 0.0, "feature": "microprice", "event": "ea.decisao_dry_run", "level": "info", "timestamp": "2026-09-25T04:29:38.326407Z"}
{"nome": "ea_microprice", "lado": -1, "entrada": 188435.0, "saida": 188450.0, "pnl_bruto": -15.0, "pnl_liquido": -19.0, "duracao_s": 1.06, "motivo": "stop", "imbalance_entrada": -0.787, "imbalance_saida": -0.147, "pnl_dia": -205.0, "bloqueado": null, "codigo": "replay:2026-09-16", "config_sha": "538457d8a0d0", "event": "ea.micro.saida", "level": "info", "timestamp": "2026-09-25T04:29:38.326471Z"}
{"acao": "comprar", "motivo": "imbalance=+0.61 persistiu 300ms", "sinal": 0.613, "feature": "microprice", "event": "ea.decisao_dry_run", "level": "info", "timestamp": "2026-09-25T04:29:38.327170Z"}
{"nome": "ea_microprice", "lado": 1, "preco": 188460.0, "preco_topo": 188460.0, "imbalance": 0.613, "micro": 188459.03, "spread": 5.0, "codigo": "replay:2026-09-16", "config_sha": "538457d8a0d0", "event": "ea.micro.entrada", "level": "info", "timestamp": "2026-09-25T04:29:38.327230Z"}
{"acao": "zerar", "motivo": "imbalance_inverteu", "sinal": 0.0, "feature": "microprice", "event": "ea.decisao_dry_run", "level": "info", "timestamp": "2026-09-25T04:29:38.327752Z"}
{"nome": "ea_microprice", "lado": 1, "entrada": 188460.0, "saida": 188465.0, "pnl_bruto": 5.0, "pnl_liquido": 1.0, "duracao_s": 2.48, "motivo": "imbalance_inverteu", "imbalance_entrada": 0.613, "imbalance_saida": -0.472, "pnl_dia": -204.0, "bloqueado": null, "codigo": "replay:2026-09-16", "config_sha": "538457d8a0d0", "event": "ea.micro.saida", "level": "info", "timestamp": "2026-09-25T04:29:38.327822Z"}
{"acao": "comprar", "motivo": "imbalance=+0.90 persistiu 300ms", "sinal": 0.902, "feature": "microprice", "event": "ea.decisao_dry_run", "level": "info", "timestamp": "2026-09-25T04:29:38.331026Z"}
{"nome": "ea_microprice", "lado": 1, "preco": 188510.0, "preco_topo": 188510.0, "imbalance": 0.902, "micro": 188509.75, "spread": 5.0, "codigo": "replay:2026-09-16", "config_sha": "538457d8a0d0", "event": "ea.micro.entrada", "level": "info", "timestamp": "2026-09-25T04:29:38.331093Z"}
{"acao": "zerar", "motivo": "stop", "sinal": 0.0, "feature": "microprice", "event": "ea.decisao_dry_run", "level": "info", "timestamp": "2026-09-25T04:29:38.332853Z"}
{"nome": "ea_microprice", "lado": 1, "entrada": 188510.0, "saida": 188495.0, "pnl_bruto": -15.0, "pnl_liquido": -19.0, "duracao_s": 10.44, "motivo": "stop", "imbalance_entrada": 0.902, "imbalance_saida": 0.527, "pnl_dia": -223.0, "bloqueado": null, "codigo": "replay:2026-09-16", "config_sha": "538457d8a0d0", "event": "ea.micro.saida", "level": "info", "timestamp": "2026-09-25T04:29:38.332918Z"}
{"acao": "comprar", "motivo": "imbalance=+0.70 persistiu 300ms", "sinal": 0.697, "feature": "microprice", "event": "ea.decisao_dry_run", "level": "info", "timestamp": "2026-09-25T04:29:38.333431Z"}
{"nome": "ea_microprice", "lado": 1, "preco": 188490.0, "preco_topo": 188490.0, "imbalance": 0.697, "micro": 188489.24, "spread": 5.0, "codigo": "replay:2026-09-16", "config_sha": "538457d8a0d0", "event": "ea.micro.entrada", "level": "info", "timestamp": "2026-09-25T04:29:38.333491Z"}
{"acao": "zerar", "motivo": "stop", "sinal": 0.0, "feature": "microprice", "event": "ea.decisao_dry_run", "level": "info", "timestamp": "2026-09-25T04:29:38.333725Z"}
{"nome": "ea_microprice", "lado": 1, "entrada": 188490.0, "saida": 188475.0, "pnl_bruto": -15.0, "pnl_liquido": -19.0, "duracao_s": 0.95, "motivo": "stop", "imbalance_entrada": 0.697, "imbalance_saida": 0.712, "pnl_dia": -242.0, "bloqueado": null, "codigo": "replay:2026-09-16", "config_sha": "538457d8a0d0", "event": "ea.micro.saida", "level": "info", "timestamp": "2026-09-25T04:29:38.333788Z"}
{"acao": "comprar", "motivo": "imbalance=+0.91 persistiu 300ms", "sinal": 0.915, "feature": "microprice", "event": "ea.decisao_dry_run", "level": "info", "timestamp": "2026-09-25T04:29:38.335416Z"}
{"nome": "ea_microprice", "lado": 1, "preco": 188495.0, "preco_topo": 188495.0, "imbalance": 0.915, "micro": 188494.79, "spread": 5.0, "codigo": "replay:2026-09-16", "config_sha": "538457d8a0d0", "event": "ea.micro.entrada", "level": "info", "timestamp": "2026-09-25T04:29:38.335479Z"}
{"acao": "zerar", "motivo": "stop", "sinal": 0.0, "feature": "microprice", "event": "ea.decisao_dry_run", "level": "info", "timestamp": "2026-09-25T04:29:38.335997Z"}
{"nome": "ea_microprice", "lado": 1, "entrada": 188495.0, "saida": 188480.0, "pnl_bruto": -15.0, "pnl_liquido": -19.0, "duracao_s": 3.26, "motivo": "stop", "imbalance_entrada": 0.915, "imbalance_saida": 0.511, "pnl_dia": -261.0, "bloqueado": null, "codigo": "replay:2026-09-16", "config_sha": "538457d8a0d0", "event": "ea.micro.saida", "level": "info", "timestamp": "2026-09-25T04:29:38.336061Z"}
{"acao": "comprar", "motivo": "imbalance=+0.81 persistiu 300ms", "sinal": 0.811, "feature": "microprice", "event": "ea.decisao_dry_run", "level": "info", "timestamp": "2026-09-25T04:29:38.338095Z"}
{"nome": "ea_microprice", "lado": 1, "preco": 188500.0, "preco_topo": 188500.0, "imbalance": 0.811, "micro": 188499.53, "spread": 5.0, "codigo": "replay:2026-09-16", "config_sha": "538457d8a0d0", "event": "ea.micro.entrada", "level": "info", "timestamp": "2026-09-25T04:29:38.338155Z"}
{"acao": "zerar", "motivo": "imbalance_inverteu", "sinal": 0.0, "feature": "microprice", "event": "ea.decisao_dry_run", "level": "info", "timestamp": "2026-09-25T04:29:38.338498Z"}
{"nome": "ea_microprice", "lado": 1, "entrada": 188500.0, "saida": 188495.0, "pnl_bruto": -5.0, "pnl_liquido": -9.0, "duracao_s": 2.16, "motivo": "imbalance_inverteu", "imbalance_entrada": 0.811, "imbalance_saida": -0.158, "pnl_dia": -270.0, "bloqueado": null, "codigo": "replay:2026-09-16", "config_sha": "538457d8a0d0", "event": "ea.micro.saida", "level": "info", "timestamp": "2026-09-25T04:29:38.338561Z"}
{"acao": "comprar", "motivo": "imbalance=+0.98 persistiu 300ms", "sinal": 0.977, "feature": "microprice", "event": "ea.decisao_dry_run", "level": "info", "timestamp": "2026-09-25T04:29:38.339943Z"}
{"nome": "ea_microprice", "lado": 1, "preco": 188475.0, "preco_topo": 188475.0, "imbalance": 0.977, "micro": 188474.94, "spread": 5.0, "codigo": "replay:2026-09-16", "config_sha": "538457d8a0d0", "event": "ea.micro.entrada", "level": "info", "timestamp": "2026-09-25T04:29:38.340004Z"}
{"acao": "zerar", "motivo": "imbalance_inverteu", "sinal": 0.0, "feature": "microprice", "event": "ea.decisao_dry_run", "level": "info", "timestamp": "2026-09-25T04:29:38.340322Z"}
{"nome": "ea_microprice", "lado": 1, "entrada": 188475.0, "saida": 188480.0, "pnl_bruto": 5.0, "pnl_liquido": 1.0, "duracao_s": 1.97, "motivo": "imbalance_inverteu", "imbalance_entrada": 0.977, "imbalance_saida": -0.193, "pnl_dia": -269.0, "bloqueado": null, "codigo": "replay:2026-09-16", "config_sha": "538457d8a0d0", "event": "ea.micro.saida", "level": "info", "timestamp": "2026-09-25T04:29:38.340385Z"}
{"acao": "vender", "motivo": "imbalance=-0.88 persistiu 300ms", "sinal": -0.882, "feature": "microprice", "event": "ea.decisao_dry_run", "level": "info", "timestamp": "2026-09-25T04:29:38.341372Z"}
{"nome": "ea_microprice", "lado": -1, "preco": 188505.0, "preco_topo": 188505.0, "imbalance": -0.882, "micro": 188505.29, "spread": 5.0, "codigo": "replay:2026-09-16", "config_sha": "538457d8a0d0", "event": "ea.micro.entrada", "level": "info", "timestamp": "2026-09-25T04:29:38.341431Z"}
{"acao": "zerar", "motivo": "imbalance_inverteu", "sinal": 0.0, "feature": "microprice", "event": "ea.decisao_dry_run", "level": "info", "timestamp": "2026-09-25T04:29:38.341598Z"}
{"nome": "ea_microprice", "lado": -1, "entrada": 188505.0, "saida": 188495.0, "pnl_bruto": 10.0, "pnl_liquido": 6.0, "duracao_s": 1.23, "motivo": "imbalance_inverteu", "imbalance_entrada": -0.882, "imbalance_saida": 0.103, "pnl_dia": -263.0, "bloqueado": null, "codigo": "replay:2026-09-16", "config_sha": "538457d8a0d0", "event": "ea.micro.saida", "level": "info", "timestamp": "2026-09-25T04:29:38.341661Z"}
{"acao": "comprar", "motivo": "imbalance=+0.71 persistiu 300ms", "sinal": 0.708, "feature": "microprice", "event": "ea.decisao_dry_run", "level": "info", "timestamp": "2026-09-25T04:29:38.342632Z"}
{"nome": "ea_microprice", "lado": 1, "preco": 188500.0, "preco_topo": 188500.0, "imbalance": 0.708, "micro": 188499.27, "spread": 5.0, "codigo": "replay:2026-09-16", "config_sha": "538457d8a0d0", "event": "ea.micro.entrada", "level": "info", "timestamp": "2026-09-25T04:29:38.342692Z"}
{"acao": "zerar", "motivo": "imbalance_inverteu", "sinal": 0.0, "feature": "microprice", "event": "ea.decisao_dry_run", "level": "info", "timestamp": "2026-09-25T04:29:38.342920Z"}
{"nome": "ea_microprice", "lado": 1, "entrada": 188500.0, "saida": 188500.0, "pnl_bruto": 0.0, "pnl_liquido": -4.0, "duracao_s": 1.4, "motivo": "imbalance_inverteu", "imbalance_entrada": 0.708, "imbalance_saida": -0.571, "pnl_dia": -267.0, "bloqueado": null, "codigo": "replay:2026-09-16", "config_sha": "538457d8a0d0", "event": "ea.micro.saida", "level": "info", "timestamp": "2026-09-25T04:29:38.342982Z"}
{"acao": "comprar", "motivo": "imbalance=+0.76 persistiu 300ms", "sinal": 0.757, "feature": "microprice", "event": "ea.decisao_dry_run", "level": "info", "timestamp": "2026-09-25T04:29:38.343433Z"}
{"nome": "ea_microprice", "lado": 1, "preco": 188480.0, "preco_topo": 188480.0, "imbalance": 0.757, "micro": 188479.39, "spread": 5.0, "codigo": "replay:2026-09-16", "config_sha": "538457d8a0d0", "event": "ea.micro.entrada", "level": "info", "timestamp": "2026-09-25T04:29:38.343492Z"}
{"acao": "zerar", "motivo": "imbalance_inverteu", "sinal": 0.0, "feature": "microprice", "event": "ea.decisao_dry_run", "level": "info", "timestamp": "2026-09-25T04:29:38.344284Z"}
{"nome": "ea_microprice", "lado": 1, "entrada": 188480.0, "saida": 188480.0, "pnl_bruto": 0.0, "pnl_liquido": -4.0, "duracao_s": 4.71, "motivo": "imbalance_inverteu", "imbalance_entrada": 0.757, "imbalance_saida": -0.538, "pnl_dia": -271.0, "bloqueado": null, "codigo": "replay:2026-09-16", "config_sha": "538457d8a0d0", "event": "ea.micro.saida", "level": "info", "timestamp": "2026-09-25T04:29:38.344347Z"}
{"acao": "comprar", "motivo": "imbalance=+0.75 persistiu 300ms", "sinal": 0.75, "feature": "microprice", "event": "ea.decisao_dry_run", "level": "info", "timestamp": "2026-09-25T04:29:38.347251Z"}
{"nome": "ea_microprice", "lado": 1, "preco": 188490.0, "preco_topo": 188490.0, "imbalance": 0.75, "micro": 188489.38, "spread": 5.0, "codigo": "replay:2026-09-16", "config_sha": "538457d8a0d0", "event": "ea.micro.entrada", "level": "info", "timestamp": "2026-09-25T04:29:38.347314Z"}
{"acao": "zerar", "motivo": "stop", "sinal": 0.0, "feature": "microprice", "event": "ea.decisao_dry_run", "level": "info", "timestamp": "2026-09-25T04:29:38.347576Z"}
{"nome": "ea_microprice", "lado": 1, "entrada": 188490.0, "saida": 188475.0, "pnl_bruto": -15.0, "pnl_liquido": -19.0, "duracao_s": 1.29, "motivo": "stop", "imbalance_entrada": 0.75, "imbalance_saida": 0.969, "pnl_dia": -290.0, "bloqueado": null, "codigo": "replay:2026-09-16", "config_sha": "538457d8a0d0", "event": "ea.micro.saida", "level": "info", "timestamp": "2026-09-25T04:29:38.347639Z"}
{"acao": "comprar", "motivo": "imbalance=+0.92 persistiu 300ms", "sinal": 0.918, "feature": "microprice", "event": "ea.decisao_dry_run", "level": "info", "timestamp": "2026-09-25T04:29:38.347951Z"}
{"nome": "ea_microprice", "lado": 1, "preco": 188455.0, "preco_topo": 188455.0, "imbalance": 0.918, "micro": 188454.8, "spread": 5.0, "codigo": "replay:2026-09-16", "config_sha": "538457d8a0d0", "event": "ea.micro.entrada", "level": "info", "timestamp": "2026-09-25T04:29:38.348009Z"}
{"acao": "zerar", "motivo": "stop", "sinal": 0.0, "feature": "microprice", "event": "ea.decisao_dry_run", "level": "info", "timestamp": "2026-09-25T04:29:38.348242Z"}
{"nome": "ea_microprice", "lado": 1, "entrada": 188455.0, "saida": 188440.0, "pnl_bruto": -15.0, "pnl_liquido": -19.0, "duracao_s": 1.09, "motivo": "stop", "imbalance_entrada": 0.918, "imbalance_saida": 0.3, "pnl_dia": -309.0, "bloqueado": "perda do dia -309 pts", "codigo": "replay:2026-09-16", "config_sha": "538457d8a0d0", "event": "ea.micro.saida", "level": "info", "timestamp": "2026-09-25T04:29:38.348306Z"}
{"nome": "ea_microprice", "trades": 0, "sinais_sem_vaga": 0, "operacoes": 41, "pct_ganho": 36.6, "pnl_bruto_pts": -145.0, "pnl_liquido_pts": -309.0, "duracao_media_s": 1.97, "saidas": {"stop": 17, "alvo": 7, "imbalance_inverteu": 17}, "bloqueado": "perda do dia -309 pts", "passivas": {}, "avaliacoes_filtradas": {"sem_livro": 85, "livro_cruzado": 20846, "spread_largo": 38615, "topo_raso": 1007, "fora_da_janela": 54, "cooldown": 26, "bloqueado": 10787}, "posicionado": false, "sonda": {"gatilhos": 2630, "suprimidos_refratario": 1243, "spread_medio_pts": 5.0, "h1s": {"n": 2630, "media_pts": 0.8, "pct_a_favor": 38.2, "pct_contra": 23.6}, "h5s": {"n": 2630, "media_pts": 1.69, "pct_a_favor": 47.5, "pct_contra": 36.2}, "h30s": {"n": 2630, "media_pts": 3.36, "pct_a_favor": 48.9, "pct_contra": 43.9}}, "codigo": "replay:2026-09-16", "config_sha": "538457d8a0d0", "event": "ea.micro.resumo", "level": "warning", "timestamp": "2026-09-25T04:29:42.621798Z"}
{"dia": "2026-09-16", "episodios": 32278, "aberto_no_fim": true, "dur_ms_p50": 0.1, "dur_ms_p90": 3.2, "dur_ms_p99": 43.2, "dur_ms_max": 257488.6, "pct_ate_50ms": 99.1, "amostras": [{"ts_ns": 1789559700082466400, "lado_atualizado": 1, "bid": 169555.0, "qb": 1, "ask": 169555.0, "qa": 1490, "idade_outro_lado_ms": 0.0}, {"ts_ns": 1789559737729846700, "lado_atualizado": 1, "bid": 172500.0, "qb": 39355, "ask": 172500.0, "qa": 40125, "idade_outro_lado_ms": 0.0}, {"ts_ns": 1789559765568411000, "lado_atualizado": 1, "bid": 189530.0, "qb": 48080, "ask": 189530.0, "qa": 48081, "idade_outro_lado_ms": 1521.8}, {"ts_ns": 1789559773323732600, "lado_atualizado": 1, "bid": 188995.0, "qb": 48085, "ask": 188995.0, "qa": 48085, "idade_outro_lado_ms": 0.1}, {"ts_ns": 1789559777081536800, "lado_atualizado": 1, "bid": 187000.0, "qb": 48445, "ask": 187000.0, "qa": 48406, "idade_outro_lado_ms": 395.6}, {"ts_ns": 1789559780356946500, "lado_atualizado": 0, "bid": 188625.0, "qb": 48695, "ask": 188625.0, "qa": 48700, "idade_outro_lado_ms": 486.3}, {"ts_ns": 1789559780622041900, "lado_atualizado": 1, "bid": 188520.0, "qb": 48697, "ask": 188520.0, "qa": 48697, "idade_outro_lado_ms": 0.1}, {"ts_ns": 1789559784805298300, "lado_atualizado": 0, "bid": 199900.0, "qb": 50057, "ask": 199900.0, "qa": 49683, "idade_outro_lado_ms": 102.7}, {"ts_ns": 1789559802279653700, "lado_atualizado": 1, "bid": 186890.0, "qb": 50776, "ask": 186870.0, "qa": 50795, "idade_outro_lado_ms": 545.8}, {"ts_ns": 1789559807417984200, "lado_atualizado": 1, "bid": 186820.0, "qb": 51804, "ask": 186820.0, "qa": 51804, "idade_outro_lado_ms": 0.2}], "event": "ea_micro_replay.cruzado", "level": "info", "timestamp": "2026-09-25T04:29:42.625495Z"}
{"i": 6, "n": 10, "dia": "2026-09-17", "eventos": 1257586, "event": "ea_micro_replay.dia", "level": "info", "timestamp": "2026-09-25T04:29:49.928580Z"}
{"nome": "ea_microprice", "symbol": "WINFUT", "dry_run": true, "sem_livro": false, "limiar": 0.6, "persistencia_ms": 300, "alvo_ticks": 3, "stop_ticks": 3, "codigo": "replay:2026-09-17", "config_sha": "538457d8a0d0", "event": "ea.micro.iniciado", "level": "warning", "timestamp": "2026-09-25T04:29:49.977178Z"}
{"acao": "vender", "motivo": "imbalance=-0.80 persistiu 300ms", "sinal": -0.802, "feature": "microprice", "event": "ea.decisao_dry_run", "level": "info", "timestamp": "2026-09-25T04:29:50.011590Z"}
{"nome": "ea_microprice", "lado": -1, "preco": 188680.0, "preco_topo": 188680.0, "imbalance": -0.802, "micro": 188680.49, "spread": 5.0, "codigo": "replay:2026-09-17", "config_sha": "538457d8a0d0", "event": "ea.micro.entrada", "level": "info", "timestamp": "2026-09-25T04:29:50.011762Z"}
{"acao": "zerar", "motivo": "alvo", "sinal": 0.0, "feature": "microprice", "event": "ea.decisao_dry_run", "level": "info", "timestamp": "2026-09-25T04:29:50.011887Z"}
{"nome": "ea_microprice", "lado": -1, "entrada": 188680.0, "saida": 188655.0, "pnl_bruto": 25.0, "pnl_liquido": 21.0, "duracao_s": 0.92, "motivo": "alvo", "imbalance_entrada": -0.802, "imbalance_saida": -0.208, "pnl_dia": 21.0, "bloqueado": null, "codigo": "replay:2026-09-17", "config_sha": "538457d8a0d0", "event": "ea.micro.saida", "level": "info", "timestamp": "2026-09-25T04:29:50.011975Z"}
{"acao": "comprar", "motivo": "imbalance=+0.75 persistiu 300ms", "sinal": 0.746, "feature": "microprice", "event": "ea.decisao_dry_run", "level": "info", "timestamp": "2026-09-25T04:29:50.012863Z"}
{"nome": "ea_microprice", "lado": 1, "preco": 188750.0, "preco_topo": 188750.0, "imbalance": 0.746, "micro": 188749.37, "spread": 5.0, "codigo": "replay:2026-09-17", "config_sha": "538457d8a0d0", "event": "ea.micro.entrada", "level": "info", "timestamp": "2026-09-25T04:29:50.012924Z"}
{"acao": "zerar", "motivo": "imbalance_inverteu", "sinal": 0.0, "feature": "microprice", "event": "ea.decisao_dry_run", "level": "info", "timestamp": "2026-09-25T04:29:50.013104Z"}
{"nome": "ea_microprice", "lado": 1, "entrada": 188750.0, "saida": 188745.0, "pnl_bruto": -5.0, "pnl_liquido": -9.0, "duracao_s": 1.56, "motivo": "imbalance_inverteu", "imbalance_entrada": 0.746, "imbalance_saida": -0.351, "pnl_dia": 12.0, "bloqueado": null, "codigo": "replay:2026-09-17", "config_sha": "538457d8a0d0", "event": "ea.micro.saida", "level": "info", "timestamp": "2026-09-25T04:29:50.013166Z"}
{"acao": "vender", "motivo": "imbalance=-0.65 persistiu 300ms", "sinal": -0.653, "feature": "microprice", "event": "ea.decisao_dry_run", "level": "info", "timestamp": "2026-09-25T04:29:50.016436Z"}
{"nome": "ea_microprice", "lado": -1, "preco": 188795.0, "preco_topo": 188795.0, "imbalance": -0.653, "micro": 188795.87, "spread": 5.0, "codigo": "replay:2026-09-17", "config_sha": "538457d8a0d0", "event": "ea.micro.entrada", "level": "info", "timestamp": "2026-09-25T04:29:50.016498Z"}
{"acao": "zerar", "motivo": "imbalance_inverteu", "sinal": 0.0, "feature": "microprice", "event": "ea.decisao_dry_run", "level": "info", "timestamp": "2026-09-25T04:29:50.016626Z"}
{"nome": "ea_microprice", "lado": -1, "entrada": 188795.0, "saida": 188790.0, "pnl_bruto": 5.0, "pnl_liquido": 1.0, "duracao_s": 1.46, "motivo": "imbalance_inverteu", "imbalance_entrada": -0.653, "imbalance_saida": 0.178, "pnl_dia": 13.0, "bloqueado": null, "codigo": "replay:2026-09-17", "config_sha": "538457d8a0d0", "event": "ea.micro.saida", "level": "info", "timestamp": "2026-09-25T04:29:50.016686Z"}
{"acao": "vender", "motivo": "imbalance=-0.89 persistiu 300ms", "sinal": -0.887, "feature": "microprice", "event": "ea.decisao_dry_run", "level": "info", "timestamp": "2026-09-25T04:29:50.017083Z"}
{"nome": "ea_microprice", "lado": -1, "preco": 188785.0, "preco_topo": 188785.0, "imbalance": -0.887, "micro": 188785.28, "spread": 5.0, "codigo": "replay:2026-09-17", "config_sha": "538457d8a0d0", "event": "ea.micro.entrada", "level": "info", "timestamp": "2026-09-25T04:29:50.017142Z"}
{"acao": "zerar", "motivo": "imbalance_inverteu", "sinal": 0.0, "feature": "microprice", "event": "ea.decisao_dry_run", "level": "info", "timestamp": "2026-09-25T04:29:50.017401Z"}
{"nome": "ea_microprice", "lado": -1, "entrada": 188785.0, "saida": 188780.0, "pnl_bruto": 5.0, "pnl_liquido": 1.0, "duracao_s": 0.91, "motivo": "imbalance_inverteu", "imbalance_entrada": -0.887, "imbalance_saida": 0.38, "pnl_dia": 14.0, "bloqueado": null, "codigo": "replay:2026-09-17", "config_sha": "538457d8a0d0", "event": "ea.micro.saida", "level": "info", "timestamp": "2026-09-25T04:29:50.017465Z"}
{"acao": "comprar", "motivo": "imbalance=+0.62 persistiu 300ms", "sinal": 0.622, "feature": "microprice", "event": "ea.decisao_dry_run", "level": "info", "timestamp": "2026-09-25T04:29:50.017924Z"}
{"nome": "ea_microprice", "lado": 1, "preco": 188765.0, "preco_topo": 188765.0, "imbalance": 0.622, "micro": 188764.06, "spread": 5.0, "codigo": "replay:2026-09-17", "config_sha": "538457d8a0d0", "event": "ea.micro.entrada", "level": "info", "timestamp": "2026-09-25T04:29:50.017985Z"}
{"acao": "zerar", "motivo": "imbalance_inverteu", "sinal": 0.0, "feature": "microprice", "event": "ea.decisao_dry_run", "level": "info", "timestamp": "2026-09-25T04:29:50.018285Z"}
{"nome": "ea_microprice", "lado": 1, "entrada": 188765.0, "saida": 188760.0, "pnl_bruto": -5.0, "pnl_liquido": -9.0, "duracao_s": 1.85, "motivo": "imbalance_inverteu", "imbalance_entrada": 0.622, "imbalance_saida": -0.014, "pnl_dia": 5.0, "bloqueado": null, "codigo": "replay:2026-09-17", "config_sha": "538457d8a0d0", "event": "ea.micro.saida", "level": "info", "timestamp": "2026-09-25T04:29:50.018352Z"}
{"acao": "vender", "motivo": "imbalance=-0.76 persistiu 300ms", "sinal": -0.758, "feature": "microprice", "event": "ea.decisao_dry_run", "level": "info", "timestamp": "2026-09-25T04:29:50.018729Z"}
{"nome": "ea_microprice", "lado": -1, "preco": 188755.0, "preco_topo": 188755.0, "imbalance": -0.758, "micro": 188755.61, "spread": 5.0, "codigo": "replay:2026-09-17", "config_sha": "538457d8a0d0", "event": "ea.micro.entrada", "level": "info", "timestamp": "2026-09-25T04:29:50.018782Z"}
{"acao": "zerar", "motivo": "imbalance_inverteu", "sinal": 0.0, "feature": "microprice", "event": "ea.decisao_dry_run", "level": "info", "timestamp": "2026-09-25T04:29:50.019084Z"}
{"nome": "ea_microprice", "lado": -1, "entrada": 188755.0, "saida": 188760.0, "pnl_bruto": -5.0, "pnl_liquido": -9.0, "duracao_s": 1.91, "motivo": "imbalance_inverteu", "imbalance_entrada": -0.758, "imbalance_saida": 0.816, "pnl_dia": -4.0, "bloqueado": null, "codigo": "replay:2026-09-17", "config_sha": "538457d8a0d0", "event": "ea.micro.saida", "level": "info", "timestamp": "2026-09-25T04:29:50.019141Z"}
{"acao": "comprar", "motivo": "imbalance=+0.81 persistiu 300ms", "sinal": 0.811, "feature": "microprice", "event": "ea.decisao_dry_run", "level": "info", "timestamp": "2026-09-25T04:29:50.022049Z"}
{"nome": "ea_microprice", "lado": 1, "preco": 188820.0, "preco_topo": 188820.0, "imbalance": 0.811, "micro": 188819.53, "spread": 5.0, "codigo": "replay:2026-09-17", "config_sha": "538457d8a0d0", "event": "ea.micro.entrada", "level": "info", "timestamp": "2026-09-25T04:29:50.022113Z"}
{"acao": "zerar", "motivo": "imbalance_inverteu", "sinal": 0.0, "feature": "microprice", "event": "ea.decisao_dry_run", "level": "info", "timestamp": "2026-09-25T04:29:50.022574Z"}
{"nome": "ea_microprice", "lado": 1, "entrada": 188820.0, "saida": 188820.0, "pnl_bruto": 0.0, "pnl_liquido": -4.0, "duracao_s": 3.29, "motivo": "imbalance_inverteu", "imbalance_entrada": 0.811, "imbalance_saida": -0.493, "pnl_dia": -8.0, "bloqueado": null, "codigo": "replay:2026-09-17", "config_sha": "538457d8a0d0", "event": "ea.micro.saida", "level": "info", "timestamp": "2026-09-25T04:29:50.022632Z"}
{"acao": "comprar", "motivo": "imbalance=+0.63 persistiu 300ms", "sinal": 0.63, "feature": "microprice", "event": "ea.decisao_dry_run", "level": "info", "timestamp": "2026-09-25T04:29:50.024311Z"}
{"nome": "ea_microprice", "lado": 1, "preco": 188795.0, "preco_topo": 188795.0, "imbalance": 0.63, "micro": 188794.07, "spread": 5.0, "codigo": "replay:2026-09-17", "config_sha": "538457d8a0d0", "event": "ea.micro.entrada", "level": "info", "timestamp": "2026-09-25T04:29:50.024368Z"}
{"acao": "zerar", "motivo": "stop", "sinal": 0.0, "feature": "microprice", "event": "ea.decisao_dry_run", "level": "info", "timestamp": "2026-09-25T04:29:50.024481Z"}
{"nome": "ea_microprice", "lado": 1, "entrada": 188795.0, "saida": 188780.0, "pnl_bruto": -15.0, "pnl_liquido": -19.0, "duracao_s": 0.32, "motivo": "stop", "imbalance_entrada": 0.63, "imbalance_saida": 0.307, "pnl_dia": -27.0, "bloqueado": null, "codigo": "replay:2026-09-17", "config_sha": "538457d8a0d0", "event": "ea.micro.saida", "level": "info", "timestamp": "2026-09-25T04:29:50.024539Z"}
{"acao": "vender", "motivo": "imbalance=-0.73 persistiu 300ms", "sinal": -0.733, "feature": "microprice", "event": "ea.decisao_dry_run", "level": "info", "timestamp": "2026-09-25T04:29:50.025655Z"}
{"nome": "ea_microprice", "lado": -1, "preco": 188825.0, "preco_topo": 188825.0, "imbalance": -0.733, "micro": 188825.67, "spread": 5.0, "codigo": "replay:2026-09-17", "config_sha": "538457d8a0d0", "event": "ea.micro.entrada", "level": "info", "timestamp": "2026-09-25T04:29:50.025709Z"}
{"acao": "zerar", "motivo": "imbalance_inverteu", "sinal": 0.0, "feature": "microprice", "event": "ea.decisao_dry_run", "level": "info", "timestamp": "2026-09-25T04:29:50.025833Z"}
{"nome": "ea_microprice", "lado": -1, "entrada": 188825.0, "saida": 188830.0, "pnl_bruto": -5.0, "pnl_liquido": -9.0, "duracao_s": 1.01, "motivo": "imbalance_inverteu", "imbalance_entrada": -0.733, "imbalance_saida": 0.778, "pnl_dia": -36.0, "bloqueado": null, "codigo": "replay:2026-09-17", "config_sha": "538457d8a0d0", "event": "ea.micro.saida", "level": "info", "timestamp": "2026-09-25T04:29:50.025893Z"}
{"acao": "vender", "motivo": "imbalance=-0.86 persistiu 300ms", "sinal": -0.862, "feature": "microprice", "event": "ea.decisao_dry_run", "level": "info", "timestamp": "2026-09-25T04:29:50.028812Z"}
{"nome": "ea_microprice", "lado": -1, "preco": 188740.0, "preco_topo": 188740.0, "imbalance": -0.862, "micro": 188740.34, "spread": 5.0, "codigo": "replay:2026-09-17", "config_sha": "538457d8a0d0", "event": "ea.micro.entrada", "level": "info", "timestamp": "2026-09-25T04:29:50.028868Z"}
{"acao": "zerar", "motivo": "stop", "sinal": 0.0, "feature": "microprice", "event": "ea.decisao_dry_run", "level": "info", "timestamp": "2026-09-25T04:29:50.029003Z"}
{"nome": "ea_microprice", "lado": -1, "entrada": 188740.0, "saida": 188755.0, "pnl_bruto": -15.0, "pnl_liquido": -19.0, "duracao_s": 0.68, "motivo": "stop", "imbalance_entrada": -0.862, "imbalance_saida": 0.107, "pnl_dia": -55.0, "bloqueado": null, "codigo": "replay:2026-09-17", "config_sha": "538457d8a0d0", "event": "ea.micro.saida", "level": "info", "timestamp": "2026-09-25T04:29:50.029059Z"}
{"acao": "vender", "motivo": "imbalance=-0.77 persistiu 300ms", "sinal": -0.767, "feature": "microprice", "event": "ea.decisao_dry_run", "level": "info", "timestamp": "2026-09-25T04:29:50.030431Z"}
{"nome": "ea_microprice", "lado": -1, "preco": 188745.0, "preco_topo": 188745.0, "imbalance": -0.767, "micro": 188745.58, "spread": 5.0, "codigo": "replay:2026-09-17", "config_sha": "538457d8a0d0", "event": "ea.micro.entrada", "level": "info", "timestamp": "2026-09-25T04:29:50.030486Z"}
{"acao": "zerar", "motivo": "imbalance_inverteu", "sinal": 0.0, "feature": "microprice", "event": "ea.decisao_dry_run", "level": "info", "timestamp": "2026-09-25T04:29:50.030683Z"}
{"nome": "ea_microprice", "lado": -1, "entrada": 188745.0, "saida": 188740.0, "pnl_bruto": 5.0, "pnl_liquido": 1.0, "duracao_s": 0.96, "motivo": "imbalance_inverteu", "imbalance_entrada": -0.767, "imbalance_saida": 0.507, "pnl_dia": -54.0, "bloqueado": null, "codigo": "replay:2026-09-17", "config_sha": "538457d8a0d0", "event": "ea.micro.saida", "level": "info", "timestamp": "2026-09-25T04:29:50.030739Z"}
{"acao": "comprar", "motivo": "imbalance=+0.92 persistiu 300ms", "sinal": 0.923, "feature": "microprice", "event": "ea.decisao_dry_run", "level": "info", "timestamp": "2026-09-25T04:29:50.031782Z"}
{"nome": "ea_microprice", "lado": 1, "preco": 188825.0, "preco_topo": 188825.0, "imbalance": 0.923, "micro": 188824.81, "spread": 5.0, "codigo": "replay:2026-09-17", "config_sha": "538457d8a0d0", "event": "ea.micro.entrada", "level": "info", "timestamp": "2026-09-25T04:29:50.031839Z"}
{"acao": "zerar", "motivo": "imbalance_inverteu", "sinal": 0.0, "feature": "microprice", "event": "ea.decisao_dry_run", "level": "info", "timestamp": "2026-09-25T04:29:50.032084Z"}
{"nome": "ea_microprice", "lado": 1, "entrada": 188825.0, "saida": 188815.0, "pnl_bruto": -10.0, "pnl_liquido": -14.0, "duracao_s": 1.28, "motivo": "imbalance_inverteu", "imbalance_entrada": 0.923, "imbalance_saida": -0.375, "pnl_dia": -68.0, "bloqueado": null, "codigo": "replay:2026-09-17", "config_sha": "538457d8a0d0", "event": "ea.micro.saida", "level": "info", "timestamp": "2026-09-25T04:29:50.032140Z"}
{"acao": "comprar", "motivo": "imbalance=+0.80 persistiu 300ms", "sinal": 0.802, "feature": "microprice", "event": "ea.decisao_dry_run", "level": "info", "timestamp": "2026-09-25T04:29:50.034183Z"}
{"nome": "ea_microprice", "lado": 1, "preco": 188890.0, "preco_topo": 188890.0, "imbalance": 0.802, "micro": 188889.5, "spread": 5.0, "codigo": "replay:2026-09-17", "config_sha": "538457d8a0d0", "event": "ea.micro.entrada", "level": "info", "timestamp": "2026-09-25T04:29:50.034289Z"}
{"acao": "zerar", "motivo": "imbalance_inverteu", "sinal": 0.0, "feature": "microprice", "event": "ea.decisao_dry_run", "level": "info", "timestamp": "2026-09-25T04:29:50.034419Z"}
{"nome": "ea_microprice", "lado": 1, "entrada": 188890.0, "saida": 188890.0, "pnl_bruto": 0.0, "pnl_liquido": -4.0, "duracao_s": 0.78, "motivo": "imbalance_inverteu", "imbalance_entrada": 0.802, "imbalance_saida": -0.891, "pnl_dia": -72.0, "bloqueado": null, "codigo": "replay:2026-09-17", "config_sha": "538457d8a0d0", "event": "ea.micro.saida", "level": "info", "timestamp": "2026-09-25T04:29:50.034483Z"}
{"acao": "comprar", "motivo": "imbalance=+0.98 persistiu 300ms", "sinal": 0.981, "feature": "microprice", "event": "ea.decisao_dry_run", "level": "info", "timestamp": "2026-09-25T04:29:50.034891Z"}
{"nome": "ea_microprice", "lado": 1, "preco": 188890.0, "preco_topo": 188890.0, "imbalance": 0.981, "micro": 188889.95, "spread": 5.0, "codigo": "replay:2026-09-17", "config_sha": "538457d8a0d0", "event": "ea.micro.entrada", "level": "info", "timestamp": "2026-09-25T04:29:50.034946Z"}
{"acao": "zerar", "motivo": "imbalance_inverteu", "sinal": 0.0, "feature": "microprice", "event": "ea.decisao_dry_run", "level": "info", "timestamp": "2026-09-25T04:29:50.035250Z"}
{"nome": "ea_microprice", "lado": 1, "entrada": 188890.0, "saida": 188885.0, "pnl_bruto": -5.0, "pnl_liquido": -9.0, "duracao_s": 1.48, "motivo": "imbalance_inverteu", "imbalance_entrada": 0.981, "imbalance_saida": -0.625, "pnl_dia": -81.0, "bloqueado": null, "codigo": "replay:2026-09-17", "config_sha": "538457d8a0d0", "event": "ea.micro.saida", "level": "info", "timestamp": "2026-09-25T04:29:50.035309Z"}
{"acao": "vender", "motivo": "imbalance=-0.97 persistiu 300ms", "sinal": -0.973, "feature": "microprice", "event": "ea.decisao_dry_run", "level": "info", "timestamp": "2026-09-25T04:29:50.036864Z"}
{"nome": "ea_microprice", "lado": -1, "preco": 188975.0, "preco_topo": 188975.0, "imbalance": -0.973, "micro": 188975.07, "spread": 5.0, "codigo": "replay:2026-09-17", "config_sha": "538457d8a0d0", "event": "ea.micro.entrada", "level": "info", "timestamp": "2026-09-25T04:29:50.036919Z"}
{"acao": "zerar", "motivo": "alvo", "sinal": 0.0, "feature": "microprice", "event": "ea.decisao_dry_run", "level": "info", "timestamp": "2026-09-25T04:29:50.037053Z"}
{"nome": "ea_microprice", "lado": -1, "entrada": 188975.0, "saida": 188935.0, "pnl_bruto": 40.0, "pnl_liquido": 36.0, "duracao_s": 7.73, "motivo": "alvo", "imbalance_entrada": -0.973, "imbalance_saida": 0.0, "pnl_dia": -45.0, "bloqueado": null, "codigo": "replay:2026-09-17", "config_sha": "538457d8a0d0", "event": "ea.micro.saida", "level": "info", "timestamp": "2026-09-25T04:29:50.037111Z"}
{"acao": "vender", "motivo": "imbalance=-0.96 persistiu 300ms", "sinal": -0.959, "feature": "microprice", "event": "ea.decisao_dry_run", "level": "info", "timestamp": "2026-09-25T04:29:50.038035Z"}
{"nome": "ea_microprice", "lado": -1, "preco": 188940.0, "preco_topo": 188940.0, "imbalance": -0.959, "micro": 188940.1, "spread": 5.0, "codigo": "replay:2026-09-17", "config_sha": "538457d8a0d0", "event": "ea.micro.entrada", "level": "info", "timestamp": "2026-09-25T04:29:50.038091Z"}
{"acao": "zerar", "motivo": "stop", "sinal": 0.0, "feature": "microprice", "event": "ea.decisao_dry_run", "level": "info", "timestamp": "2026-09-25T04:29:50.038278Z"}
{"nome": "ea_microprice", "lado": -1, "entrada": 188940.0, "saida": 188955.0, "pnl_bruto": -15.0, "pnl_liquido": -19.0, "duracao_s": 0.72, "motivo": "stop", "imbalance_entrada": -0.959, "imbalance_saida": -0.511, "pnl_dia": -64.0, "bloqueado": null, "codigo": "replay:2026-09-17", "config_sha": "538457d8a0d0", "event": "ea.micro.saida", "level": "info", "timestamp": "2026-09-25T04:29:50.038335Z"}
{"acao": "vender", "motivo": "imbalance=-0.64 persistiu 300ms", "sinal": -0.638, "feature": "microprice", "event": "ea.decisao_dry_run", "level": "info", "timestamp": "2026-09-25T04:29:50.039763Z"}
{"nome": "ea_microprice", "lado": -1, "preco": 188945.0, "preco_topo": 188945.0, "imbalance": -0.638, "micro": 188945.91, "spread": 5.0, "codigo": "replay:2026-09-17", "config_sha": "538457d8a0d0", "event": "ea.micro.entrada", "level": "info", "timestamp": "2026-09-25T04:29:50.039819Z"}
{"acao": "zerar", "motivo": "stop", "sinal": 0.0, "feature": "microprice", "event": "ea.decisao_dry_run", "level": "info", "timestamp": "2026-09-25T04:29:50.039901Z"}
{"nome": "ea_microprice", "lado": -1, "entrada": 188945.0, "saida": 188960.0, "pnl_bruto": -15.0, "pnl_liquido": -19.0, "duracao_s": 0.14, "motivo": "stop", "imbalance_entrada": -0.638, "imbalance_saida": 0.017, "pnl_dia": -83.0, "bloqueado": null, "codigo": "replay:2026-09-17", "config_sha": "538457d8a0d0", "event": "ea.micro.saida", "level": "info", "timestamp": "2026-09-25T04:29:50.039958Z"}
{"acao": "vender", "motivo": "imbalance=-0.92 persistiu 300ms", "sinal": -0.918, "feature": "microprice", "event": "ea.decisao_dry_run", "level": "info", "timestamp": "2026-09-25T04:29:50.044572Z"}
{"nome": "ea_microprice", "lado": -1, "preco": 188805.0, "preco_topo": 188805.0, "imbalance": -0.918, "micro": 188805.2, "spread": 5.0, "codigo": "replay:2026-09-17", "config_sha": "538457d8a0d0", "event": "ea.micro.entrada", "level": "info", "timestamp": "2026-09-25T04:29:50.044632Z"}
{"acao": "zerar", "motivo": "imbalance_inverteu", "sinal": 0.0, "feature": "microprice", "event": "ea.decisao_dry_run", "level": "info", "timestamp": "2026-09-25T04:29:50.045086Z"}
{"nome": "ea_microprice", "lado": -1, "entrada": 188805.0, "saida": 188810.0, "pnl_bruto": -5.0, "pnl_liquido": -9.0, "duracao_s": 2.63, "motivo": "imbalance_inverteu", "imbalance_entrada": -0.918, "imbalance_saida": 0.867, "pnl_dia": -92.0, "bloqueado": null, "codigo": "replay:2026-09-17", "config_sha": "538457d8a0d0", "event": "ea.micro.saida", "level": "info", "timestamp": "2026-09-25T04:29:50.045143Z"}
{"acao": "comprar", "motivo": "imbalance=+0.72 persistiu 300ms", "sinal": 0.717, "feature": "microprice", "event": "ea.decisao_dry_run", "level": "info", "timestamp": "2026-09-25T04:29:50.047287Z"}
{"nome": "ea_microprice", "lado": 1, "preco": 188690.0, "preco_topo": 188690.0, "imbalance": 0.717, "micro": 188689.29, "spread": 5.0, "codigo": "replay:2026-09-17", "config_sha": "538457d8a0d0", "event": "ea.micro.entrada", "level": "info", "timestamp": "2026-09-25T04:29:50.047341Z"}
{"acao": "zerar", "motivo": "alvo", "sinal": 0.0, "feature": "microprice", "event": "ea.decisao_dry_run", "level": "info", "timestamp": "2026-09-25T04:29:50.047467Z"}
{"nome": "ea_microprice", "lado": 1, "entrada": 188690.0, "saida": 188705.0, "pnl_bruto": 15.0, "pnl_liquido": 11.0, "duracao_s": 1.02, "motivo": "alvo", "imbalance_entrada": 0.717, "imbalance_saida": -0.549, "pnl_dia": -81.0, "bloqueado": null, "codigo": "replay:2026-09-17", "config_sha": "538457d8a0d0", "event": "ea.micro.saida", "level": "info", "timestamp": "2026-09-25T04:29:50.047523Z"}
{"acao": "vender", "motivo": "imbalance=-0.88 persistiu 300ms", "sinal": -0.875, "feature": "microprice", "event": "ea.decisao_dry_run", "level": "info", "timestamp": "2026-09-25T04:29:50.053990Z"}
{"nome": "ea_microprice", "lado": -1, "preco": 188675.0, "preco_topo": 188675.0, "imbalance": -0.875, "micro": 188675.31, "spread": 5.0, "codigo": "replay:2026-09-17", "config_sha": "538457d8a0d0", "event": "ea.micro.entrada", "level": "info", "timestamp": "2026-09-25T04:29:50.054059Z"}
{"acao": "zerar", "motivo": "stop", "sinal": 0.0, "feature": "microprice", "event": "ea.decisao_dry_run", "level": "info", "timestamp": "2026-09-25T04:29:50.054193Z"}
{"nome": "ea_microprice", "lado": -1, "entrada": 188675.0, "saida": 188690.0, "pnl_bruto": -15.0, "pnl_liquido": -19.0, "duracao_s": 0.49, "motivo": "stop", "imbalance_entrada": -0.875, "imbalance_saida": 0.785, "pnl_dia": -100.0, "bloqueado": null, "codigo": "replay:2026-09-17", "config_sha": "538457d8a0d0", "event": "ea.micro.saida", "level": "info", "timestamp": "2026-09-25T04:29:50.054251Z"}
{"acao": "comprar", "motivo": "imbalance=+0.97 persistiu 300ms", "sinal": 0.97, "feature": "microprice", "event": "ea.decisao_dry_run", "level": "info", "timestamp": "2026-09-25T04:29:50.054638Z"}
{"nome": "ea_microprice", "lado": 1, "preco": 188730.0, "preco_topo": 188730.0, "imbalance": 0.97, "micro": 188729.93, "spread": 5.0, "codigo": "replay:2026-09-17", "config_sha": "538457d8a0d0", "event": "ea.micro.entrada", "level": "info", "timestamp": "2026-09-25T04:29:50.054711Z"}
{"acao": "zerar", "motivo": "stop", "sinal": 0.0, "feature": "microprice", "event": "ea.decisao_dry_run", "level": "info", "timestamp": "2026-09-25T04:29:50.054915Z"}
{"nome": "ea_microprice", "lado": 1, "entrada": 188730.0, "saida": 188715.0, "pnl_bruto": -15.0, "pnl_liquido": -19.0, "duracao_s": 0.85, "motivo": "stop", "imbalance_entrada": 0.97, "imbalance_saida": -0.736, "pnl_dia": -119.0, "bloqueado": null, "codigo": "replay:2026-09-17", "config_sha": "538457d8a0d0", "event": "ea.micro.saida", "level": "info", "timestamp": "2026-09-25T04:29:50.054973Z"}
{"acao": "comprar", "motivo": "imbalance=+0.94 persistiu 300ms", "sinal": 0.945, "feature": "microprice", "event": "ea.decisao_dry_run", "level": "info", "timestamp": "2026-09-25T04:29:50.055504Z"}
{"nome": "ea_microprice", "lado": 1, "preco": 188705.0, "preco_topo": 188705.0, "imbalance": 0.945, "micro": 188704.86, "spread": 5.0, "codigo": "replay:2026-09-17", "config_sha": "538457d8a0d0", "event": "ea.micro.entrada", "level": "info", "timestamp": "2026-09-25T04:29:50.055564Z"}
{"acao": "zerar", "motivo": "alvo", "sinal": 0.0, "feature": "microprice", "event": "ea.decisao_dry_run", "level": "info", "timestamp": "2026-09-25T04:29:50.055884Z"}
{"nome": "ea_microprice", "lado": 1, "entrada": 188705.0, "saida": 188720.0, "pnl_bruto": 15.0, "pnl_liquido": 11.0, "duracao_s": 1.46, "motivo": "alvo", "imbalance_entrada": 0.945, "imbalance_saida": -0.5, "pnl_dia": -108.0, "bloqueado": null, "codigo": "replay:2026-09-17", "config_sha": "538457d8a0d0", "event": "ea.micro.saida", "level": "info", "timestamp": "2026-09-25T04:29:50.055941Z"}
{"acao": "comprar", "motivo": "imbalance=+0.63 persistiu 300ms", "sinal": 0.627, "feature": "microprice", "event": "ea.decisao_dry_run", "level": "info", "timestamp": "2026-09-25T04:29:50.056945Z"}
{"nome": "ea_microprice", "lado": 1, "preco": 188735.0, "preco_topo": 188735.0, "imbalance": 0.627, "micro": 188734.07, "spread": 5.0, "codigo": "replay:2026-09-17", "config_sha": "538457d8a0d0", "event": "ea.micro.entrada", "level": "info", "timestamp": "2026-09-25T04:29:50.056998Z"}
{"acao": "zerar", "motivo": "imbalance_inverteu", "sinal": 0.0, "feature": "microprice", "event": "ea.decisao_dry_run", "level": "info", "timestamp": "2026-09-25T04:29:50.057186Z"}
{"nome": "ea_microprice", "lado": 1, "entrada": 188735.0, "saida": 188745.0, "pnl_bruto": 10.0, "pnl_liquido": 6.0, "duracao_s": 1.11, "motivo": "imbalance_inverteu", "imbalance_entrada": 0.627, "imbalance_saida": -0.548, "pnl_dia": -102.0, "bloqueado": null, "codigo": "replay:2026-09-17", "config_sha": "538457d8a0d0", "event": "ea.micro.saida", "level": "info", "timestamp": "2026-09-25T04:29:50.057244Z"}
{"acao": "comprar", "motivo": "imbalance=+0.90 persistiu 300ms", "sinal": 0.899, "feature": "microprice", "event": "ea.decisao_dry_run", "level": "info", "timestamp": "2026-09-25T04:29:50.060449Z"}
{"nome": "ea_microprice", "lado": 1, "preco": 188800.0, "preco_topo": 188800.0, "imbalance": 0.899, "micro": 188799.75, "spread": 5.0, "codigo": "replay:2026-09-17", "config_sha": "538457d8a0d0", "event": "ea.micro.entrada", "level": "info", "timestamp": "2026-09-25T04:29:50.060507Z"}
{"acao": "zerar", "motivo": "stop", "sinal": 0.0, "feature": "microprice", "event": "ea.decisao_dry_run", "level": "info", "timestamp": "2026-09-25T04:29:50.060597Z"}
{"nome": "ea_microprice", "lado": 1, "entrada": 188800.0, "saida": 188785.0, "pnl_bruto": -15.0, "pnl_liquido": -19.0, "duracao_s": 0.31, "motivo": "stop", "imbalance_entrada": 0.899, "imbalance_saida": -0.579, "pnl_dia": -121.0, "bloqueado": null, "codigo": "replay:2026-09-17", "config_sha": "538457d8a0d0", "event": "ea.micro.saida", "level": "info", "timestamp": "2026-09-25T04:29:50.060652Z"}
{"acao": "comprar", "motivo": "imbalance=+0.85 persistiu 300ms", "sinal": 0.85, "feature": "microprice", "event": "ea.decisao_dry_run", "level": "info", "timestamp": "2026-09-25T04:29:50.067436Z"}
{"nome": "ea_microprice", "lado": 1, "preco": 189010.0, "preco_topo": 189010.0, "imbalance": 0.85, "micro": 189009.62, "spread": 5.0, "codigo": "replay:2026-09-17", "config_sha": "538457d8a0d0", "event": "ea.micro.entrada", "level": "info", "timestamp": "2026-09-25T04:29:50.067503Z"}
{"acao": "zerar", "motivo": "alvo", "sinal": 0.0, "feature": "microprice", "event": "ea.decisao_dry_run", "level": "info", "timestamp": "2026-09-25T04:29:50.067961Z"}
{"nome": "ea_microprice", "lado": 1, "entrada": 189010.0, "saida": 189030.0, "pnl_bruto": 20.0, "pnl_liquido": 16.0, "duracao_s": 2.41, "motivo": "alvo", "imbalance_entrada": 0.85, "imbalance_saida": -0.933, "pnl_dia": -105.0, "bloqueado": null, "codigo": "replay:2026-09-17", "config_sha": "538457d8a0d0", "event": "ea.micro.saida", "level": "info", "timestamp": "2026-09-25T04:29:50.068019Z"}
{"acao": "comprar", "motivo": "imbalance=+0.91 persistiu 300ms", "sinal": 0.915, "feature": "microprice", "event": "ea.decisao_dry_run", "level": "info", "timestamp": "2026-09-25T04:29:50.071545Z"}
{"nome": "ea_microprice", "lado": 1, "preco": 188990.0, "preco_topo": 188990.0, "imbalance": 0.915, "micro": 188989.79, "spread": 5.0, "codigo": "replay:2026-09-17", "config_sha": "538457d8a0d0", "event": "ea.micro.entrada", "level": "info", "timestamp": "2026-09-25T04:29:50.071601Z"}
{"acao": "zerar", "motivo": "stop", "sinal": 0.0, "feature": "microprice", "event": "ea.decisao_dry_run", "level": "info", "timestamp": "2026-09-25T04:29:50.071725Z"}
{"nome": "ea_microprice", "lado": 1, "entrada": 188990.0, "saida": 188975.0, "pnl_bruto": -15.0, "pnl_liquido": -19.0, "duracao_s": 0.58, "motivo": "stop", "imbalance_entrada": 0.915, "imbalance_saida": 0.925, "pnl_dia": -124.0, "bloqueado": null, "codigo": "replay:2026-09-17", "config_sha": "538457d8a0d0", "event": "ea.micro.saida", "level": "info", "timestamp": "2026-09-25T04:29:50.071782Z"}
{"acao": "vender", "motivo": "imbalance=-0.87 persistiu 300ms", "sinal": -0.867, "feature": "microprice", "event": "ea.decisao_dry_run", "level": "info", "timestamp": "2026-09-25T04:29:50.072619Z"}
{"nome": "ea_microprice", "lado": -1, "preco": 188960.0, "preco_topo": 188960.0, "imbalance": -0.867, "micro": 188960.33, "spread": 5.0, "codigo": "replay:2026-09-17", "config_sha": "538457d8a0d0", "event": "ea.micro.entrada", "level": "info", "timestamp": "2026-09-25T04:29:50.072673Z"}
{"acao": "zerar", "motivo": "stop", "sinal": 0.0, "feature": "microprice", "event": "ea.decisao_dry_run", "level": "info", "timestamp": "2026-09-25T04:29:50.072810Z"}
{"nome": "ea_microprice", "lado": -1, "entrada": 188960.0, "saida": 188975.0, "pnl_bruto": -15.0, "pnl_liquido": -19.0, "duracao_s": 0.4, "motivo": "stop", "imbalance_entrada": -0.867, "imbalance_saida": -0.77, "pnl_dia": -143.0, "bloqueado": null, "codigo": "replay:2026-09-17", "config_sha": "538457d8a0d0", "event": "ea.micro.saida", "level": "info", "timestamp": "2026-09-25T04:29:50.072868Z"}
{"acao": "comprar", "motivo": "imbalance=+0.84 persistiu 300ms", "sinal": 0.843, "feature": "microprice", "event": "ea.decisao_dry_run", "level": "info", "timestamp": "2026-09-25T04:29:50.075612Z"}
{"nome": "ea_microprice", "lado": 1, "preco": 188935.0, "preco_topo": 188935.0, "imbalance": 0.843, "micro": 188934.61, "spread": 5.0, "codigo": "replay:2026-09-17", "config_sha": "538457d8a0d0", "event": "ea.micro.entrada", "level": "info", "timestamp": "2026-09-25T04:29:50.075667Z"}
{"acao": "zerar", "motivo": "imbalance_inverteu", "sinal": 0.0, "feature": "microprice", "event": "ea.decisao_dry_run", "level": "info", "timestamp": "2026-09-25T04:29:50.076077Z"}
{"nome": "ea_microprice", "lado": 1, "entrada": 188935.0, "saida": 188930.0, "pnl_bruto": -5.0, "pnl_liquido": -9.0, "duracao_s": 2.94, "motivo": "imbalance_inverteu", "imbalance_entrada": 0.843, "imbalance_saida": -0.069, "pnl_dia": -152.0, "bloqueado": null, "codigo": "replay:2026-09-17", "config_sha": "538457d8a0d0", "event": "ea.micro.saida", "level": "info", "timestamp": "2026-09-25T04:29:50.076137Z"}
{"acao": "comprar", "motivo": "imbalance=+0.95 persistiu 300ms", "sinal": 0.951, "feature": "microprice", "event": "ea.decisao_dry_run", "level": "info", "timestamp": "2026-09-25T04:29:50.077356Z"}
{"nome": "ea_microprice", "lado": 1, "preco": 188930.0, "preco_topo": 188930.0, "imbalance": 0.951, "micro": 188929.88, "spread": 5.0, "codigo": "replay:2026-09-17", "config_sha": "538457d8a0d0", "event": "ea.micro.entrada", "level": "info", "timestamp": "2026-09-25T04:29:50.077410Z"}
{"acao": "zerar", "motivo": "stop", "sinal": 0.0, "feature": "microprice", "event": "ea.decisao_dry_run", "level": "info", "timestamp": "2026-09-25T04:29:50.077615Z"}
{"nome": "ea_microprice", "lado": 1, "entrada": 188930.0, "saida": 188915.0, "pnl_bruto": -15.0, "pnl_liquido": -19.0, "duracao_s": 0.95, "motivo": "stop", "imbalance_entrada": 0.951, "imbalance_saida": -0.633, "pnl_dia": -171.0, "bloqueado": null, "codigo": "replay:2026-09-17", "config_sha": "538457d8a0d0", "event": "ea.micro.saida", "level": "info", "timestamp": "2026-09-25T04:29:50.077671Z"}
{"acao": "vender", "motivo": "imbalance=-0.96 persistiu 300ms", "sinal": -0.964, "feature": "microprice", "event": "ea.decisao_dry_run", "level": "info", "timestamp": "2026-09-25T04:29:50.078039Z"}
{"nome": "ea_microprice", "lado": -1, "preco": 188915.0, "preco_topo": 188915.0, "imbalance": -0.964, "micro": 188915.09, "spread": 5.0, "codigo": "replay:2026-09-17", "config_sha": "538457d8a0d0", "event": "ea.micro.entrada", "level": "info", "timestamp": "2026-09-25T04:29:50.078092Z"}
{"acao": "zerar", "motivo": "imbalance_inverteu", "sinal": 0.0, "feature": "microprice", "event": "ea.decisao_dry_run", "level": "info", "timestamp": "2026-09-25T04:29:50.078230Z"}
{"nome": "ea_microprice", "lado": -1, "entrada": 188915.0, "saida": 188920.0, "pnl_bruto": -5.0, "pnl_liquido": -9.0, "duracao_s": 0.96, "motivo": "imbalance_inverteu", "imbalance_entrada": -0.964, "imbalance_saida": 0.802, "pnl_dia": -180.0, "bloqueado": null, "codigo": "replay:2026-09-17", "config_sha": "538457d8a0d0", "event": "ea.micro.saida", "level": "info", "timestamp": "2026-09-25T04:29:50.078286Z"}
{"acao": "comprar", "motivo": "imbalance=+0.96 persistiu 300ms", "sinal": 0.959, "feature": "microprice", "event": "ea.decisao_dry_run", "level": "info", "timestamp": "2026-09-25T04:29:50.079047Z"}
{"nome": "ea_microprice", "lado": 1, "preco": 188925.0, "preco_topo": 188925.0, "imbalance": 0.959, "micro": 188924.9, "spread": 5.0, "codigo": "replay:2026-09-17", "config_sha": "538457d8a0d0", "event": "ea.micro.entrada", "level": "info", "timestamp": "2026-09-25T04:29:50.079101Z"}
{"acao": "zerar", "motivo": "stop", "sinal": 0.0, "feature": "microprice", "event": "ea.decisao_dry_run", "level": "info", "timestamp": "2026-09-25T04:29:50.079195Z"}
{"nome": "ea_microprice", "lado": 1, "entrada": 188925.0, "saida": 188910.0, "pnl_bruto": -15.0, "pnl_liquido": -19.0, "duracao_s": 0.76, "motivo": "stop", "imbalance_entrada": 0.959, "imbalance_saida": 0.506, "pnl_dia": -199.0, "bloqueado": null, "codigo": "replay:2026-09-17", "config_sha": "538457d8a0d0", "event": "ea.micro.saida", "level": "info", "timestamp": "2026-09-25T04:29:50.079251Z"}
{"acao": "comprar", "motivo": "imbalance=+0.98 persistiu 300ms", "sinal": 0.983, "feature": "microprice", "event": "ea.decisao_dry_run", "level": "info", "timestamp": "2026-09-25T04:29:50.079834Z"}
{"nome": "ea_microprice", "lado": 1, "preco": 188895.0, "preco_topo": 188895.0, "imbalance": 0.983, "micro": 188894.96, "spread": 5.0, "codigo": "replay:2026-09-17", "config_sha": "538457d8a0d0", "event": "ea.micro.entrada", "level": "info", "timestamp": "2026-09-25T04:29:50.079886Z"}
{"acao": "zerar", "motivo": "alvo", "sinal": 0.0, "feature": "microprice", "event": "ea.decisao_dry_run", "level": "info", "timestamp": "2026-09-25T04:29:50.080230Z"}
{"nome": "ea_microprice", "lado": 1, "entrada": 188895.0, "saida": 188910.0, "pnl_bruto": 15.0, "pnl_liquido": 11.0, "duracao_s": 2.18, "motivo": "alvo", "imbalance_entrada": 0.983, "imbalance_saida": -0.547, "pnl_dia": -188.0, "bloqueado": null, "codigo": "replay:2026-09-17", "config_sha": "538457d8a0d0", "event": "ea.micro.saida", "level": "info", "timestamp": "2026-09-25T04:29:50.080288Z"}
{"acao": "comprar", "motivo": "imbalance=+0.87 persistiu 300ms", "sinal": 0.871, "feature": "microprice", "event": "ea.decisao_dry_run", "level": "info", "timestamp": "2026-09-25T04:29:50.080818Z"}
{"nome": "ea_microprice", "lado": 1, "preco": 188910.0, "preco_topo": 188910.0, "imbalance": 0.871, "micro": 188909.68, "spread": 5.0, "codigo": "replay:2026-09-17", "config_sha": "538457d8a0d0", "event": "ea.micro.entrada", "level": "info", "timestamp": "2026-09-25T04:29:50.080872Z"}
{"acao": "zerar", "motivo": "alvo", "sinal": 0.0, "feature": "microprice", "event": "ea.decisao_dry_run", "level": "info", "timestamp": "2026-09-25T04:29:50.081332Z"}
{"nome": "ea_microprice", "lado": 1, "entrada": 188910.0, "saida": 188925.0, "pnl_bruto": 15.0, "pnl_liquido": 11.0, "duracao_s": 3.74, "motivo": "alvo", "imbalance_entrada": 0.871, "imbalance_saida": -0.451, "pnl_dia": -177.0, "bloqueado": null, "codigo": "replay:2026-09-17", "config_sha": "538457d8a0d0", "event": "ea.micro.saida", "level": "info", "timestamp": "2026-09-25T04:29:50.081387Z"}
{"acao": "comprar", "motivo": "imbalance=+0.69 persistiu 300ms", "sinal": 0.687, "feature": "microprice", "event": "ea.decisao_dry_run", "level": "info", "timestamp": "2026-09-25T04:29:50.081769Z"}
{"nome": "ea_microprice", "lado": 1, "preco": 188960.0, "preco_topo": 188960.0, "imbalance": 0.687, "micro": 188959.22, "spread": 5.0, "codigo": "replay:2026-09-17", "config_sha": "538457d8a0d0", "event": "ea.micro.entrada", "level": "info", "timestamp": "2026-09-25T04:29:50.081830Z"}
{"acao": "zerar", "motivo": "stop", "sinal": 0.0, "feature": "microprice", "event": "ea.decisao_dry_run", "level": "info", "timestamp": "2026-09-25T04:29:50.082154Z"}
{"nome": "ea_microprice", "lado": 1, "entrada": 188960.0, "saida": 188945.0, "pnl_bruto": -15.0, "pnl_liquido": -19.0, "duracao_s": 1.65, "motivo": "stop", "imbalance_entrada": 0.687, "imbalance_saida": 0.525, "pnl_dia": -196.0, "bloqueado": null, "codigo": "replay:2026-09-17", "config_sha": "538457d8a0d0", "event": "ea.micro.saida", "level": "info", "timestamp": "2026-09-25T04:29:50.082212Z"}
{"acao": "comprar", "motivo": "imbalance=+0.75 persistiu 300ms", "sinal": 0.754, "feature": "microprice", "event": "ea.decisao_dry_run", "level": "info", "timestamp": "2026-09-25T04:29:50.083093Z"}
{"nome": "ea_microprice", "lado": 1, "preco": 188910.0, "preco_topo": 188910.0, "imbalance": 0.754, "micro": 188909.39, "spread": 5.0, "codigo": "replay:2026-09-17", "config_sha": "538457d8a0d0", "event": "ea.micro.entrada", "level": "info", "timestamp": "2026-09-25T04:29:50.083147Z"}
{"acao": "zerar", "motivo": "imbalance_inverteu", "sinal": 0.0, "feature": "microprice", "event": "ea.decisao_dry_run", "level": "info", "timestamp": "2026-09-25T04:29:50.083531Z"}
{"nome": "ea_microprice", "lado": 1, "entrada": 188910.0, "saida": 188920.0, "pnl_bruto": 10.0, "pnl_liquido": 6.0, "duracao_s": 2.98, "motivo": "imbalance_inverteu", "imbalance_entrada": 0.754, "imbalance_saida": -0.516, "pnl_dia": -190.0, "bloqueado": null, "codigo": "replay:2026-09-17", "config_sha": "538457d8a0d0", "event": "ea.micro.saida", "level": "info", "timestamp": "2026-09-25T04:29:50.083588Z"}
{"acao": "vender", "motivo": "imbalance=-0.83 persistiu 300ms", "sinal": -0.828, "feature": "microprice", "event": "ea.decisao_dry_run", "level": "info", "timestamp": "2026-09-25T04:29:50.084419Z"}
{"nome": "ea_microprice", "lado": -1, "preco": 188945.0, "preco_topo": 188945.0, "imbalance": -0.828, "micro": 188945.43, "spread": 5.0, "codigo": "replay:2026-09-17", "config_sha": "538457d8a0d0", "event": "ea.micro.entrada", "level": "info", "timestamp": "2026-09-25T04:29:50.084471Z"}
{"acao": "zerar", "motivo": "stop", "sinal": 0.0, "feature": "microprice", "event": "ea.decisao_dry_run", "level": "info", "timestamp": "2026-09-25T04:29:50.084879Z"}
{"nome": "ea_microprice", "lado": -1, "entrada": 188945.0, "saida": 188985.0, "pnl_bruto": -40.0, "pnl_liquido": -44.0, "duracao_s": 2.88, "motivo": "stop", "imbalance_entrada": -0.828, "imbalance_saida": -0.885, "pnl_dia": -234.0, "bloqueado": null, "codigo": "replay:2026-09-17", "config_sha": "538457d8a0d0", "event": "ea.micro.saida", "level": "info", "timestamp": "2026-09-25T04:29:50.084938Z"}
{"acao": "vender", "motivo": "imbalance=-0.66 persistiu 300ms", "sinal": -0.661, "feature": "microprice", "event": "ea.decisao_dry_run", "level": "info", "timestamp": "2026-09-25T04:29:50.086024Z"}
{"nome": "ea_microprice", "lado": -1, "preco": 188980.0, "preco_topo": 188980.0, "imbalance": -0.661, "micro": 188980.85, "spread": 5.0, "codigo": "replay:2026-09-17", "config_sha": "538457d8a0d0", "event": "ea.micro.entrada", "level": "info", "timestamp": "2026-09-25T04:29:50.086077Z"}
{"acao": "zerar", "motivo": "stop", "sinal": 0.0, "feature": "microprice", "event": "ea.decisao_dry_run", "level": "info", "timestamp": "2026-09-25T04:29:50.087149Z"}
{"nome": "ea_microprice", "lado": -1, "entrada": 188980.0, "saida": 188995.0, "pnl_bruto": -15.0, "pnl_liquido": -19.0, "duracao_s": 7.69, "motivo": "stop", "imbalance_entrada": -0.661, "imbalance_saida": -0.789, "pnl_dia": -253.0, "bloqueado": null, "codigo": "replay:2026-09-17", "config_sha": "538457d8a0d0", "event": "ea.micro.saida", "level": "info", "timestamp": "2026-09-25T04:29:50.087206Z"}
{"acao": "comprar", "motivo": "imbalance=+0.93 persistiu 300ms", "sinal": 0.926, "feature": "microprice", "event": "ea.decisao_dry_run", "level": "info", "timestamp": "2026-09-25T04:29:50.089934Z"}
{"nome": "ea_microprice", "lado": 1, "preco": 188900.0, "preco_topo": 188900.0, "imbalance": 0.926, "micro": 188899.81, "spread": 5.0, "codigo": "replay:2026-09-17", "config_sha": "538457d8a0d0", "event": "ea.micro.entrada", "level": "info", "timestamp": "2026-09-25T04:29:50.089999Z"}
{"acao": "zerar", "motivo": "imbalance_inverteu", "sinal": 0.0, "feature": "microprice", "event": "ea.decisao_dry_run", "level": "info", "timestamp": "2026-09-25T04:29:50.090257Z"}
{"nome": "ea_microprice", "lado": 1, "entrada": 188900.0, "saida": 188900.0, "pnl_bruto": 0.0, "pnl_liquido": -4.0, "duracao_s": 3.47, "motivo": "imbalance_inverteu", "imbalance_entrada": 0.926, "imbalance_saida": -0.014, "pnl_dia": -257.0, "bloqueado": null, "codigo": "replay:2026-09-17", "config_sha": "538457d8a0d0", "event": "ea.micro.saida", "level": "info", "timestamp": "2026-09-25T04:29:50.090316Z"}
{"acao": "comprar", "motivo": "imbalance=+0.63 persistiu 300ms", "sinal": 0.635, "feature": "microprice", "event": "ea.decisao_dry_run", "level": "info", "timestamp": "2026-09-25T04:29:50.105861Z"}
{"nome": "ea_microprice", "lado": 1, "preco": 188665.0, "preco_topo": 188665.0, "imbalance": 0.635, "micro": 188664.09, "spread": 5.0, "codigo": "replay:2026-09-17", "config_sha": "538457d8a0d0", "event": "ea.micro.entrada", "level": "info", "timestamp": "2026-09-25T04:29:50.105964Z"}
{"acao": "zerar", "motivo": "imbalance_inverteu", "sinal": 0.0, "feature": "microprice", "event": "ea.decisao_dry_run", "level": "info", "timestamp": "2026-09-25T04:29:50.106158Z"}
{"nome": "ea_microprice", "lado": 1, "entrada": 188665.0, "saida": 188665.0, "pnl_bruto": 0.0, "pnl_liquido": -4.0, "duracao_s": 0.66, "motivo": "imbalance_inverteu", "imbalance_entrada": 0.635, "imbalance_saida": -0.067, "pnl_dia": -261.0, "bloqueado": null, "codigo": "replay:2026-09-17", "config_sha": "538457d8a0d0", "event": "ea.micro.saida", "level": "info", "timestamp": "2026-09-25T04:29:50.106221Z"}
{"acao": "vender", "motivo": "imbalance=-0.79 persistiu 300ms", "sinal": -0.794, "feature": "microprice", "event": "ea.decisao_dry_run", "level": "info", "timestamp": "2026-09-25T04:29:50.107339Z"}
{"nome": "ea_microprice", "lado": -1, "preco": 188655.0, "preco_topo": 188655.0, "imbalance": -0.794, "micro": 188655.51, "spread": 5.0, "codigo": "replay:2026-09-17", "config_sha": "538457d8a0d0", "event": "ea.micro.entrada", "level": "info", "timestamp": "2026-09-25T04:29:50.107400Z"}
{"acao": "zerar", "motivo": "alvo", "sinal": 0.0, "feature": "microprice", "event": "ea.decisao_dry_run", "level": "info", "timestamp": "2026-09-25T04:29:50.107607Z"}
{"nome": "ea_microprice", "lado": -1, "entrada": 188655.0, "saida": 188640.0, "pnl_bruto": 15.0, "pnl_liquido": 11.0, "duracao_s": 1.28, "motivo": "alvo", "imbalance_entrada": -0.794, "imbalance_saida": -0.544, "pnl_dia": -250.0, "bloqueado": null, "codigo": "replay:2026-09-17", "config_sha": "538457d8a0d0", "event": "ea.micro.saida", "level": "info", "timestamp": "2026-09-25T04:29:50.107666Z"}
{"acao": "comprar", "motivo": "imbalance=+0.83 persistiu 300ms", "sinal": 0.833, "feature": "microprice", "event": "ea.decisao_dry_run", "level": "info", "timestamp": "2026-09-25T04:29:50.113453Z"}
{"nome": "ea_microprice", "lado": 1, "preco": 188700.0, "preco_topo": 188700.0, "imbalance": 0.833, "micro": 188699.58, "spread": 5.0, "codigo": "replay:2026-09-17", "config_sha": "538457d8a0d0", "event": "ea.micro.entrada", "level": "info", "timestamp": "2026-09-25T04:29:50.113514Z"}
{"acao": "zerar", "motivo": "alvo", "sinal": 0.0, "feature": "microprice", "event": "ea.decisao_dry_run", "level": "info", "timestamp": "2026-09-25T04:29:50.113952Z"}
{"nome": "ea_microprice", "lado": 1, "entrada": 188700.0, "saida": 188720.0, "pnl_bruto": 20.0, "pnl_liquido": 16.0, "duracao_s": 1.69, "motivo": "alvo", "imbalance_entrada": 0.833, "imbalance_saida": -0.476, "pnl_dia": -234.0, "bloqueado": null, "codigo": "replay:2026-09-17", "config_sha": "538457d8a0d0", "event": "ea.micro.saida", "level": "info", "timestamp": "2026-09-25T04:29:50.114013Z"}
{"acao": "comprar", "motivo": "imbalance=+0.73 persistiu 300ms", "sinal": 0.733, "feature": "microprice", "event": "ea.decisao_dry_run", "level": "info", "timestamp": "2026-09-25T04:29:50.123537Z"}
{"nome": "ea_microprice", "lado": 1, "preco": 188820.0, "preco_topo": 188820.0, "imbalance": 0.733, "micro": 188819.33, "spread": 5.0, "codigo": "replay:2026-09-17", "config_sha": "538457d8a0d0", "event": "ea.micro.entrada", "level": "info", "timestamp": "2026-09-25T04:29:50.123611Z"}
{"acao": "zerar", "motivo": "stop", "sinal": 0.0, "feature": "microprice", "event": "ea.decisao_dry_run", "level": "info", "timestamp": "2026-09-25T04:29:50.123860Z"}
{"nome": "ea_microprice", "lado": 1, "entrada": 188820.0, "saida": 188795.0, "pnl_bruto": -25.0, "pnl_liquido": -29.0, "duracao_s": 1.51, "motivo": "stop", "imbalance_entrada": 0.733, "imbalance_saida": 0.711, "pnl_dia": -263.0, "bloqueado": null, "codigo": "replay:2026-09-17", "config_sha": "538457d8a0d0", "event": "ea.micro.saida", "level": "info", "timestamp": "2026-09-25T04:29:50.123924Z"}
{"acao": "comprar", "motivo": "imbalance=+0.76 persistiu 300ms", "sinal": 0.761, "feature": "microprice", "event": "ea.decisao_dry_run", "level": "info", "timestamp": "2026-09-25T04:29:50.129999Z"}
{"nome": "ea_microprice", "lado": 1, "preco": 188815.0, "preco_topo": 188815.0, "imbalance": 0.761, "micro": 188814.4, "spread": 5.0, "codigo": "replay:2026-09-17", "config_sha": "538457d8a0d0", "event": "ea.micro.entrada", "level": "info", "timestamp": "2026-09-25T04:29:50.130059Z"}
{"acao": "zerar", "motivo": "alvo", "sinal": 0.0, "feature": "microprice", "event": "ea.decisao_dry_run", "level": "info", "timestamp": "2026-09-25T04:29:50.130423Z"}
{"nome": "ea_microprice", "lado": 1, "entrada": 188815.0, "saida": 188830.0, "pnl_bruto": 15.0, "pnl_liquido": 11.0, "duracao_s": 2.44, "motivo": "alvo", "imbalance_entrada": 0.761, "imbalance_saida": -0.769, "pnl_dia": -252.0, "bloqueado": null, "codigo": "replay:2026-09-17", "config_sha": "538457d8a0d0", "event": "ea.micro.saida", "level": "info", "timestamp": "2026-09-25T04:29:50.130480Z"}
{"acao": "comprar", "motivo": "imbalance=+0.86 persistiu 300ms", "sinal": 0.86, "feature": "microprice", "event": "ea.decisao_dry_run", "level": "info", "timestamp": "2026-09-25T04:29:50.131960Z"}
{"nome": "ea_microprice", "lado": 1, "preco": 188820.0, "preco_topo": 188820.0, "imbalance": 0.86, "micro": 188819.65, "spread": 5.0, "codigo": "replay:2026-09-17", "config_sha": "538457d8a0d0", "event": "ea.micro.entrada", "level": "info", "timestamp": "2026-09-25T04:29:50.132019Z"}
{"acao": "zerar", "motivo": "imbalance_inverteu", "sinal": 0.0, "feature": "microprice", "event": "ea.decisao_dry_run", "level": "info", "timestamp": "2026-09-25T04:29:50.132401Z"}
{"nome": "ea_microprice", "lado": 1, "entrada": 188820.0, "saida": 188825.0, "pnl_bruto": 5.0, "pnl_liquido": 1.0, "duracao_s": 2.69, "motivo": "imbalance_inverteu", "imbalance_entrada": 0.86, "imbalance_saida": -0.902, "pnl_dia": -251.0, "bloqueado": null, "codigo": "replay:2026-09-17", "config_sha": "538457d8a0d0", "event": "ea.micro.saida", "level": "info", "timestamp": "2026-09-25T04:29:50.132460Z"}
{"acao": "vender", "motivo": "imbalance=-0.70 persistiu 300ms", "sinal": -0.702, "feature": "microprice", "event": "ea.decisao_dry_run", "level": "info", "timestamp": "2026-09-25T04:29:50.139118Z"}
{"nome": "ea_microprice", "lado": -1, "preco": 188750.0, "preco_topo": 188750.0, "imbalance": -0.702, "micro": 188750.74, "spread": 5.0, "codigo": "replay:2026-09-17", "config_sha": "538457d8a0d0", "event": "ea.micro.entrada", "level": "info", "timestamp": "2026-09-25T04:29:50.139182Z"}
{"acao": "zerar", "motivo": "imbalance_inverteu", "sinal": 0.0, "feature": "microprice", "event": "ea.decisao_dry_run", "level": "info", "timestamp": "2026-09-25T04:29:50.139312Z"}
{"nome": "ea_microprice", "lado": -1, "entrada": 188750.0, "saida": 188755.0, "pnl_bruto": -5.0, "pnl_liquido": -9.0, "duracao_s": 0.39, "motivo": "imbalance_inverteu", "imbalance_entrada": -0.702, "imbalance_saida": 0.091, "pnl_dia": -260.0, "bloqueado": null, "codigo": "replay:2026-09-17", "config_sha": "538457d8a0d0", "event": "ea.micro.saida", "level": "info", "timestamp": "2026-09-25T04:29:50.139370Z"}
{"acao": "comprar", "motivo": "imbalance=+0.81 persistiu 300ms", "sinal": 0.813, "feature": "microprice", "event": "ea.decisao_dry_run", "level": "info", "timestamp": "2026-09-25T04:29:50.140866Z"}
{"nome": "ea_microprice", "lado": 1, "preco": 188760.0, "preco_topo": 188760.0, "imbalance": 0.813, "micro": 188759.53, "spread": 5.0, "codigo": "replay:2026-09-17", "config_sha": "538457d8a0d0", "event": "ea.micro.entrada", "level": "info", "timestamp": "2026-09-25T04:29:50.140920Z"}
{"acao": "zerar", "motivo": "stop", "sinal": 0.0, "feature": "microprice", "event": "ea.decisao_dry_run", "level": "info", "timestamp": "2026-09-25T04:29:50.141056Z"}
{"nome": "ea_microprice", "lado": 1, "entrada": 188760.0, "saida": 188745.0, "pnl_bruto": -15.0, "pnl_liquido": -19.0, "duracao_s": 0.51, "motivo": "stop", "imbalance_entrada": 0.813, "imbalance_saida": -0.568, "pnl_dia": -279.0, "bloqueado": null, "codigo": "replay:2026-09-17", "config_sha": "538457d8a0d0", "event": "ea.micro.saida", "level": "info", "timestamp": "2026-09-25T04:29:50.141112Z"}
{"acao": "vender", "motivo": "imbalance=-0.67 persistiu 300ms", "sinal": -0.673, "feature": "microprice", "event": "ea.decisao_dry_run", "level": "info", "timestamp": "2026-09-25T04:29:50.143962Z"}
{"nome": "ea_microprice", "lado": -1, "preco": 188730.0, "preco_topo": 188730.0, "imbalance": -0.673, "micro": 188730.82, "spread": 5.0, "codigo": "replay:2026-09-17", "config_sha": "538457d8a0d0", "event": "ea.micro.entrada", "level": "info", "timestamp": "2026-09-25T04:29:50.144017Z"}
{"acao": "zerar", "motivo": "imbalance_inverteu", "sinal": 0.0, "feature": "microprice", "event": "ea.decisao_dry_run", "level": "info", "timestamp": "2026-09-25T04:29:50.144346Z"}
{"nome": "ea_microprice", "lado": -1, "entrada": 188730.0, "saida": 188720.0, "pnl_bruto": 10.0, "pnl_liquido": 6.0, "duracao_s": 2.81, "motivo": "imbalance_inverteu", "imbalance_entrada": -0.673, "imbalance_saida": 0.152, "pnl_dia": -273.0, "bloqueado": null, "codigo": "replay:2026-09-17", "config_sha": "538457d8a0d0", "event": "ea.micro.saida", "level": "info", "timestamp": "2026-09-25T04:29:50.144403Z"}
{"acao": "comprar", "motivo": "imbalance=+0.67 persistiu 300ms", "sinal": 0.667, "feature": "microprice", "event": "ea.decisao_dry_run", "level": "info", "timestamp": "2026-09-25T04:29:50.146545Z"}
{"nome": "ea_microprice", "lado": 1, "preco": 188750.0, "preco_topo": 188750.0, "imbalance": 0.667, "micro": 188749.17, "spread": 5.0, "codigo": "replay:2026-09-17", "config_sha": "538457d8a0d0", "event": "ea.micro.entrada", "level": "info", "timestamp": "2026-09-25T04:29:50.146607Z"}
{"acao": "zerar", "motivo": "imbalance_inverteu", "sinal": 0.0, "feature": "microprice", "event": "ea.decisao_dry_run", "level": "info", "timestamp": "2026-09-25T04:29:50.146725Z"}
{"nome": "ea_microprice", "lado": 1, "entrada": 188750.0, "saida": 188745.0, "pnl_bruto": -5.0, "pnl_liquido": -9.0, "duracao_s": 0.95, "motivo": "imbalance_inverteu", "imbalance_entrada": 0.667, "imbalance_saida": -0.617, "pnl_dia": -282.0, "bloqueado": null, "codigo": "replay:2026-09-17", "config_sha": "538457d8a0d0", "event": "ea.micro.saida", "level": "info", "timestamp": "2026-09-25T04:29:50.146782Z"}
{"acao": "comprar", "motivo": "imbalance=+0.64 persistiu 300ms", "sinal": 0.639, "feature": "microprice", "event": "ea.decisao_dry_run", "level": "info", "timestamp": "2026-09-25T04:29:50.149885Z"}
{"nome": "ea_microprice", "lado": 1, "preco": 188510.0, "preco_topo": 188510.0, "imbalance": 0.639, "micro": 188509.1, "spread": 5.0, "codigo": "replay:2026-09-17", "config_sha": "538457d8a0d0", "event": "ea.micro.entrada", "level": "info", "timestamp": "2026-09-25T04:29:50.149944Z"}
{"acao": "zerar", "motivo": "stop", "sinal": 0.0, "feature": "microprice", "event": "ea.decisao_dry_run", "level": "info", "timestamp": "2026-09-25T04:29:50.150095Z"}
{"nome": "ea_microprice", "lado": 1, "entrada": 188510.0, "saida": 188455.0, "pnl_bruto": -55.0, "pnl_liquido": -59.0, "duracao_s": 0.85, "motivo": "stop", "imbalance_entrada": 0.639, "imbalance_saida": 0.632, "pnl_dia": -341.0, "bloqueado": "perda do dia -341 pts", "codigo": "replay:2026-09-17", "config_sha": "538457d8a0d0", "event": "ea.micro.saida", "level": "info", "timestamp": "2026-09-25T04:29:50.150154Z"}
{"nome": "ea_microprice", "trades": 0, "sinais_sem_vaga": 0, "operacoes": 49, "pct_ganho": 34.7, "pnl_bruto_pts": -145.0, "pnl_liquido_pts": -341.0, "duracao_media_s": 1.72, "saidas": {"alvo": 10, "imbalance_inverteu": 22, "stop": 17}, "bloqueado": "perda do dia -341 pts", "passivas": {}, "avaliacoes_filtradas": {"sem_livro": 4, "livro_cruzado": 18275, "spread_largo": 30670, "topo_raso": 1073, "fora_da_janela": 16, "cooldown": 23, "bloqueado": 13154}, "posicionado": false, "sonda": {"gatilhos": 2973, "suprimidos_refratario": 1513, "spread_medio_pts": 5.0, "h1s": {"n": 2973, "media_pts": 1.07, "pct_a_favor": 36.3, "pct_contra": 21.3}, "h5s": {"n": 2973, "media_pts": 0.57, "pct_a_favor": 44.4, "pct_contra": 37.3}, "h30s": {"n": 2973, "media_pts": 0.4, "pct_a_favor": 47.5, "pct_contra": 44.0}}, "codigo": "replay:2026-09-17", "config_sha": "538457d8a0d0", "event": "ea.micro.resumo", "level": "warning", "timestamp": "2026-09-25T04:29:53.845921Z"}
{"dia": "2026-09-17", "episodios": 25088, "aberto_no_fim": true, "dur_ms_p50": 0.1, "dur_ms_p90": 2.8, "dur_ms_p99": 27.0, "dur_ms_max": 227912.1, "pct_ate_50ms": 99.4, "amostras": [{"ts_ns": 1789646102082040400, "lado_atualizado": 1, "bid": 187040.0, "qb": 56, "ask": 187040.0, "qa": 9, "idade_outro_lado_ms": 0.0}, {"ts_ns": 1789646238082050300, "lado_atualizado": 1, "bid": 187000.0, "qb": 52023, "ask": 187000.0, "qa": 52042, "idade_outro_lado_ms": 0.0}, {"ts_ns": 1789646238859203400, "lado_atualizado": 1, "bid": 186175.0, "qb": 52338, "ask": 186175.0, "qa": 52301, "idade_outro_lado_ms": 0.0}, {"ts_ns": 1789646258798104700, "lado_atualizado": 0, "bid": 182055.0, "qb": 53753, "ask": 182055.0, "qa": 53675, "idade_outro_lado_ms": 819.6}, {"ts_ns": 1789646304968262800, "lado_atualizado": 0, "bid": 187870.0, "qb": 54030, "ask": 187870.0, "qa": 54213, "idade_outro_lado_ms": 1277.7}, {"ts_ns": 1789646324845821500, "lado_atualizado": 1, "bid": 182000.0, "qb": 57866, "ask": 182000.0, "qa": 58307, "idade_outro_lado_ms": 0.0}, {"ts_ns": 1789646333835389700, "lado_atualizado": 0, "bid": 188000.0, "qb": 58947, "ask": 188000.0, "qa": 58992, "idade_outro_lado_ms": 67.0}, {"ts_ns": 1789646348629575300, "lado_atualizado": 0, "bid": 188135.0, "qb": 59043, "ask": 188115.0, "qa": 59041, "idade_outro_lado_ms": 243.6}, {"ts_ns": 1789646350209951600, "lado_atualizado": 1, "bid": 188135.0, "qb": 59054, "ask": 188135.0, "qa": 59055, "idade_outro_lado_ms": 0.0}, {"ts_ns": 1789646354494515300, "lado_atualizado": 0, "bid": 188180.0, "qb": 59066, "ask": 188180.0, "qa": 59066, "idade_outro_lado_ms": 292.1}], "event": "ea_micro_replay.cruzado", "level": "info", "timestamp": "2026-09-25T04:29:53.849068Z"}
{"i": 7, "n": 10, "dia": "2026-09-18", "eventos": 1694134, "event": "ea_micro_replay.dia", "level": "info", "timestamp": "2026-09-25T04:30:04.190907Z"}
{"nome": "ea_microprice", "symbol": "WINFUT", "dry_run": true, "sem_livro": false, "limiar": 0.6, "persistencia_ms": 300, "alvo_ticks": 3, "stop_ticks": 3, "codigo": "replay:2026-09-18", "config_sha": "538457d8a0d0", "event": "ea.micro.iniciado", "level": "warning", "timestamp": "2026-09-25T04:30:04.276753Z"}
{"acao": "comprar", "motivo": "imbalance=+0.85 persistiu 300ms", "sinal": 0.849, "feature": "microprice", "event": "ea.decisao_dry_run", "level": "info", "timestamp": "2026-09-25T04:30:04.499145Z"}
{"nome": "ea_microprice", "lado": 1, "preco": 188175.0, "preco_topo": 188175.0, "imbalance": 0.849, "micro": 188174.62, "spread": 5.0, "codigo": "replay:2026-09-18", "config_sha": "538457d8a0d0", "event": "ea.micro.entrada", "level": "info", "timestamp": "2026-09-25T04:30:04.499332Z"}
{"acao": "zerar", "motivo": "imbalance_inverteu", "sinal": 0.0, "feature": "microprice", "event": "ea.decisao_dry_run", "level": "info", "timestamp": "2026-09-25T04:30:04.499631Z"}
{"nome": "ea_microprice", "lado": 1, "entrada": 188175.0, "saida": 188180.0, "pnl_bruto": 5.0, "pnl_liquido": 1.0, "duracao_s": 0.93, "motivo": "imbalance_inverteu", "imbalance_entrada": 0.849, "imbalance_saida": -0.803, "pnl_dia": 1.0, "bloqueado": null, "codigo": "replay:2026-09-18", "config_sha": "538457d8a0d0", "event": "ea.micro.saida", "level": "info", "timestamp": "2026-09-25T04:30:04.499714Z"}
{"acao": "comprar", "motivo": "imbalance=+0.64 persistiu 300ms", "sinal": 0.644, "feature": "microprice", "event": "ea.decisao_dry_run", "level": "info", "timestamp": "2026-09-25T04:30:04.502922Z"}
{"nome": "ea_microprice", "lado": 1, "preco": 188175.0, "preco_topo": 188175.0, "imbalance": 0.644, "micro": 188174.11, "spread": 5.0, "codigo": "replay:2026-09-18", "config_sha": "538457d8a0d0", "event": "ea.micro.entrada", "level": "info", "timestamp": "2026-09-25T04:30:04.502997Z"}
{"acao": "zerar", "motivo": "stop", "sinal": 0.0, "feature": "microprice", "event": "ea.decisao_dry_run", "level": "info", "timestamp": "2026-09-25T04:30:04.503246Z"}
{"nome": "ea_microprice", "lado": 1, "entrada": 188175.0, "saida": 188160.0, "pnl_bruto": -15.0, "pnl_liquido": -19.0, "duracao_s": 1.35, "motivo": "stop", "imbalance_entrada": 0.644, "imbalance_saida": -0.46, "pnl_dia": -18.0, "bloqueado": null, "codigo": "replay:2026-09-18", "config_sha": "538457d8a0d0", "event": "ea.micro.saida", "level": "info", "timestamp": "2026-09-25T04:30:04.503317Z"}
{"acao": "vender", "motivo": "imbalance=-0.73 persistiu 300ms", "sinal": -0.731, "feature": "microprice", "event": "ea.decisao_dry_run", "level": "info", "timestamp": "2026-09-25T04:30:04.509484Z"}
{"nome": "ea_microprice", "lado": -1, "preco": 188145.0, "preco_topo": 188145.0, "imbalance": -0.731, "micro": 188145.67, "spread": 5.0, "codigo": "replay:2026-09-18", "config_sha": "538457d8a0d0", "event": "ea.micro.entrada", "level": "info", "timestamp": "2026-09-25T04:30:04.509554Z"}
{"acao": "zerar", "motivo": "imbalance_inverteu", "sinal": 0.0, "feature": "microprice", "event": "ea.decisao_dry_run", "level": "info", "timestamp": "2026-09-25T04:30:04.509878Z"}
{"nome": "ea_microprice", "lado": -1, "entrada": 188145.0, "saida": 188140.0, "pnl_bruto": 5.0, "pnl_liquido": 1.0, "duracao_s": 1.15, "motivo": "imbalance_inverteu", "imbalance_entrada": -0.731, "imbalance_saida": 0.302, "pnl_dia": -17.0, "bloqueado": null, "codigo": "replay:2026-09-18", "config_sha": "538457d8a0d0", "event": "ea.micro.saida", "level": "info", "timestamp": "2026-09-25T04:30:04.509954Z"}
{"acao": "comprar", "motivo": "imbalance=+0.68 persistiu 300ms", "sinal": 0.677, "feature": "microprice", "event": "ea.decisao_dry_run", "level": "info", "timestamp": "2026-09-25T04:30:04.511539Z"}
{"nome": "ea_microprice", "lado": 1, "preco": 188150.0, "preco_topo": 188150.0, "imbalance": 0.677, "micro": 188149.19, "spread": 5.0, "codigo": "replay:2026-09-18", "config_sha": "538457d8a0d0", "event": "ea.micro.entrada", "level": "info", "timestamp": "2026-09-25T04:30:04.511605Z"}
{"acao": "zerar", "motivo": "stop", "sinal": 0.0, "feature": "microprice", "event": "ea.decisao_dry_run", "level": "info", "timestamp": "2026-09-25T04:30:04.511936Z"}
{"nome": "ea_microprice", "lado": 1, "entrada": 188150.0, "saida": 188135.0, "pnl_bruto": -15.0, "pnl_liquido": -19.0, "duracao_s": 1.3, "motivo": "stop", "imbalance_entrada": 0.677, "imbalance_saida": 0.0, "pnl_dia": -36.0, "bloqueado": null, "codigo": "replay:2026-09-18", "config_sha": "538457d8a0d0", "event": "ea.micro.saida", "level": "info", "timestamp": "2026-09-25T04:30:04.512002Z"}
{"acao": "comprar", "motivo": "imbalance=+0.68 persistiu 300ms", "sinal": 0.681, "feature": "microprice", "event": "ea.decisao_dry_run", "level": "info", "timestamp": "2026-09-25T04:30:04.512428Z"}
{"nome": "ea_microprice", "lado": 1, "preco": 188135.0, "preco_topo": 188135.0, "imbalance": 0.681, "micro": 188134.2, "spread": 5.0, "codigo": "replay:2026-09-18", "config_sha": "538457d8a0d0", "event": "ea.micro.entrada", "level": "info", "timestamp": "2026-09-25T04:30:04.512490Z"}
{"acao": "zerar", "motivo": "alvo", "sinal": 0.0, "feature": "microprice", "event": "ea.decisao_dry_run", "level": "info", "timestamp": "2026-09-25T04:30:04.513445Z"}
{"nome": "ea_microprice", "lado": 1, "entrada": 188135.0, "saida": 188150.0, "pnl_bruto": 15.0, "pnl_liquido": 11.0, "duracao_s": 5.55, "motivo": "alvo", "imbalance_entrada": 0.681, "imbalance_saida": -0.165, "pnl_dia": -25.0, "bloqueado": null, "codigo": "replay:2026-09-18", "config_sha": "538457d8a0d0", "event": "ea.micro.saida", "level": "info", "timestamp": "2026-09-25T04:30:04.513518Z"}
{"acao": "comprar", "motivo": "imbalance=+0.61 persistiu 300ms", "sinal": 0.61, "feature": "microprice", "event": "ea.decisao_dry_run", "level": "info", "timestamp": "2026-09-25T04:30:04.515987Z"}
{"nome": "ea_microprice", "lado": 1, "preco": 188150.0, "preco_topo": 188150.0, "imbalance": 0.61, "micro": 188149.02, "spread": 5.0, "codigo": "replay:2026-09-18", "config_sha": "538457d8a0d0", "event": "ea.micro.entrada", "level": "info", "timestamp": "2026-09-25T04:30:04.516050Z"}
{"acao": "zerar", "motivo": "stop", "sinal": 0.0, "feature": "microprice", "event": "ea.decisao_dry_run", "level": "info", "timestamp": "2026-09-25T04:30:04.516708Z"}
{"nome": "ea_microprice", "lado": 1, "entrada": 188150.0, "saida": 188130.0, "pnl_bruto": -20.0, "pnl_liquido": -24.0, "duracao_s": 2.96, "motivo": "stop", "imbalance_entrada": 0.61, "imbalance_saida": -0.015, "pnl_dia": -49.0, "bloqueado": null, "codigo": "replay:2026-09-18", "config_sha": "538457d8a0d0", "event": "ea.micro.saida", "level": "info", "timestamp": "2026-09-25T04:30:04.516775Z"}
{"acao": "comprar", "motivo": "imbalance=+0.62 persistiu 300ms", "sinal": 0.622, "feature": "microprice", "event": "ea.decisao_dry_run", "level": "info", "timestamp": "2026-09-25T04:30:04.517715Z"}
{"nome": "ea_microprice", "lado": 1, "preco": 188120.0, "preco_topo": 188120.0, "imbalance": 0.622, "micro": 188119.05, "spread": 5.0, "codigo": "replay:2026-09-18", "config_sha": "538457d8a0d0", "event": "ea.micro.entrada", "level": "info", "timestamp": "2026-09-25T04:30:04.517777Z"}
{"acao": "zerar", "motivo": "alvo", "sinal": 0.0, "feature": "microprice", "event": "ea.decisao_dry_run", "level": "info", "timestamp": "2026-09-25T04:30:04.518481Z"}
{"nome": "ea_microprice", "lado": 1, "entrada": 188120.0, "saida": 188135.0, "pnl_bruto": 15.0, "pnl_liquido": 11.0, "duracao_s": 2.73, "motivo": "alvo", "imbalance_entrada": 0.622, "imbalance_saida": -0.422, "pnl_dia": -38.0, "bloqueado": null, "codigo": "replay:2026-09-18", "config_sha": "538457d8a0d0", "event": "ea.micro.saida", "level": "info", "timestamp": "2026-09-25T04:30:04.518551Z"}
{"acao": "vender", "motivo": "imbalance=-0.70 persistiu 300ms", "sinal": -0.698, "feature": "microprice", "event": "ea.decisao_dry_run", "level": "info", "timestamp": "2026-09-25T04:30:04.521409Z"}
{"nome": "ea_microprice", "lado": -1, "preco": 188125.0, "preco_topo": 188125.0, "imbalance": -0.698, "micro": 188125.76, "spread": 5.0, "codigo": "replay:2026-09-18", "config_sha": "538457d8a0d0", "event": "ea.micro.entrada", "level": "info", "timestamp": "2026-09-25T04:30:04.521476Z"}
{"acao": "zerar", "motivo": "alvo", "sinal": 0.0, "feature": "microprice", "event": "ea.decisao_dry_run", "level": "info", "timestamp": "2026-09-25T04:30:04.521739Z"}
{"nome": "ea_microprice", "lado": -1, "entrada": 188125.0, "saida": 188110.0, "pnl_bruto": 15.0, "pnl_liquido": 11.0, "duracao_s": 0.9, "motivo": "alvo", "imbalance_entrada": -0.698, "imbalance_saida": 0.467, "pnl_dia": -27.0, "bloqueado": null, "codigo": "replay:2026-09-18", "config_sha": "538457d8a0d0", "event": "ea.micro.saida", "level": "info", "timestamp": "2026-09-25T04:30:04.521803Z"}
{"acao": "comprar", "motivo": "imbalance=+0.73 persistiu 300ms", "sinal": 0.735, "feature": "microprice", "event": "ea.decisao_dry_run", "level": "info", "timestamp": "2026-09-25T04:30:04.523648Z"}
{"nome": "ea_microprice", "lado": 1, "preco": 188100.0, "preco_topo": 188100.0, "imbalance": 0.735, "micro": 188099.34, "spread": 5.0, "codigo": "replay:2026-09-18", "config_sha": "538457d8a0d0", "event": "ea.micro.entrada", "level": "info", "timestamp": "2026-09-25T04:30:04.523711Z"}
{"acao": "zerar", "motivo": "imbalance_inverteu", "sinal": 0.0, "feature": "microprice", "event": "ea.decisao_dry_run", "level": "info", "timestamp": "2026-09-25T04:30:04.524453Z"}
{"nome": "ea_microprice", "lado": 1, "entrada": 188100.0, "saida": 188100.0, "pnl_bruto": 0.0, "pnl_liquido": -4.0, "duracao_s": 2.7, "motivo": "imbalance_inverteu", "imbalance_entrada": 0.735, "imbalance_saida": -0.291, "pnl_dia": -31.0, "bloqueado": null, "codigo": "replay:2026-09-18", "config_sha": "538457d8a0d0", "event": "ea.micro.saida", "level": "info", "timestamp": "2026-09-25T04:30:04.524520Z"}
{"acao": "comprar", "motivo": "imbalance=+0.75 persistiu 300ms", "sinal": 0.75, "feature": "microprice", "event": "ea.decisao_dry_run", "level": "info", "timestamp": "2026-09-25T04:30:04.528020Z"}
{"nome": "ea_microprice", "lado": 1, "preco": 188135.0, "preco_topo": 188135.0, "imbalance": 0.75, "micro": 188134.38, "spread": 5.0, "codigo": "replay:2026-09-18", "config_sha": "538457d8a0d0", "event": "ea.micro.entrada", "level": "info", "timestamp": "2026-09-25T04:30:04.528081Z"}
{"acao": "zerar", "motivo": "stop", "sinal": 0.0, "feature": "microprice", "event": "ea.decisao_dry_run", "level": "info", "timestamp": "2026-09-25T04:30:04.528180Z"}
{"nome": "ea_microprice", "lado": 1, "entrada": 188135.0, "saida": 188105.0, "pnl_bruto": -30.0, "pnl_liquido": -34.0, "duracao_s": 0.08, "motivo": "stop", "imbalance_entrada": 0.75, "imbalance_saida": 0.286, "pnl_dia": -65.0, "bloqueado": null, "codigo": "replay:2026-09-18", "config_sha": "538457d8a0d0", "event": "ea.micro.saida", "level": "info", "timestamp": "2026-09-25T04:30:04.528243Z"}
{"acao": "vender", "motivo": "imbalance=-0.84 persistiu 300ms", "sinal": -0.845, "feature": "microprice", "event": "ea.decisao_dry_run", "level": "info", "timestamp": "2026-09-25T04:30:04.536119Z"}
{"nome": "ea_microprice", "lado": -1, "preco": 188145.0, "preco_topo": 188145.0, "imbalance": -0.845, "micro": 188145.39, "spread": 5.0, "codigo": "replay:2026-09-18", "config_sha": "538457d8a0d0", "event": "ea.micro.entrada", "level": "info", "timestamp": "2026-09-25T04:30:04.536307Z"}
{"acao": "zerar", "motivo": "stop", "sinal": 0.0, "feature": "microprice", "event": "ea.decisao_dry_run", "level": "info", "timestamp": "2026-09-25T04:30:04.536505Z"}
{"nome": "ea_microprice", "lado": -1, "entrada": 188145.0, "saida": 188160.0, "pnl_bruto": -15.0, "pnl_liquido": -19.0, "duracao_s": 0.3, "motivo": "stop", "imbalance_entrada": -0.845, "imbalance_saida": -0.68, "pnl_dia": -84.0, "bloqueado": null, "codigo": "replay:2026-09-18", "config_sha": "538457d8a0d0", "event": "ea.micro.saida", "level": "info", "timestamp": "2026-09-25T04:30:04.536584Z"}
{"acao": "comprar", "motivo": "imbalance=+0.85 persistiu 300ms", "sinal": 0.846, "feature": "microprice", "event": "ea.decisao_dry_run", "level": "info", "timestamp": "2026-09-25T04:30:04.539665Z"}
{"nome": "ea_microprice", "lado": 1, "preco": 188145.0, "preco_topo": 188145.0, "imbalance": 0.846, "micro": 188144.62, "spread": 5.0, "codigo": "replay:2026-09-18", "config_sha": "538457d8a0d0", "event": "ea.micro.entrada", "level": "info", "timestamp": "2026-09-25T04:30:04.539737Z"}
{"acao": "zerar", "motivo": "imbalance_inverteu", "sinal": 0.0, "feature": "microprice", "event": "ea.decisao_dry_run", "level": "info", "timestamp": "2026-09-25T04:30:04.540257Z"}
{"nome": "ea_microprice", "lado": 1, "entrada": 188145.0, "saida": 188150.0, "pnl_bruto": 5.0, "pnl_liquido": 1.0, "duracao_s": 1.82, "motivo": "imbalance_inverteu", "imbalance_entrada": 0.846, "imbalance_saida": -0.667, "pnl_dia": -83.0, "bloqueado": null, "codigo": "replay:2026-09-18", "config_sha": "538457d8a0d0", "event": "ea.micro.saida", "level": "info", "timestamp": "2026-09-25T04:30:04.540330Z"}
{"acao": "vender", "motivo": "imbalance=-0.91 persistiu 300ms", "sinal": -0.907, "feature": "microprice", "event": "ea.decisao_dry_run", "level": "info", "timestamp": "2026-09-25T04:30:04.542064Z"}
{"nome": "ea_microprice", "lado": -1, "preco": 188140.0, "preco_topo": 188140.0, "imbalance": -0.907, "micro": 188140.23, "spread": 5.0, "codigo": "replay:2026-09-18", "config_sha": "538457d8a0d0", "event": "ea.micro.entrada", "level": "info", "timestamp": "2026-09-25T04:30:04.542127Z"}
{"acao": "zerar", "motivo": "imbalance_inverteu", "sinal": 0.0, "feature": "microprice", "event": "ea.decisao_dry_run", "level": "info", "timestamp": "2026-09-25T04:30:04.542289Z"}
{"nome": "ea_microprice", "lado": -1, "entrada": 188140.0, "saida": 188135.0, "pnl_bruto": 5.0, "pnl_liquido": 1.0, "duracao_s": 0.56, "motivo": "imbalance_inverteu", "imbalance_entrada": -0.907, "imbalance_saida": 0.529, "pnl_dia": -82.0, "bloqueado": null, "codigo": "replay:2026-09-18", "config_sha": "538457d8a0d0", "event": "ea.micro.saida", "level": "info", "timestamp": "2026-09-25T04:30:04.542356Z"}
{"acao": "comprar", "motivo": "imbalance=+0.61 persistiu 300ms", "sinal": 0.608, "feature": "microprice", "event": "ea.decisao_dry_run", "level": "info", "timestamp": "2026-09-25T04:30:04.549894Z"}
{"nome": "ea_microprice", "lado": 1, "preco": 188130.0, "preco_topo": 188130.0, "imbalance": 0.608, "micro": 188129.02, "spread": 5.0, "codigo": "replay:2026-09-18", "config_sha": "538457d8a0d0", "event": "ea.micro.entrada", "level": "info", "timestamp": "2026-09-25T04:30:04.549976Z"}
{"acao": "zerar", "motivo": "stop", "sinal": 0.0, "feature": "microprice", "event": "ea.decisao_dry_run", "level": "info", "timestamp": "2026-09-25T04:30:04.550268Z"}
{"nome": "ea_microprice", "lado": 1, "entrada": 188130.0, "saida": 188110.0, "pnl_bruto": -20.0, "pnl_liquido": -24.0, "duracao_s": 0.84, "motivo": "stop", "imbalance_entrada": 0.608, "imbalance_saida": 0.695, "pnl_dia": -106.0, "bloqueado": null, "codigo": "replay:2026-09-18", "config_sha": "538457d8a0d0", "event": "ea.micro.saida", "level": "info", "timestamp": "2026-09-25T04:30:04.550335Z"}
{"acao": "comprar", "motivo": "imbalance=+0.64 persistiu 300ms", "sinal": 0.636, "feature": "microprice", "event": "ea.decisao_dry_run", "level": "info", "timestamp": "2026-09-25T04:30:04.555083Z"}
{"nome": "ea_microprice", "lado": 1, "preco": 188145.0, "preco_topo": 188145.0, "imbalance": 0.636, "micro": 188144.09, "spread": 5.0, "codigo": "replay:2026-09-18", "config_sha": "538457d8a0d0", "event": "ea.micro.entrada", "level": "info", "timestamp": "2026-09-25T04:30:04.555151Z"}
{"acao": "zerar", "motivo": "imbalance_inverteu", "sinal": 0.0, "feature": "microprice", "event": "ea.decisao_dry_run", "level": "info", "timestamp": "2026-09-25T04:30:04.555293Z"}
{"nome": "ea_microprice", "lado": 1, "entrada": 188145.0, "saida": 188140.0, "pnl_bruto": -5.0, "pnl_liquido": -9.0, "duracao_s": 0.49, "motivo": "imbalance_inverteu", "imbalance_entrada": 0.636, "imbalance_saida": -0.565, "pnl_dia": -115.0, "bloqueado": null, "codigo": "replay:2026-09-18", "config_sha": "538457d8a0d0", "event": "ea.micro.saida", "level": "info", "timestamp": "2026-09-25T04:30:04.555359Z"}
{"acao": "comprar", "motivo": "imbalance=+0.64 persistiu 300ms", "sinal": 0.636, "feature": "microprice", "event": "ea.decisao_dry_run", "level": "info", "timestamp": "2026-09-25T04:30:04.557276Z"}
{"nome": "ea_microprice", "lado": 1, "preco": 188155.0, "preco_topo": 188155.0, "imbalance": 0.636, "micro": 188154.09, "spread": 5.0, "codigo": "replay:2026-09-18", "config_sha": "538457d8a0d0", "event": "ea.micro.entrada", "level": "info", "timestamp": "2026-09-25T04:30:04.557338Z"}
{"acao": "zerar", "motivo": "imbalance_inverteu", "sinal": 0.0, "feature": "microprice", "event": "ea.decisao_dry_run", "level": "info", "timestamp": "2026-09-25T04:30:04.557706Z"}
{"nome": "ea_microprice", "lado": 1, "entrada": 188155.0, "saida": 188165.0, "pnl_bruto": 10.0, "pnl_liquido": 6.0, "duracao_s": 1.08, "motivo": "imbalance_inverteu", "imbalance_entrada": 0.636, "imbalance_saida": -0.44, "pnl_dia": -109.0, "bloqueado": null, "codigo": "replay:2026-09-18", "config_sha": "538457d8a0d0", "event": "ea.micro.saida", "level": "info", "timestamp": "2026-09-25T04:30:04.557772Z"}
{"acao": "vender", "motivo": "imbalance=-0.67 persistiu 300ms", "sinal": -0.67, "feature": "microprice", "event": "ea.decisao_dry_run", "level": "info", "timestamp": "2026-09-25T04:30:04.569859Z"}
{"nome": "ea_microprice", "lado": -1, "preco": 188065.0, "preco_topo": 188065.0, "imbalance": -0.67, "micro": 188065.82, "spread": 5.0, "codigo": "replay:2026-09-18", "config_sha": "538457d8a0d0", "event": "ea.micro.entrada", "level": "info", "timestamp": "2026-09-25T04:30:04.569941Z"}
{"acao": "zerar", "motivo": "imbalance_inverteu", "sinal": 0.0, "feature": "microprice", "event": "ea.decisao_dry_run", "level": "info", "timestamp": "2026-09-25T04:30:04.570121Z"}
{"nome": "ea_microprice", "lado": -1, "entrada": 188065.0, "saida": 188065.0, "pnl_bruto": -0.0, "pnl_liquido": -4.0, "duracao_s": 0.56, "motivo": "imbalance_inverteu", "imbalance_entrada": -0.67, "imbalance_saida": 0.07, "pnl_dia": -113.0, "bloqueado": null, "codigo": "replay:2026-09-18", "config_sha": "538457d8a0d0", "event": "ea.micro.saida", "level": "info", "timestamp": "2026-09-25T04:30:04.570187Z"}
{"acao": "comprar", "motivo": "imbalance=+0.64 persistiu 300ms", "sinal": 0.642, "feature": "microprice", "event": "ea.decisao_dry_run", "level": "info", "timestamp": "2026-09-25T04:30:04.573246Z"}
{"nome": "ea_microprice", "lado": 1, "preco": 188055.0, "preco_topo": 188055.0, "imbalance": 0.642, "micro": 188054.1, "spread": 5.0, "codigo": "replay:2026-09-18", "config_sha": "538457d8a0d0", "event": "ea.micro.entrada", "level": "info", "timestamp": "2026-09-25T04:30:04.573309Z"}
{"acao": "zerar", "motivo": "stop", "sinal": 0.0, "feature": "microprice", "event": "ea.decisao_dry_run", "level": "info", "timestamp": "2026-09-25T04:30:04.573588Z"}
{"nome": "ea_microprice", "lado": 1, "entrada": 188055.0, "saida": 188040.0, "pnl_bruto": -15.0, "pnl_liquido": -19.0, "duracao_s": 0.78, "motivo": "stop", "imbalance_entrada": 0.642, "imbalance_saida": 0.925, "pnl_dia": -132.0, "bloqueado": null, "codigo": "replay:2026-09-18", "config_sha": "538457d8a0d0", "event": "ea.micro.saida", "level": "info", "timestamp": "2026-09-25T04:30:04.573654Z"}
{"acao": "comprar", "motivo": "imbalance=+0.78 persistiu 300ms", "sinal": 0.785, "feature": "microprice", "event": "ea.decisao_dry_run", "level": "info", "timestamp": "2026-09-25T04:30:04.574443Z"}
{"nome": "ea_microprice", "lado": 1, "preco": 188035.0, "preco_topo": 188035.0, "imbalance": 0.785, "micro": 188034.46, "spread": 5.0, "codigo": "replay:2026-09-18", "config_sha": "538457d8a0d0", "event": "ea.micro.entrada", "level": "info", "timestamp": "2026-09-25T04:30:04.574507Z"}
{"acao": "zerar", "motivo": "imbalance_inverteu", "sinal": 0.0, "feature": "microprice", "event": "ea.decisao_dry_run", "level": "info", "timestamp": "2026-09-25T04:30:04.575150Z"}
{"nome": "ea_microprice", "lado": 1, "entrada": 188035.0, "saida": 188040.0, "pnl_bruto": 5.0, "pnl_liquido": 1.0, "duracao_s": 1.97, "motivo": "imbalance_inverteu", "imbalance_entrada": 0.785, "imbalance_saida": -0.66, "pnl_dia": -131.0, "bloqueado": null, "codigo": "replay:2026-09-18", "config_sha": "538457d8a0d0", "event": "ea.micro.saida", "level": "info", "timestamp": "2026-09-25T04:30:04.575216Z"}
{"acao": "comprar", "motivo": "imbalance=+0.71 persistiu 300ms", "sinal": 0.707, "feature": "microprice", "event": "ea.decisao_dry_run", "level": "info", "timestamp": "2026-09-25T04:30:04.604526Z"}
{"nome": "ea_microprice", "lado": 1, "preco": 187975.0, "preco_topo": 187975.0, "imbalance": 0.707, "micro": 187974.27, "spread": 5.0, "codigo": "replay:2026-09-18", "config_sha": "538457d8a0d0", "event": "ea.micro.entrada", "level": "info", "timestamp": "2026-09-25T04:30:04.604613Z"}
{"acao": "zerar", "motivo": "imbalance_inverteu", "sinal": 0.0, "feature": "microprice", "event": "ea.decisao_dry_run", "level": "info", "timestamp": "2026-09-25T04:30:04.604849Z"}
{"nome": "ea_microprice", "lado": 1, "entrada": 187975.0, "saida": 187980.0, "pnl_bruto": 5.0, "pnl_liquido": 1.0, "duracao_s": 0.92, "motivo": "imbalance_inverteu", "imbalance_entrada": 0.707, "imbalance_saida": -0.061, "pnl_dia": -130.0, "bloqueado": null, "codigo": "replay:2026-09-18", "config_sha": "538457d8a0d0", "event": "ea.micro.saida", "level": "info", "timestamp": "2026-09-25T04:30:04.604916Z"}
{"acao": "comprar", "motivo": "imbalance=+0.79 persistiu 300ms", "sinal": 0.788, "feature": "microprice", "event": "ea.decisao_dry_run", "level": "info", "timestamp": "2026-09-25T04:30:04.605998Z"}
{"nome": "ea_microprice", "lado": 1, "preco": 187955.0, "preco_topo": 187955.0, "imbalance": 0.788, "micro": 187954.47, "spread": 5.0, "codigo": "replay:2026-09-18", "config_sha": "538457d8a0d0", "event": "ea.micro.entrada", "level": "info", "timestamp": "2026-09-25T04:30:04.606057Z"}
{"acao": "zerar", "motivo": "stop", "sinal": 0.0, "feature": "microprice", "event": "ea.decisao_dry_run", "level": "info", "timestamp": "2026-09-25T04:30:04.606267Z"}
{"nome": "ea_microprice", "lado": 1, "entrada": 187955.0, "saida": 187935.0, "pnl_bruto": -20.0, "pnl_liquido": -24.0, "duracao_s": 0.8, "motivo": "stop", "imbalance_entrada": 0.788, "imbalance_saida": 0.674, "pnl_dia": -154.0, "bloqueado": null, "codigo": "replay:2026-09-18", "config_sha": "538457d8a0d0", "event": "ea.micro.saida", "level": "info", "timestamp": "2026-09-25T04:30:04.606330Z"}
{"acao": "comprar", "motivo": "imbalance=+0.89 persistiu 300ms", "sinal": 0.889, "feature": "microprice", "event": "ea.decisao_dry_run", "level": "info", "timestamp": "2026-09-25T04:30:04.608545Z"}
{"nome": "ea_microprice", "lado": 1, "preco": 187940.0, "preco_topo": 187940.0, "imbalance": 0.889, "micro": 187939.72, "spread": 5.0, "codigo": "replay:2026-09-18", "config_sha": "538457d8a0d0", "event": "ea.micro.entrada", "level": "info", "timestamp": "2026-09-25T04:30:04.608612Z"}
{"acao": "zerar", "motivo": "imbalance_inverteu", "sinal": 0.0, "feature": "microprice", "event": "ea.decisao_dry_run", "level": "info", "timestamp": "2026-09-25T04:30:04.608857Z"}
{"nome": "ea_microprice", "lado": 1, "entrada": 187940.0, "saida": 187945.0, "pnl_bruto": 5.0, "pnl_liquido": 1.0, "duracao_s": 0.87, "motivo": "imbalance_inverteu", "imbalance_entrada": 0.889, "imbalance_saida": -0.085, "pnl_dia": -153.0, "bloqueado": null, "codigo": "replay:2026-09-18", "config_sha": "538457d8a0d0", "event": "ea.micro.saida", "level": "info", "timestamp": "2026-09-25T04:30:04.608924Z"}
{"acao": "comprar", "motivo": "imbalance=+0.68 persistiu 300ms", "sinal": 0.684, "feature": "microprice", "event": "ea.decisao_dry_run", "level": "info", "timestamp": "2026-09-25T04:30:04.610275Z"}
{"nome": "ea_microprice", "lado": 1, "preco": 187940.0, "preco_topo": 187940.0, "imbalance": 0.684, "micro": 187939.21, "spread": 5.0, "codigo": "replay:2026-09-18", "config_sha": "538457d8a0d0", "event": "ea.micro.entrada", "level": "info", "timestamp": "2026-09-25T04:30:04.610339Z"}
{"acao": "zerar", "motivo": "imbalance_inverteu", "sinal": 0.0, "feature": "microprice", "event": "ea.decisao_dry_run", "level": "info", "timestamp": "2026-09-25T04:30:04.610580Z"}
{"nome": "ea_microprice", "lado": 1, "entrada": 187940.0, "saida": 187935.0, "pnl_bruto": -5.0, "pnl_liquido": -9.0, "duracao_s": 0.9, "motivo": "imbalance_inverteu", "imbalance_entrada": 0.684, "imbalance_saida": -0.667, "pnl_dia": -162.0, "bloqueado": null, "codigo": "replay:2026-09-18", "config_sha": "538457d8a0d0", "event": "ea.micro.saida", "level": "info", "timestamp": "2026-09-25T04:30:04.610643Z"}
{"acao": "comprar", "motivo": "imbalance=+0.96 persistiu 300ms", "sinal": 0.962, "feature": "microprice", "event": "ea.decisao_dry_run", "level": "info", "timestamp": "2026-09-25T04:30:04.611102Z"}
{"nome": "ea_microprice", "lado": 1, "preco": 187950.0, "preco_topo": 187950.0, "imbalance": 0.962, "micro": 187949.9, "spread": 5.0, "codigo": "replay:2026-09-18", "config_sha": "538457d8a0d0", "event": "ea.micro.entrada", "level": "info", "timestamp": "2026-09-25T04:30:04.611162Z"}
{"acao": "zerar", "motivo": "imbalance_inverteu", "sinal": 0.0, "feature": "microprice", "event": "ea.decisao_dry_run", "level": "info", "timestamp": "2026-09-25T04:30:04.611583Z"}
{"nome": "ea_microprice", "lado": 1, "entrada": 187950.0, "saida": 187960.0, "pnl_bruto": 10.0, "pnl_liquido": 6.0, "duracao_s": 1.67, "motivo": "imbalance_inverteu", "imbalance_entrada": 0.962, "imbalance_saida": -0.28, "pnl_dia": -156.0, "bloqueado": null, "codigo": "replay:2026-09-18", "config_sha": "538457d8a0d0", "event": "ea.micro.saida", "level": "info", "timestamp": "2026-09-25T04:30:04.611648Z"}
{"acao": "comprar", "motivo": "imbalance=+0.78 persistiu 300ms", "sinal": 0.778, "feature": "microprice", "event": "ea.decisao_dry_run", "level": "info", "timestamp": "2026-09-25T04:30:04.617456Z"}
{"nome": "ea_microprice", "lado": 1, "preco": 187900.0, "preco_topo": 187900.0, "imbalance": 0.778, "micro": 187899.44, "spread": 5.0, "codigo": "replay:2026-09-18", "config_sha": "538457d8a0d0", "event": "ea.micro.entrada", "level": "info", "timestamp": "2026-09-25T04:30:04.617520Z"}
{"acao": "zerar", "motivo": "alvo", "sinal": 0.0, "feature": "microprice", "event": "ea.decisao_dry_run", "level": "info", "timestamp": "2026-09-25T04:30:04.617889Z"}
{"nome": "ea_microprice", "lado": 1, "entrada": 187900.0, "saida": 187915.0, "pnl_bruto": 15.0, "pnl_liquido": 11.0, "duracao_s": 1.19, "motivo": "alvo", "imbalance_entrada": 0.778, "imbalance_saida": -0.358, "pnl_dia": -145.0, "bloqueado": null, "codigo": "replay:2026-09-18", "config_sha": "538457d8a0d0", "event": "ea.micro.saida", "level": "info", "timestamp": "2026-09-25T04:30:04.617954Z"}
{"acao": "comprar", "motivo": "imbalance=+0.81 persistiu 300ms", "sinal": 0.81, "feature": "microprice", "event": "ea.decisao_dry_run", "level": "info", "timestamp": "2026-09-25T04:30:04.620032Z"}
{"nome": "ea_microprice", "lado": 1, "preco": 187925.0, "preco_topo": 187925.0, "imbalance": 0.81, "micro": 187924.52, "spread": 5.0, "codigo": "replay:2026-09-18", "config_sha": "538457d8a0d0", "event": "ea.micro.entrada", "level": "info", "timestamp": "2026-09-25T04:30:04.620093Z"}
{"acao": "zerar", "motivo": "imbalance_inverteu", "sinal": 0.0, "feature": "microprice", "event": "ea.decisao_dry_run", "level": "info", "timestamp": "2026-09-25T04:30:04.620490Z"}
{"nome": "ea_microprice", "lado": 1, "entrada": 187925.0, "saida": 187930.0, "pnl_bruto": 5.0, "pnl_liquido": 1.0, "duracao_s": 1.11, "motivo": "imbalance_inverteu", "imbalance_entrada": 0.81, "imbalance_saida": -0.418, "pnl_dia": -144.0, "bloqueado": null, "codigo": "replay:2026-09-18", "config_sha": "538457d8a0d0", "event": "ea.micro.saida", "level": "info", "timestamp": "2026-09-25T04:30:04.620554Z"}
{"acao": "comprar", "motivo": "imbalance=+0.67 persistiu 300ms", "sinal": 0.673, "feature": "microprice", "event": "ea.decisao_dry_run", "level": "info", "timestamp": "2026-09-25T04:30:04.622153Z"}
{"nome": "ea_microprice", "lado": 1, "preco": 187910.0, "preco_topo": 187910.0, "imbalance": 0.673, "micro": 187909.18, "spread": 5.0, "codigo": "replay:2026-09-18", "config_sha": "538457d8a0d0", "event": "ea.micro.entrada", "level": "info", "timestamp": "2026-09-25T04:30:04.622216Z"}
{"acao": "zerar", "motivo": "alvo", "sinal": 0.0, "feature": "microprice", "event": "ea.decisao_dry_run", "level": "info", "timestamp": "2026-09-25T04:30:04.623090Z"}
{"nome": "ea_microprice", "lado": 1, "entrada": 187910.0, "saida": 187930.0, "pnl_bruto": 20.0, "pnl_liquido": 16.0, "duracao_s": 4.75, "motivo": "alvo", "imbalance_entrada": 0.673, "imbalance_saida": -0.593, "pnl_dia": -128.0, "bloqueado": null, "codigo": "replay:2026-09-18", "config_sha": "538457d8a0d0", "event": "ea.micro.saida", "level": "info", "timestamp": "2026-09-25T04:30:04.623156Z"}
{"acao": "comprar", "motivo": "imbalance=+0.70 persistiu 300ms", "sinal": 0.705, "feature": "microprice", "event": "ea.decisao_dry_run", "level": "info", "timestamp": "2026-09-25T04:30:04.629634Z"}
{"nome": "ea_microprice", "lado": 1, "preco": 187905.0, "preco_topo": 187905.0, "imbalance": 0.705, "micro": 187904.26, "spread": 5.0, "codigo": "replay:2026-09-18", "config_sha": "538457d8a0d0", "event": "ea.micro.entrada", "level": "info", "timestamp": "2026-09-25T04:30:04.629710Z"}
{"acao": "zerar", "motivo": "alvo", "sinal": 0.0, "feature": "microprice", "event": "ea.decisao_dry_run", "level": "info", "timestamp": "2026-09-25T04:30:04.630873Z"}
{"nome": "ea_microprice", "lado": 1, "entrada": 187905.0, "saida": 187920.0, "pnl_bruto": 15.0, "pnl_liquido": 11.0, "duracao_s": 6.56, "motivo": "alvo", "imbalance_entrada": 0.705, "imbalance_saida": -0.816, "pnl_dia": -117.0, "bloqueado": null, "codigo": "replay:2026-09-18", "config_sha": "538457d8a0d0", "event": "ea.micro.saida", "level": "info", "timestamp": "2026-09-25T04:30:04.630940Z"}
{"acao": "vender", "motivo": "imbalance=-0.62 persistiu 300ms", "sinal": -0.615, "feature": "microprice", "event": "ea.decisao_dry_run", "level": "info", "timestamp": "2026-09-25T04:30:04.634490Z"}
{"nome": "ea_microprice", "lado": -1, "preco": 187885.0, "preco_topo": 187885.0, "imbalance": -0.615, "micro": 187885.96, "spread": 5.0, "codigo": "replay:2026-09-18", "config_sha": "538457d8a0d0", "event": "ea.micro.entrada", "level": "info", "timestamp": "2026-09-25T04:30:04.634552Z"}
{"acao": "zerar", "motivo": "imbalance_inverteu", "sinal": 0.0, "feature": "microprice", "event": "ea.decisao_dry_run", "level": "info", "timestamp": "2026-09-25T04:30:04.634805Z"}
{"nome": "ea_microprice", "lado": -1, "entrada": 187885.0, "saida": 187880.0, "pnl_bruto": 5.0, "pnl_liquido": 1.0, "duracao_s": 0.82, "motivo": "imbalance_inverteu", "imbalance_entrada": -0.615, "imbalance_saida": 0.37, "pnl_dia": -116.0, "bloqueado": null, "codigo": "replay:2026-09-18", "config_sha": "538457d8a0d0", "event": "ea.micro.saida", "level": "info", "timestamp": "2026-09-25T04:30:04.634869Z"}
{"acao": "vender", "motivo": "imbalance=-0.72 persistiu 300ms", "sinal": -0.718, "feature": "microprice", "event": "ea.decisao_dry_run", "level": "info", "timestamp": "2026-09-25T04:30:04.635533Z"}
{"nome": "ea_microprice", "lado": -1, "preco": 187885.0, "preco_topo": 187885.0, "imbalance": -0.718, "micro": 187885.71, "spread": 5.0, "codigo": "replay:2026-09-18", "config_sha": "538457d8a0d0", "event": "ea.micro.entrada", "level": "info", "timestamp": "2026-09-25T04:30:04.635592Z"}
{"acao": "zerar", "motivo": "stop", "sinal": 0.0, "feature": "microprice", "event": "ea.decisao_dry_run", "level": "info", "timestamp": "2026-09-25T04:30:04.635912Z"}
{"nome": "ea_microprice", "lado": -1, "entrada": 187885.0, "saida": 187900.0, "pnl_bruto": -15.0, "pnl_liquido": -19.0, "duracao_s": 1.62, "motivo": "stop", "imbalance_entrada": -0.718, "imbalance_saida": -0.412, "pnl_dia": -135.0, "bloqueado": null, "codigo": "replay:2026-09-18", "config_sha": "538457d8a0d0", "event": "ea.micro.saida", "level": "info", "timestamp": "2026-09-25T04:30:04.636076Z"}
{"acao": "comprar", "motivo": "imbalance=+0.73 persistiu 300ms", "sinal": 0.732, "feature": "microprice", "event": "ea.decisao_dry_run", "level": "info", "timestamp": "2026-09-25T04:30:04.641337Z"}
{"nome": "ea_microprice", "lado": 1, "preco": 187895.0, "preco_topo": 187895.0, "imbalance": 0.732, "micro": 187894.33, "spread": 5.0, "codigo": "replay:2026-09-18", "config_sha": "538457d8a0d0", "event": "ea.micro.entrada", "level": "info", "timestamp": "2026-09-25T04:30:04.641419Z"}
{"acao": "zerar", "motivo": "stop", "sinal": 0.0, "feature": "microprice", "event": "ea.decisao_dry_run", "level": "info", "timestamp": "2026-09-25T04:30:04.641699Z"}
{"nome": "ea_microprice", "lado": 1, "entrada": 187895.0, "saida": 187880.0, "pnl_bruto": -15.0, "pnl_liquido": -19.0, "duracao_s": 1.32, "motivo": "stop", "imbalance_entrada": 0.732, "imbalance_saida": 0.409, "pnl_dia": -154.0, "bloqueado": null, "codigo": "replay:2026-09-18", "config_sha": "538457d8a0d0", "event": "ea.micro.saida", "level": "info", "timestamp": "2026-09-25T04:30:04.641769Z"}
{"acao": "comprar", "motivo": "imbalance=+0.74 persistiu 300ms", "sinal": 0.739, "feature": "microprice", "event": "ea.decisao_dry_run", "level": "info", "timestamp": "2026-09-25T04:30:04.643422Z"}
{"nome": "ea_microprice", "lado": 1, "preco": 187875.0, "preco_topo": 187875.0, "imbalance": 0.739, "micro": 187874.35, "spread": 5.0, "codigo": "replay:2026-09-18", "config_sha": "538457d8a0d0", "event": "ea.micro.entrada", "level": "info", "timestamp": "2026-09-25T04:30:04.643486Z"}
{"acao": "zerar", "motivo": "stop", "sinal": 0.0, "feature": "microprice", "event": "ea.decisao_dry_run", "level": "info", "timestamp": "2026-09-25T04:30:04.643801Z"}
{"nome": "ea_microprice", "lado": 1, "entrada": 187875.0, "saida": 187855.0, "pnl_bruto": -20.0, "pnl_liquido": -24.0, "duracao_s": 1.24, "motivo": "stop", "imbalance_entrada": 0.739, "imbalance_saida": -0.305, "pnl_dia": -178.0, "bloqueado": null, "codigo": "replay:2026-09-18", "config_sha": "538457d8a0d0", "event": "ea.micro.saida", "level": "info", "timestamp": "2026-09-25T04:30:04.643867Z"}
{"acao": "vender", "motivo": "imbalance=-0.76 persistiu 300ms", "sinal": -0.765, "feature": "microprice", "event": "ea.decisao_dry_run", "level": "info", "timestamp": "2026-09-25T04:30:04.649155Z"}
{"nome": "ea_microprice", "lado": -1, "preco": 187905.0, "preco_topo": 187905.0, "imbalance": -0.765, "micro": 187905.59, "spread": 5.0, "codigo": "replay:2026-09-18", "config_sha": "538457d8a0d0", "event": "ea.micro.entrada", "level": "info", "timestamp": "2026-09-25T04:30:04.649221Z"}
{"acao": "zerar", "motivo": "alvo", "sinal": 0.0, "feature": "microprice", "event": "ea.decisao_dry_run", "level": "info", "timestamp": "2026-09-25T04:30:04.649385Z"}
{"nome": "ea_microprice", "lado": -1, "entrada": 187905.0, "saida": 187890.0, "pnl_bruto": 15.0, "pnl_liquido": 11.0, "duracao_s": 0.24, "motivo": "alvo", "imbalance_entrada": -0.765, "imbalance_saida": -0.387, "pnl_dia": -167.0, "bloqueado": null, "codigo": "replay:2026-09-18", "config_sha": "538457d8a0d0", "event": "ea.micro.saida", "level": "info", "timestamp": "2026-09-25T04:30:04.649450Z"}
{"acao": "comprar", "motivo": "imbalance=+0.73 persistiu 300ms", "sinal": 0.725, "feature": "microprice", "event": "ea.decisao_dry_run", "level": "info", "timestamp": "2026-09-25T04:30:04.649926Z"}
{"nome": "ea_microprice", "lado": 1, "preco": 187890.0, "preco_topo": 187890.0, "imbalance": 0.725, "micro": 187889.31, "spread": 5.0, "codigo": "replay:2026-09-18", "config_sha": "538457d8a0d0", "event": "ea.micro.entrada", "level": "info", "timestamp": "2026-09-25T04:30:04.649987Z"}
{"acao": "zerar", "motivo": "imbalance_inverteu", "sinal": 0.0, "feature": "microprice", "event": "ea.decisao_dry_run", "level": "info", "timestamp": "2026-09-25T04:30:04.650762Z"}
{"nome": "ea_microprice", "lado": 1, "entrada": 187890.0, "saida": 187895.0, "pnl_bruto": 5.0, "pnl_liquido": 1.0, "duracao_s": 3.08, "motivo": "imbalance_inverteu", "imbalance_entrada": 0.725, "imbalance_saida": -0.519, "pnl_dia": -166.0, "bloqueado": null, "codigo": "replay:2026-09-18", "config_sha": "538457d8a0d0", "event": "ea.micro.saida", "level": "info", "timestamp": "2026-09-25T04:30:04.650828Z"}
{"acao": "comprar", "motivo": "imbalance=+0.70 persistiu 300ms", "sinal": 0.7, "feature": "microprice", "event": "ea.decisao_dry_run", "level": "info", "timestamp": "2026-09-25T04:30:04.653005Z"}
{"nome": "ea_microprice", "lado": 1, "preco": 187895.0, "preco_topo": 187895.0, "imbalance": 0.7, "micro": 187894.25, "spread": 5.0, "codigo": "replay:2026-09-18", "config_sha": "538457d8a0d0", "event": "ea.micro.entrada", "level": "info", "timestamp": "2026-09-25T04:30:04.653065Z"}
{"acao": "zerar", "motivo": "stop", "sinal": 0.0, "feature": "microprice", "event": "ea.decisao_dry_run", "level": "info", "timestamp": "2026-09-25T04:30:04.653242Z"}
{"nome": "ea_microprice", "lado": 1, "entrada": 187895.0, "saida": 187880.0, "pnl_bruto": -15.0, "pnl_liquido": -19.0, "duracao_s": 0.45, "motivo": "stop", "imbalance_entrada": 0.7, "imbalance_saida": 0.189, "pnl_dia": -185.0, "bloqueado": null, "codigo": "replay:2026-09-18", "config_sha": "538457d8a0d0", "event": "ea.micro.saida", "level": "info", "timestamp": "2026-09-25T04:30:04.653305Z"}
{"acao": "comprar", "motivo": "imbalance=+0.83 persistiu 300ms", "sinal": 0.829, "feature": "microprice", "event": "ea.decisao_dry_run", "level": "info", "timestamp": "2026-09-25T04:30:04.655227Z"}
{"nome": "ea_microprice", "lado": 1, "preco": 187885.0, "preco_topo": 187885.0, "imbalance": 0.829, "micro": 187884.57, "spread": 5.0, "codigo": "replay:2026-09-18", "config_sha": "538457d8a0d0", "event": "ea.micro.entrada", "level": "info", "timestamp": "2026-09-25T04:30:04.655289Z"}
{"acao": "zerar", "motivo": "imbalance_inverteu", "sinal": 0.0, "feature": "microprice", "event": "ea.decisao_dry_run", "level": "info", "timestamp": "2026-09-25T04:30:04.655688Z"}
{"nome": "ea_microprice", "lado": 1, "entrada": 187885.0, "saida": 187890.0, "pnl_bruto": 5.0, "pnl_liquido": 1.0, "duracao_s": 1.95, "motivo": "imbalance_inverteu", "imbalance_entrada": 0.829, "imbalance_saida": -0.547, "pnl_dia": -184.0, "bloqueado": null, "codigo": "replay:2026-09-18", "config_sha": "538457d8a0d0", "event": "ea.micro.saida", "level": "info", "timestamp": "2026-09-25T04:30:04.655754Z"}
{"acao": "comprar", "motivo": "imbalance=+0.62 persistiu 300ms", "sinal": 0.623, "feature": "microprice", "event": "ea.decisao_dry_run", "level": "info", "timestamp": "2026-09-25T04:30:04.656279Z"}
{"nome": "ea_microprice", "lado": 1, "preco": 187895.0, "preco_topo": 187895.0, "imbalance": 0.623, "micro": 187894.06, "spread": 5.0, "codigo": "replay:2026-09-18", "config_sha": "538457d8a0d0", "event": "ea.micro.entrada", "level": "info", "timestamp": "2026-09-25T04:30:04.656341Z"}
{"acao": "zerar", "motivo": "imbalance_inverteu", "sinal": 0.0, "feature": "microprice", "event": "ea.decisao_dry_run", "level": "info", "timestamp": "2026-09-25T04:30:04.656490Z"}
{"nome": "ea_microprice", "lado": 1, "entrada": 187895.0, "saida": 187890.0, "pnl_bruto": -5.0, "pnl_liquido": -9.0, "duracao_s": 0.37, "motivo": "imbalance_inverteu", "imbalance_entrada": 0.623, "imbalance_saida": -0.571, "pnl_dia": -193.0, "bloqueado": null, "codigo": "replay:2026-09-18", "config_sha": "538457d8a0d0", "event": "ea.micro.saida", "level": "info", "timestamp": "2026-09-25T04:30:04.656554Z"}
{"acao": "comprar", "motivo": "imbalance=+0.79 persistiu 300ms", "sinal": 0.792, "feature": "microprice", "event": "ea.decisao_dry_run", "level": "info", "timestamp": "2026-09-25T04:30:04.657191Z"}
{"nome": "ea_microprice", "lado": 1, "preco": 187895.0, "preco_topo": 187895.0, "imbalance": 0.792, "micro": 187894.48, "spread": 5.0, "codigo": "replay:2026-09-18", "config_sha": "538457d8a0d0", "event": "ea.micro.entrada", "level": "info", "timestamp": "2026-09-25T04:30:04.657251Z"}
{"acao": "zerar", "motivo": "imbalance_inverteu", "sinal": 0.0, "feature": "microprice", "event": "ea.decisao_dry_run", "level": "info", "timestamp": "2026-09-25T04:30:04.657499Z"}
{"nome": "ea_microprice", "lado": 1, "entrada": 187895.0, "saida": 187890.0, "pnl_bruto": -5.0, "pnl_liquido": -9.0, "duracao_s": 0.91, "motivo": "imbalance_inverteu", "imbalance_entrada": 0.792, "imbalance_saida": -0.146, "pnl_dia": -202.0, "bloqueado": null, "codigo": "replay:2026-09-18", "config_sha": "538457d8a0d0", "event": "ea.micro.saida", "level": "info", "timestamp": "2026-09-25T04:30:04.657563Z"}
{"acao": "comprar", "motivo": "imbalance=+0.74 persistiu 300ms", "sinal": 0.735, "feature": "microprice", "event": "ea.decisao_dry_run", "level": "info", "timestamp": "2026-09-25T04:30:04.658286Z"}
{"nome": "ea_microprice", "lado": 1, "preco": 187895.0, "preco_topo": 187895.0, "imbalance": 0.735, "micro": 187894.34, "spread": 5.0, "codigo": "replay:2026-09-18", "config_sha": "538457d8a0d0", "event": "ea.micro.entrada", "level": "info", "timestamp": "2026-09-25T04:30:04.658347Z"}
{"acao": "zerar", "motivo": "imbalance_inverteu", "sinal": 0.0, "feature": "microprice", "event": "ea.decisao_dry_run", "level": "info", "timestamp": "2026-09-25T04:30:04.658633Z"}
{"nome": "ea_microprice", "lado": 1, "entrada": 187895.0, "saida": 187890.0, "pnl_bruto": -5.0, "pnl_liquido": -9.0, "duracao_s": 1.19, "motivo": "imbalance_inverteu", "imbalance_entrada": 0.735, "imbalance_saida": -0.688, "pnl_dia": -211.0, "bloqueado": null, "codigo": "replay:2026-09-18", "config_sha": "538457d8a0d0", "event": "ea.micro.saida", "level": "info", "timestamp": "2026-09-25T04:30:04.658698Z"}
{"acao": "comprar", "motivo": "imbalance=+0.69 persistiu 300ms", "sinal": 0.694, "feature": "microprice", "event": "ea.decisao_dry_run", "level": "info", "timestamp": "2026-09-25T04:30:04.659101Z"}
{"nome": "ea_microprice", "lado": 1, "preco": 187895.0, "preco_topo": 187895.0, "imbalance": 0.694, "micro": 187894.24, "spread": 5.0, "codigo": "replay:2026-09-18", "config_sha": "538457d8a0d0", "event": "ea.micro.entrada", "level": "info", "timestamp": "2026-09-25T04:30:04.659162Z"}
{"acao": "zerar", "motivo": "stop", "sinal": 0.0, "feature": "microprice", "event": "ea.decisao_dry_run", "level": "info", "timestamp": "2026-09-25T04:30:04.659478Z"}
{"nome": "ea_microprice", "lado": 1, "entrada": 187895.0, "saida": 187880.0, "pnl_bruto": -15.0, "pnl_liquido": -19.0, "duracao_s": 1.09, "motivo": "stop", "imbalance_entrada": 0.694, "imbalance_saida": 0.477, "pnl_dia": -230.0, "bloqueado": null, "codigo": "replay:2026-09-18", "config_sha": "538457d8a0d0", "event": "ea.micro.saida", "level": "info", "timestamp": "2026-09-25T04:30:04.659544Z"}
{"acao": "comprar", "motivo": "imbalance=+0.87 persistiu 300ms", "sinal": 0.869, "feature": "microprice", "event": "ea.decisao_dry_run", "level": "info", "timestamp": "2026-09-25T04:30:04.660815Z"}
{"nome": "ea_microprice", "lado": 1, "preco": 187880.0, "preco_topo": 187880.0, "imbalance": 0.869, "micro": 187879.67, "spread": 5.0, "codigo": "replay:2026-09-18", "config_sha": "538457d8a0d0", "event": "ea.micro.entrada", "level": "info", "timestamp": "2026-09-25T04:30:04.660876Z"}
{"acao": "zerar", "motivo": "stop", "sinal": 0.0, "feature": "microprice", "event": "ea.decisao_dry_run", "level": "info", "timestamp": "2026-09-25T04:30:04.661223Z"}
{"nome": "ea_microprice", "lado": 1, "entrada": 187880.0, "saida": 187865.0, "pnl_bruto": -15.0, "pnl_liquido": -19.0, "duracao_s": 1.48, "motivo": "stop", "imbalance_entrada": 0.869, "imbalance_saida": -0.333, "pnl_dia": -249.0, "bloqueado": null, "codigo": "replay:2026-09-18", "config_sha": "538457d8a0d0", "event": "ea.micro.saida", "level": "info", "timestamp": "2026-09-25T04:30:04.661289Z"}
{"acao": "comprar", "motivo": "imbalance=+0.84 persistiu 300ms", "sinal": 0.836, "feature": "microprice", "event": "ea.decisao_dry_run", "level": "info", "timestamp": "2026-09-25T04:30:04.664040Z"}
{"nome": "ea_microprice", "lado": 1, "preco": 187855.0, "preco_topo": 187855.0, "imbalance": 0.836, "micro": 187854.59, "spread": 5.0, "codigo": "replay:2026-09-18", "config_sha": "538457d8a0d0", "event": "ea.micro.entrada", "level": "info", "timestamp": "2026-09-25T04:30:04.664105Z"}
{"acao": "zerar", "motivo": "alvo", "sinal": 0.0, "feature": "microprice", "event": "ea.decisao_dry_run", "level": "info", "timestamp": "2026-09-25T04:30:04.665174Z"}
{"nome": "ea_microprice", "lado": 1, "entrada": 187855.0, "saida": 187870.0, "pnl_bruto": 15.0, "pnl_liquido": 11.0, "duracao_s": 4.51, "motivo": "alvo", "imbalance_entrada": 0.836, "imbalance_saida": -0.735, "pnl_dia": -238.0, "bloqueado": null, "codigo": "replay:2026-09-18", "config_sha": "538457d8a0d0", "event": "ea.micro.saida", "level": "info", "timestamp": "2026-09-25T04:30:04.665238Z"}
{"acao": "vender", "motivo": "imbalance=-0.67 persistiu 300ms", "sinal": -0.673, "feature": "microprice", "event": "ea.decisao_dry_run", "level": "info", "timestamp": "2026-09-25T04:30:04.692417Z"}
{"nome": "ea_microprice", "lado": -1, "preco": 187575.0, "preco_topo": 187575.0, "imbalance": -0.673, "micro": 187575.82, "spread": 5.0, "codigo": "replay:2026-09-18", "config_sha": "538457d8a0d0", "event": "ea.micro.entrada", "level": "info", "timestamp": "2026-09-25T04:30:04.692555Z"}
{"acao": "zerar", "motivo": "stop", "sinal": 0.0, "feature": "microprice", "event": "ea.decisao_dry_run", "level": "info", "timestamp": "2026-09-25T04:30:04.692899Z"}
{"nome": "ea_microprice", "lado": -1, "entrada": 187575.0, "saida": 187590.0, "pnl_bruto": -15.0, "pnl_liquido": -19.0, "duracao_s": 0.81, "motivo": "stop", "imbalance_entrada": -0.673, "imbalance_saida": -0.95, "pnl_dia": -257.0, "bloqueado": null, "codigo": "replay:2026-09-18", "config_sha": "538457d8a0d0", "event": "ea.micro.saida", "level": "info", "timestamp": "2026-09-25T04:30:04.692975Z"}
{"acao": "vender", "motivo": "imbalance=-0.72 persistiu 300ms", "sinal": -0.719, "feature": "microprice", "event": "ea.decisao_dry_run", "level": "info", "timestamp": "2026-09-25T04:30:04.735562Z"}
{"nome": "ea_microprice", "lado": -1, "preco": 187200.0, "preco_topo": 187200.0, "imbalance": -0.719, "micro": 187200.7, "spread": 5.0, "codigo": "replay:2026-09-18", "config_sha": "538457d8a0d0", "event": "ea.micro.entrada", "level": "info", "timestamp": "2026-09-25T04:30:04.735668Z"}
{"acao": "zerar", "motivo": "alvo", "sinal": 0.0, "feature": "microprice", "event": "ea.decisao_dry_run", "level": "info", "timestamp": "2026-09-25T04:30:04.736111Z"}
{"nome": "ea_microprice", "lado": -1, "entrada": 187200.0, "saida": 187185.0, "pnl_bruto": 15.0, "pnl_liquido": 11.0, "duracao_s": 1.26, "motivo": "alvo", "imbalance_entrada": -0.719, "imbalance_saida": 0.947, "pnl_dia": -246.0, "bloqueado": null, "codigo": "replay:2026-09-18", "config_sha": "538457d8a0d0", "event": "ea.micro.saida", "level": "info", "timestamp": "2026-09-25T04:30:04.736182Z"}
{"acao": "comprar", "motivo": "imbalance=+0.85 persistiu 300ms", "sinal": 0.854, "feature": "microprice", "event": "ea.decisao_dry_run", "level": "info", "timestamp": "2026-09-25T04:30:04.737251Z"}
{"nome": "ea_microprice", "lado": 1, "preco": 187255.0, "preco_topo": 187255.0, "imbalance": 0.854, "micro": 187254.63, "spread": 5.0, "codigo": "replay:2026-09-18", "config_sha": "538457d8a0d0", "event": "ea.micro.entrada", "level": "info", "timestamp": "2026-09-25T04:30:04.737313Z"}
{"acao": "zerar", "motivo": "imbalance_inverteu", "sinal": 0.0, "feature": "microprice", "event": "ea.decisao_dry_run", "level": "info", "timestamp": "2026-09-25T04:30:04.737664Z"}
{"nome": "ea_microprice", "lado": 1, "entrada": 187255.0, "saida": 187255.0, "pnl_bruto": 0.0, "pnl_liquido": -4.0, "duracao_s": 0.76, "motivo": "imbalance_inverteu", "imbalance_entrada": 0.854, "imbalance_saida": -0.148, "pnl_dia": -250.0, "bloqueado": null, "codigo": "replay:2026-09-18", "config_sha": "538457d8a0d0", "event": "ea.micro.saida", "level": "info", "timestamp": "2026-09-25T04:30:04.737732Z"}
{"acao": "comprar", "motivo": "imbalance=+0.77 persistiu 300ms", "sinal": 0.767, "feature": "microprice", "event": "ea.decisao_dry_run", "level": "info", "timestamp": "2026-09-25T04:30:04.757798Z"}
{"nome": "ea_microprice", "lado": 1, "preco": 187250.0, "preco_topo": 187250.0, "imbalance": 0.767, "micro": 187249.42, "spread": 5.0, "codigo": "replay:2026-09-18", "config_sha": "538457d8a0d0", "event": "ea.micro.entrada", "level": "info", "timestamp": "2026-09-25T04:30:04.757887Z"}
{"acao": "zerar", "motivo": "alvo", "sinal": 0.0, "feature": "microprice", "event": "ea.decisao_dry_run", "level": "info", "timestamp": "2026-09-25T04:30:04.758092Z"}
{"nome": "ea_microprice", "lado": 1, "entrada": 187250.0, "saida": 187265.0, "pnl_bruto": 15.0, "pnl_liquido": 11.0, "duracao_s": 0.51, "motivo": "alvo", "imbalance_entrada": 0.767, "imbalance_saida": -0.913, "pnl_dia": -239.0, "bloqueado": null, "codigo": "replay:2026-09-18", "config_sha": "538457d8a0d0", "event": "ea.micro.saida", "level": "info", "timestamp": "2026-09-25T04:30:04.758159Z"}
{"acao": "comprar", "motivo": "imbalance=+0.80 persistiu 300ms", "sinal": 0.804, "feature": "microprice", "event": "ea.decisao_dry_run", "level": "info", "timestamp": "2026-09-25T04:30:04.766328Z"}
{"nome": "ea_microprice", "lado": 1, "preco": 187270.0, "preco_topo": 187270.0, "imbalance": 0.804, "micro": 187269.51, "spread": 5.0, "codigo": "replay:2026-09-18", "config_sha": "538457d8a0d0", "event": "ea.micro.entrada", "level": "info", "timestamp": "2026-09-25T04:30:04.766397Z"}
{"acao": "zerar", "motivo": "imbalance_inverteu", "sinal": 0.0, "feature": "microprice", "event": "ea.decisao_dry_run", "level": "info", "timestamp": "2026-09-25T04:30:04.766737Z"}
{"nome": "ea_microprice", "lado": 1, "entrada": 187270.0, "saida": 187275.0, "pnl_bruto": 5.0, "pnl_liquido": 1.0, "duracao_s": 2.1, "motivo": "imbalance_inverteu", "imbalance_entrada": 0.804, "imbalance_saida": -0.185, "pnl_dia": -238.0, "bloqueado": null, "codigo": "replay:2026-09-18", "config_sha": "538457d8a0d0", "event": "ea.micro.saida", "level": "info", "timestamp": "2026-09-25T04:30:04.766807Z"}
{"acao": "vender", "motivo": "imbalance=-0.79 persistiu 300ms", "sinal": -0.794, "feature": "microprice", "event": "ea.decisao_dry_run", "level": "info", "timestamp": "2026-09-25T04:30:04.771133Z"}
{"nome": "ea_microprice", "lado": -1, "preco": 187300.0, "preco_topo": 187300.0, "imbalance": -0.794, "micro": 187300.51, "spread": 5.0, "codigo": "replay:2026-09-18", "config_sha": "538457d8a0d0", "event": "ea.micro.entrada", "level": "info", "timestamp": "2026-09-25T04:30:04.771197Z"}
{"acao": "zerar", "motivo": "stop", "sinal": 0.0, "feature": "microprice", "event": "ea.decisao_dry_run", "level": "info", "timestamp": "2026-09-25T04:30:04.771404Z"}
{"nome": "ea_microprice", "lado": -1, "entrada": 187300.0, "saida": 187315.0, "pnl_bruto": -15.0, "pnl_liquido": -19.0, "duracao_s": 0.68, "motivo": "stop", "imbalance_entrada": -0.794, "imbalance_saida": -0.86, "pnl_dia": -257.0, "bloqueado": null, "codigo": "replay:2026-09-18", "config_sha": "538457d8a0d0", "event": "ea.micro.saida", "level": "info", "timestamp": "2026-09-25T04:30:04.771468Z"}
{"acao": "vender", "motivo": "imbalance=-0.98 persistiu 300ms", "sinal": -0.978, "feature": "microprice", "event": "ea.decisao_dry_run", "level": "info", "timestamp": "2026-09-25T04:30:04.773437Z"}
{"nome": "ea_microprice", "lado": -1, "preco": 187305.0, "preco_topo": 187305.0, "imbalance": -0.978, "micro": 187305.05, "spread": 5.0, "codigo": "replay:2026-09-18", "config_sha": "538457d8a0d0", "event": "ea.micro.entrada", "level": "info", "timestamp": "2026-09-25T04:30:04.773499Z"}
{"acao": "zerar", "motivo": "alvo", "sinal": 0.0, "feature": "microprice", "event": "ea.decisao_dry_run", "level": "info", "timestamp": "2026-09-25T04:30:04.773803Z"}
{"nome": "ea_microprice", "lado": -1, "entrada": 187305.0, "saida": 187285.0, "pnl_bruto": 20.0, "pnl_liquido": 16.0, "duracao_s": 0.7, "motivo": "alvo", "imbalance_entrada": -0.978, "imbalance_saida": -0.114, "pnl_dia": -241.0, "bloqueado": null, "codigo": "replay:2026-09-18", "config_sha": "538457d8a0d0", "event": "ea.micro.saida", "level": "info", "timestamp": "2026-09-25T04:30:04.773868Z"}
{"acao": "vender", "motivo": "imbalance=-0.65 persistiu 300ms", "sinal": -0.645, "feature": "microprice", "event": "ea.decisao_dry_run", "level": "info", "timestamp": "2026-09-25T04:30:04.774589Z"}
{"nome": "ea_microprice", "lado": -1, "preco": 187255.0, "preco_topo": 187255.0, "imbalance": -0.645, "micro": 187255.89, "spread": 5.0, "codigo": "replay:2026-09-18", "config_sha": "538457d8a0d0", "event": "ea.micro.entrada", "level": "info", "timestamp": "2026-09-25T04:30:04.774650Z"}
{"acao": "zerar", "motivo": "stop", "sinal": 0.0, "feature": "microprice", "event": "ea.decisao_dry_run", "level": "info", "timestamp": "2026-09-25T04:30:04.775054Z"}
{"nome": "ea_microprice", "lado": -1, "entrada": 187255.0, "saida": 187270.0, "pnl_bruto": -15.0, "pnl_liquido": -19.0, "duracao_s": 1.41, "motivo": "stop", "imbalance_entrada": -0.645, "imbalance_saida": -0.205, "pnl_dia": -260.0, "bloqueado": null, "codigo": "replay:2026-09-18", "config_sha": "538457d8a0d0", "event": "ea.micro.saida", "level": "info", "timestamp": "2026-09-25T04:30:04.775118Z"}
{"acao": "comprar", "motivo": "imbalance=+0.80 persistiu 300ms", "sinal": 0.803, "feature": "microprice", "event": "ea.decisao_dry_run", "level": "info", "timestamp": "2026-09-25T04:30:04.783516Z"}
{"nome": "ea_microprice", "lado": 1, "preco": 187245.0, "preco_topo": 187245.0, "imbalance": 0.803, "micro": 187244.51, "spread": 5.0, "codigo": "replay:2026-09-18", "config_sha": "538457d8a0d0", "event": "ea.micro.entrada", "level": "info", "timestamp": "2026-09-25T04:30:04.783584Z"}
{"acao": "zerar", "motivo": "alvo", "sinal": 0.0, "feature": "microprice", "event": "ea.decisao_dry_run", "level": "info", "timestamp": "2026-09-25T04:30:04.784527Z"}
{"nome": "ea_microprice", "lado": 1, "entrada": 187245.0, "saida": 187265.0, "pnl_bruto": 20.0, "pnl_liquido": 16.0, "duracao_s": 4.71, "motivo": "alvo", "imbalance_entrada": 0.803, "imbalance_saida": 0.139, "pnl_dia": -244.0, "bloqueado": null, "codigo": "replay:2026-09-18", "config_sha": "538457d8a0d0", "event": "ea.micro.saida", "level": "info", "timestamp": "2026-09-25T04:30:04.784596Z"}
{"acao": "vender", "motivo": "imbalance=-0.69 persistiu 300ms", "sinal": -0.692, "feature": "microprice", "event": "ea.decisao_dry_run", "level": "info", "timestamp": "2026-09-25T04:30:04.785675Z"}
{"nome": "ea_microprice", "lado": -1, "preco": 187280.0, "preco_topo": 187280.0, "imbalance": -0.692, "micro": 187280.77, "spread": 5.0, "codigo": "replay:2026-09-18", "config_sha": "538457d8a0d0", "event": "ea.micro.entrada", "level": "info", "timestamp": "2026-09-25T04:30:04.785738Z"}
{"acao": "zerar", "motivo": "stop", "sinal": 0.0, "feature": "microprice", "event": "ea.decisao_dry_run", "level": "info", "timestamp": "2026-09-25T04:30:04.786006Z"}
{"nome": "ea_microprice", "lado": -1, "entrada": 187280.0, "saida": 187300.0, "pnl_bruto": -20.0, "pnl_liquido": -24.0, "duracao_s": 0.71, "motivo": "stop", "imbalance_entrada": -0.692, "imbalance_saida": -0.652, "pnl_dia": -268.0, "bloqueado": null, "codigo": "replay:2026-09-18", "config_sha": "538457d8a0d0", "event": "ea.micro.saida", "level": "info", "timestamp": "2026-09-25T04:30:04.786070Z"}
{"acao": "vender", "motivo": "imbalance=-0.69 persistiu 300ms", "sinal": -0.69, "feature": "microprice", "event": "ea.decisao_dry_run", "level": "info", "timestamp": "2026-09-25T04:30:04.787536Z"}
{"nome": "ea_microprice", "lado": -1, "preco": 187310.0, "preco_topo": 187310.0, "imbalance": -0.69, "micro": 187310.78, "spread": 5.0, "codigo": "replay:2026-09-18", "config_sha": "538457d8a0d0", "event": "ea.micro.entrada", "level": "info", "timestamp": "2026-09-25T04:30:04.787594Z"}
{"acao": "zerar", "motivo": "alvo", "sinal": 0.0, "feature": "microprice", "event": "ea.decisao_dry_run", "level": "info", "timestamp": "2026-09-25T04:30:04.787903Z"}
{"nome": "ea_microprice", "lado": -1, "entrada": 187310.0, "saida": 187295.0, "pnl_bruto": 15.0, "pnl_liquido": 11.0, "duracao_s": 0.85, "motivo": "alvo", "imbalance_entrada": -0.69, "imbalance_saida": -0.136, "pnl_dia": -257.0, "bloqueado": null, "codigo": "replay:2026-09-18", "config_sha": "538457d8a0d0", "event": "ea.micro.saida", "level": "info", "timestamp": "2026-09-25T04:30:04.787968Z"}
{"acao": "vender", "motivo": "imbalance=-0.80 persistiu 300ms", "sinal": -0.8, "feature": "microprice", "event": "ea.decisao_dry_run", "level": "info", "timestamp": "2026-09-25T04:30:04.805055Z"}
{"nome": "ea_microprice", "lado": -1, "preco": 187265.0, "preco_topo": 187265.0, "imbalance": -0.8, "micro": 187265.5, "spread": 5.0, "codigo": "replay:2026-09-18", "config_sha": "538457d8a0d0", "event": "ea.micro.entrada", "level": "info", "timestamp": "2026-09-25T04:30:04.805132Z"}
{"acao": "zerar", "motivo": "stop", "sinal": 0.0, "feature": "microprice", "event": "ea.decisao_dry_run", "level": "info", "timestamp": "2026-09-25T04:30:04.805317Z"}
{"nome": "ea_microprice", "lado": -1, "entrada": 187265.0, "saida": 187280.0, "pnl_bruto": -15.0, "pnl_liquido": -19.0, "duracao_s": 0.7, "motivo": "stop", "imbalance_entrada": -0.8, "imbalance_saida": -0.97, "pnl_dia": -276.0, "bloqueado": null, "codigo": "replay:2026-09-18", "config_sha": "538457d8a0d0", "event": "ea.micro.saida", "level": "info", "timestamp": "2026-09-25T04:30:04.805381Z"}
{"acao": "comprar", "motivo": "imbalance=+0.78 persistiu 300ms", "sinal": 0.778, "feature": "microprice", "event": "ea.decisao_dry_run", "level": "info", "timestamp": "2026-09-25T04:30:04.810815Z"}
{"nome": "ea_microprice", "lado": 1, "preco": 187245.0, "preco_topo": 187245.0, "imbalance": 0.778, "micro": 187244.44, "spread": 5.0, "codigo": "replay:2026-09-18", "config_sha": "538457d8a0d0", "event": "ea.micro.entrada", "level": "info", "timestamp": "2026-09-25T04:30:04.810878Z"}
{"acao": "zerar", "motivo": "imbalance_inverteu", "sinal": 0.0, "feature": "microprice", "event": "ea.decisao_dry_run", "level": "info", "timestamp": "2026-09-25T04:30:04.811866Z"}
{"nome": "ea_microprice", "lado": 1, "entrada": 187245.0, "saida": 187250.0, "pnl_bruto": 5.0, "pnl_liquido": 1.0, "duracao_s": 4.33, "motivo": "imbalance_inverteu", "imbalance_entrada": 0.778, "imbalance_saida": -0.216, "pnl_dia": -275.0, "bloqueado": null, "codigo": "replay:2026-09-18", "config_sha": "538457d8a0d0", "event": "ea.micro.saida", "level": "info", "timestamp": "2026-09-25T04:30:04.811930Z"}
{"acao": "comprar", "motivo": "imbalance=+0.74 persistiu 300ms", "sinal": 0.735, "feature": "microprice", "event": "ea.decisao_dry_run", "level": "info", "timestamp": "2026-09-25T04:30:04.813260Z"}
{"nome": "ea_microprice", "lado": 1, "preco": 187260.0, "preco_topo": 187260.0, "imbalance": 0.735, "micro": 187259.34, "spread": 5.0, "codigo": "replay:2026-09-18", "config_sha": "538457d8a0d0", "event": "ea.micro.entrada", "level": "info", "timestamp": "2026-09-25T04:30:04.813319Z"}
{"acao": "zerar", "motivo": "stop", "sinal": 0.0, "feature": "microprice", "event": "ea.decisao_dry_run", "level": "info", "timestamp": "2026-09-25T04:30:04.814197Z"}
{"nome": "ea_microprice", "lado": 1, "entrada": 187260.0, "saida": 187245.0, "pnl_bruto": -15.0, "pnl_liquido": -19.0, "duracao_s": 6.36, "motivo": "stop", "imbalance_entrada": 0.735, "imbalance_saida": 0.287, "pnl_dia": -294.0, "bloqueado": null, "codigo": "replay:2026-09-18", "config_sha": "538457d8a0d0", "event": "ea.micro.saida", "level": "info", "timestamp": "2026-09-25T04:30:04.814265Z"}
{"acao": "vender", "motivo": "imbalance=-0.81 persistiu 300ms", "sinal": -0.814, "feature": "microprice", "event": "ea.decisao_dry_run", "level": "info", "timestamp": "2026-09-25T04:30:04.815116Z"}
{"nome": "ea_microprice", "lado": -1, "preco": 187295.0, "preco_topo": 187295.0, "imbalance": -0.814, "micro": 187295.47, "spread": 5.0, "codigo": "replay:2026-09-18", "config_sha": "538457d8a0d0", "event": "ea.micro.entrada", "level": "info", "timestamp": "2026-09-25T04:30:04.815175Z"}
{"acao": "zerar", "motivo": "imbalance_inverteu", "sinal": 0.0, "feature": "microprice", "event": "ea.decisao_dry_run", "level": "info", "timestamp": "2026-09-25T04:30:04.815801Z"}
{"nome": "ea_microprice", "lado": -1, "entrada": 187295.0, "saida": 187295.0, "pnl_bruto": -0.0, "pnl_liquido": -4.0, "duracao_s": 2.42, "motivo": "imbalance_inverteu", "imbalance_entrada": -0.814, "imbalance_saida": 0.448, "pnl_dia": -298.0, "bloqueado": null, "codigo": "replay:2026-09-18", "config_sha": "538457d8a0d0", "event": "ea.micro.saida", "level": "info", "timestamp": "2026-09-25T04:30:04.815867Z"}
{"acao": "vender", "motivo": "imbalance=-0.61 persistiu 300ms", "sinal": -0.614, "feature": "microprice", "event": "ea.decisao_dry_run", "level": "info", "timestamp": "2026-09-25T04:30:04.818802Z"}
{"nome": "ea_microprice", "lado": -1, "preco": 187265.0, "preco_topo": 187265.0, "imbalance": -0.614, "micro": 187265.96, "spread": 5.0, "codigo": "replay:2026-09-18", "config_sha": "538457d8a0d0", "event": "ea.micro.entrada", "level": "info", "timestamp": "2026-09-25T04:30:04.818864Z"}
{"acao": "zerar", "motivo": "stop", "sinal": 0.0, "feature": "microprice", "event": "ea.decisao_dry_run", "level": "info", "timestamp": "2026-09-25T04:30:04.819041Z"}
{"nome": "ea_microprice", "lado": -1, "entrada": 187265.0, "saida": 187280.0, "pnl_bruto": -15.0, "pnl_liquido": -19.0, "duracao_s": 0.44, "motivo": "stop", "imbalance_entrada": -0.614, "imbalance_saida": -0.589, "pnl_dia": -317.0, "bloqueado": "perda do dia -317 pts", "codigo": "replay:2026-09-18", "config_sha": "538457d8a0d0", "event": "ea.micro.saida", "level": "info", "timestamp": "2026-09-25T04:30:04.819106Z"}
{"nome": "ea_microprice", "trades": 0, "sinais_sem_vaga": 0, "operacoes": 58, "pct_ganho": 48.3, "pnl_bruto_pts": -85.0, "pnl_liquido_pts": -317.0, "duracao_media_s": 1.65, "saidas": {"imbalance_inverteu": 24, "stop": 21, "alvo": 13}, "bloqueado": "perda do dia -317 pts", "passivas": {}, "avaliacoes_filtradas": {"sem_livro": 317, "livro_cruzado": 20373, "spread_largo": 36389, "topo_raso": 2211, "fora_da_janela": 36, "cooldown": 18, "bloqueado": 11318}, "posicionado": false, "sonda": {"gatilhos": 2655, "suprimidos_refratario": 1272, "spread_medio_pts": 5.0, "h1s": {"n": 2655, "media_pts": 1.16, "pct_a_favor": 37.8, "pct_contra": 22.7}, "h5s": {"n": 2655, "media_pts": 1.07, "pct_a_favor": 44.7, "pct_contra": 37.1}, "h30s": {"n": 2655, "media_pts": 0.84, "pct_a_favor": 48.5, "pct_contra": 45.0}}, "codigo": "replay:2026-09-18", "config_sha": "538457d8a0d0", "event": "ea.micro.resumo", "level": "warning", "timestamp": "2026-09-25T04:30:09.573713Z"}
{"dia": "2026-09-18", "episodios": 39972, "aberto_no_fim": true, "dur_ms_p50": 0.0, "dur_ms_p90": 1.5, "dur_ms_p99": 23.9, "dur_ms_max": 155009.0, "pct_ate_50ms": 99.5, "amostras": [{"ts_ns": 1789732499654817400, "lado_atualizado": 1, "bid": 190000.0, "qb": 150, "ask": 180000.0, "qa": 3, "idade_outro_lado_ms": 0.0}, {"ts_ns": 1789732502006787700, "lado_atualizado": 0, "bid": 206505.0, "qb": 12500, "ask": 206505.0, "qa": 11579, "idade_outro_lado_ms": 1247.6}, {"ts_ns": 1789732505630405500, "lado_atualizado": 1, "bid": 183420.0, "qb": 16019, "ask": 168965.0, "qa": 20480, "idade_outro_lado_ms": 0.1}, {"ts_ns": 1789732511317683400, "lado_atualizado": 1, "bid": 198280.0, "qb": 25380, "ask": 198280.0, "qa": 25555, "idade_outro_lado_ms": 0.0}, {"ts_ns": 1789732525119067800, "lado_atualizado": 0, "bid": 184555.0, "qb": 31533, "ask": 184555.0, "qa": 31501, "idade_outro_lado_ms": 62.4}, {"ts_ns": 1789732543189420700, "lado_atualizado": 0, "bid": 168970.0, "qb": 38552, "ask": 168970.0, "qa": 40230, "idade_outro_lado_ms": 494.4}, {"ts_ns": 1789732567800602000, "lado_atualizado": 1, "bid": 190030.0, "qb": 49492, "ask": 190030.0, "qa": 49504, "idade_outro_lado_ms": 0.1}, {"ts_ns": 1789732569758348400, "lado_atualizado": 1, "bid": 190000.0, "qb": 49741, "ask": 190000.0, "qa": 49738, "idade_outro_lado_ms": 0.0}, {"ts_ns": 1789732573911766700, "lado_atualizado": 1, "bid": 188395.0, "qb": 49784, "ask": 188395.0, "qa": 49822, "idade_outro_lado_ms": 0.1}, {"ts_ns": 1789732607601502400, "lado_atualizado": 1, "bid": 187270.0, "qb": 55509, "ask": 187270.0, "qa": 55498, "idade_outro_lado_ms": 0.1}], "event": "ea_micro_replay.cruzado", "level": "info", "timestamp": "2026-09-25T04:30:09.577683Z"}
{"i": 8, "n": 10, "dia": "2026-09-21", "eventos": 1659780, "event": "ea_micro_replay.dia", "level": "info", "timestamp": "2026-09-25T04:30:23.166940Z"}
{"nome": "ea_microprice", "symbol": "WINFUT", "dry_run": true, "sem_livro": false, "limiar": 0.6, "persistencia_ms": 300, "alvo_ticks": 3, "stop_ticks": 3, "codigo": "replay:2026-09-21", "config_sha": "538457d8a0d0", "event": "ea.micro.iniciado", "level": "warning", "timestamp": "2026-09-25T04:30:23.250840Z"}
{"acao": "comprar", "motivo": "imbalance=+0.62 persistiu 300ms", "sinal": 0.623, "feature": "microprice", "event": "ea.decisao_dry_run", "level": "info", "timestamp": "2026-09-25T04:30:23.459734Z"}
{"nome": "ea_microprice", "lado": 1, "preco": 189060.0, "preco_topo": 189060.0, "imbalance": 0.623, "micro": 189059.06, "spread": 5.0, "codigo": "replay:2026-09-21", "config_sha": "538457d8a0d0", "event": "ea.micro.entrada", "level": "info", "timestamp": "2026-09-25T04:30:23.459917Z"}
{"acao": "zerar", "motivo": "imbalance_inverteu", "sinal": 0.0, "feature": "microprice", "event": "ea.decisao_dry_run", "level": "info", "timestamp": "2026-09-25T04:30:23.460113Z"}
{"nome": "ea_microprice", "lado": 1, "entrada": 189060.0, "saida": 189060.0, "pnl_bruto": 0.0, "pnl_liquido": -4.0, "duracao_s": 0.42, "motivo": "imbalance_inverteu", "imbalance_entrada": 0.623, "imbalance_saida": -0.323, "pnl_dia": -4.0, "bloqueado": null, "codigo": "replay:2026-09-21", "config_sha": "538457d8a0d0", "event": "ea.micro.saida", "level": "info", "timestamp": "2026-09-25T04:30:23.460196Z"}
{"acao": "vender", "motivo": "imbalance=-0.89 persistiu 300ms", "sinal": -0.891, "feature": "microprice", "event": "ea.decisao_dry_run", "level": "info", "timestamp": "2026-09-25T04:30:23.460909Z"}
{"nome": "ea_microprice", "lado": -1, "preco": 189045.0, "preco_topo": 189045.0, "imbalance": -0.891, "micro": 189045.27, "spread": 5.0, "codigo": "replay:2026-09-21", "config_sha": "538457d8a0d0", "event": "ea.micro.entrada", "level": "info", "timestamp": "2026-09-25T04:30:23.460978Z"}
{"acao": "zerar", "motivo": "stop", "sinal": 0.0, "feature": "microprice", "event": "ea.decisao_dry_run", "level": "info", "timestamp": "2026-09-25T04:30:23.461210Z"}
{"nome": "ea_microprice", "lado": -1, "entrada": 189045.0, "saida": 189060.0, "pnl_bruto": -15.0, "pnl_liquido": -19.0, "duracao_s": 0.61, "motivo": "stop", "imbalance_entrada": -0.891, "imbalance_saida": -0.029, "pnl_dia": -23.0, "bloqueado": null, "codigo": "replay:2026-09-21", "config_sha": "538457d8a0d0", "event": "ea.micro.saida", "level": "info", "timestamp": "2026-09-25T04:30:23.461279Z"}
{"acao": "vender", "motivo": "imbalance=-0.67 persistiu 300ms", "sinal": -0.674, "feature": "microprice", "event": "ea.decisao_dry_run", "level": "info", "timestamp": "2026-09-25T04:30:23.461937Z"}
{"nome": "ea_microprice", "lado": -1, "preco": 189040.0, "preco_topo": 189040.0, "imbalance": -0.674, "micro": 189040.81, "spread": 5.0, "codigo": "replay:2026-09-21", "config_sha": "538457d8a0d0", "event": "ea.micro.entrada", "level": "info", "timestamp": "2026-09-25T04:30:23.461999Z"}
{"acao": "zerar", "motivo": "stop", "sinal": 0.0, "feature": "microprice", "event": "ea.decisao_dry_run", "level": "info", "timestamp": "2026-09-25T04:30:23.462302Z"}
{"nome": "ea_microprice", "lado": -1, "entrada": 189040.0, "saida": 189065.0, "pnl_bruto": -25.0, "pnl_liquido": -29.0, "duracao_s": 1.06, "motivo": "stop", "imbalance_entrada": -0.674, "imbalance_saida": -0.701, "pnl_dia": -52.0, "bloqueado": null, "codigo": "replay:2026-09-21", "config_sha": "538457d8a0d0", "event": "ea.micro.saida", "level": "info", "timestamp": "2026-09-25T04:30:23.462369Z"}
{"acao": "vender", "motivo": "imbalance=-0.66 persistiu 300ms", "sinal": -0.66, "feature": "microprice", "event": "ea.decisao_dry_run", "level": "info", "timestamp": "2026-09-25T04:30:23.468302Z"}
{"nome": "ea_microprice", "lado": -1, "preco": 189115.0, "preco_topo": 189115.0, "imbalance": -0.66, "micro": 189115.85, "spread": 5.0, "codigo": "replay:2026-09-21", "config_sha": "538457d8a0d0", "event": "ea.micro.entrada", "level": "info", "timestamp": "2026-09-25T04:30:23.468369Z"}
{"acao": "zerar", "motivo": "alvo", "sinal": 0.0, "feature": "microprice", "event": "ea.decisao_dry_run", "level": "info", "timestamp": "2026-09-25T04:30:23.469030Z"}
{"nome": "ea_microprice", "lado": -1, "entrada": 189115.0, "saida": 189100.0, "pnl_bruto": 15.0, "pnl_liquido": 11.0, "duracao_s": 2.31, "motivo": "alvo", "imbalance_entrada": -0.66, "imbalance_saida": 0.953, "pnl_dia": -41.0, "bloqueado": null, "codigo": "replay:2026-09-21", "config_sha": "538457d8a0d0", "event": "ea.micro.saida", "level": "info", "timestamp": "2026-09-25T04:30:23.469096Z"}
{"acao": "comprar", "motivo": "imbalance=+0.73 persistiu 300ms", "sinal": 0.726, "feature": "microprice", "event": "ea.decisao_dry_run", "level": "info", "timestamp": "2026-09-25T04:30:23.478565Z"}
{"nome": "ea_microprice", "lado": 1, "preco": 189105.0, "preco_topo": 189105.0, "imbalance": 0.726, "micro": 189104.32, "spread": 5.0, "codigo": "replay:2026-09-21", "config_sha": "538457d8a0d0", "event": "ea.micro.entrada", "level": "info", "timestamp": "2026-09-25T04:30:23.478724Z"}
{"acao": "zerar", "motivo": "stop", "sinal": 0.0, "feature": "microprice", "event": "ea.decisao_dry_run", "level": "info", "timestamp": "2026-09-25T04:30:23.478871Z"}
{"nome": "ea_microprice", "lado": 1, "entrada": 189105.0, "saida": 189090.0, "pnl_bruto": -15.0, "pnl_liquido": -19.0, "duracao_s": 0.23, "motivo": "stop", "imbalance_entrada": 0.726, "imbalance_saida": 0.704, "pnl_dia": -60.0, "bloqueado": null, "codigo": "replay:2026-09-21", "config_sha": "538457d8a0d0", "event": "ea.micro.saida", "level": "info", "timestamp": "2026-09-25T04:30:23.478947Z"}
{"acao": "comprar", "motivo": "imbalance=+0.74 persistiu 300ms", "sinal": 0.745, "feature": "microprice", "event": "ea.decisao_dry_run", "level": "info", "timestamp": "2026-09-25T04:30:23.483423Z"}
{"nome": "ea_microprice", "lado": 1, "preco": 189160.0, "preco_topo": 189160.0, "imbalance": 0.745, "micro": 189159.36, "spread": 5.0, "codigo": "replay:2026-09-21", "config_sha": "538457d8a0d0", "event": "ea.micro.entrada", "level": "info", "timestamp": "2026-09-25T04:30:23.483492Z"}
{"acao": "zerar", "motivo": "stop", "sinal": 0.0, "feature": "microprice", "event": "ea.decisao_dry_run", "level": "info", "timestamp": "2026-09-25T04:30:23.483692Z"}
{"nome": "ea_microprice", "lado": 1, "entrada": 189160.0, "saida": 189140.0, "pnl_bruto": -20.0, "pnl_liquido": -24.0, "duracao_s": 0.57, "motivo": "stop", "imbalance_entrada": 0.745, "imbalance_saida": 0.757, "pnl_dia": -84.0, "bloqueado": null, "codigo": "replay:2026-09-21", "config_sha": "538457d8a0d0", "event": "ea.micro.saida", "level": "info", "timestamp": "2026-09-25T04:30:23.483758Z"}
{"acao": "comprar", "motivo": "imbalance=+0.84 persistiu 300ms", "sinal": 0.837, "feature": "microprice", "event": "ea.decisao_dry_run", "level": "info", "timestamp": "2026-09-25T04:30:23.492086Z"}
{"nome": "ea_microprice", "lado": 1, "preco": 189150.0, "preco_topo": 189150.0, "imbalance": 0.837, "micro": 189149.59, "spread": 5.0, "codigo": "replay:2026-09-21", "config_sha": "538457d8a0d0", "event": "ea.micro.entrada", "level": "info", "timestamp": "2026-09-25T04:30:23.492232Z"}
{"acao": "zerar", "motivo": "alvo", "sinal": 0.0, "feature": "microprice", "event": "ea.decisao_dry_run", "level": "info", "timestamp": "2026-09-25T04:30:23.492364Z"}
{"nome": "ea_microprice", "lado": 1, "entrada": 189150.0, "saida": 189165.0, "pnl_bruto": 15.0, "pnl_liquido": 11.0, "duracao_s": 0.3, "motivo": "alvo", "imbalance_entrada": 0.837, "imbalance_saida": -0.551, "pnl_dia": -73.0, "bloqueado": null, "codigo": "replay:2026-09-21", "config_sha": "538457d8a0d0", "event": "ea.micro.saida", "level": "info", "timestamp": "2026-09-25T04:30:23.492436Z"}
{"acao": "comprar", "motivo": "imbalance=+0.82 persistiu 300ms", "sinal": 0.825, "feature": "microprice", "event": "ea.decisao_dry_run", "level": "info", "timestamp": "2026-09-25T04:30:23.493058Z"}
{"nome": "ea_microprice", "lado": 1, "preco": 189135.0, "preco_topo": 189135.0, "imbalance": 0.825, "micro": 189134.56, "spread": 5.0, "codigo": "replay:2026-09-21", "config_sha": "538457d8a0d0", "event": "ea.micro.entrada", "level": "info", "timestamp": "2026-09-25T04:30:23.493139Z"}
{"acao": "zerar", "motivo": "alvo", "sinal": 0.0, "feature": "microprice", "event": "ea.decisao_dry_run", "level": "info", "timestamp": "2026-09-25T04:30:23.493625Z"}
{"nome": "ea_microprice", "lado": 1, "entrada": 189135.0, "saida": 189150.0, "pnl_bruto": 15.0, "pnl_liquido": 11.0, "duracao_s": 1.6, "motivo": "alvo", "imbalance_entrada": 0.825, "imbalance_saida": -0.919, "pnl_dia": -62.0, "bloqueado": null, "codigo": "replay:2026-09-21", "config_sha": "538457d8a0d0", "event": "ea.micro.saida", "level": "info", "timestamp": "2026-09-25T04:30:23.493692Z"}
{"acao": "comprar", "motivo": "imbalance=+0.92 persistiu 300ms", "sinal": 0.917, "feature": "microprice", "event": "ea.decisao_dry_run", "level": "info", "timestamp": "2026-09-25T04:30:23.520348Z"}
{"nome": "ea_microprice", "lado": 1, "preco": 188655.0, "preco_topo": 188655.0, "imbalance": 0.917, "micro": 188654.79, "spread": 5.0, "codigo": "replay:2026-09-21", "config_sha": "538457d8a0d0", "event": "ea.micro.entrada", "level": "info", "timestamp": "2026-09-25T04:30:23.520542Z"}
{"acao": "zerar", "motivo": "stop", "sinal": 0.0, "feature": "microprice", "event": "ea.decisao_dry_run", "level": "info", "timestamp": "2026-09-25T04:30:23.521787Z"}
{"nome": "ea_microprice", "lado": 1, "entrada": 188655.0, "saida": 188630.0, "pnl_bruto": -25.0, "pnl_liquido": -29.0, "duracao_s": 5.47, "motivo": "stop", "imbalance_entrada": 0.917, "imbalance_saida": 0.663, "pnl_dia": -91.0, "bloqueado": null, "codigo": "replay:2026-09-21", "config_sha": "538457d8a0d0", "event": "ea.micro.saida", "level": "info", "timestamp": "2026-09-25T04:30:23.521863Z"}
{"acao": "vender", "motivo": "imbalance=-0.66 persistiu 300ms", "sinal": -0.662, "feature": "microprice", "event": "ea.decisao_dry_run", "level": "info", "timestamp": "2026-09-25T04:30:23.531411Z"}
{"nome": "ea_microprice", "lado": -1, "preco": 188550.0, "preco_topo": 188550.0, "imbalance": -0.662, "micro": 188550.85, "spread": 5.0, "codigo": "replay:2026-09-21", "config_sha": "538457d8a0d0", "event": "ea.micro.entrada", "level": "info", "timestamp": "2026-09-25T04:30:23.531531Z"}
{"acao": "zerar", "motivo": "alvo", "sinal": 0.0, "feature": "microprice", "event": "ea.decisao_dry_run", "level": "info", "timestamp": "2026-09-25T04:30:23.531762Z"}
{"nome": "ea_microprice", "lado": -1, "entrada": 188550.0, "saida": 188535.0, "pnl_bruto": 15.0, "pnl_liquido": 11.0, "duracao_s": 0.96, "motivo": "alvo", "imbalance_entrada": -0.662, "imbalance_saida": -0.038, "pnl_dia": -80.0, "bloqueado": null, "codigo": "replay:2026-09-21", "config_sha": "538457d8a0d0", "event": "ea.micro.saida", "level": "info", "timestamp": "2026-09-25T04:30:23.531825Z"}
{"acao": "comprar", "motivo": "imbalance=+0.66 persistiu 300ms", "sinal": 0.655, "feature": "microprice", "event": "ea.decisao_dry_run", "level": "info", "timestamp": "2026-09-25T04:30:23.532475Z"}
{"nome": "ea_microprice", "lado": 1, "preco": 188520.0, "preco_topo": 188520.0, "imbalance": 0.655, "micro": 188519.14, "spread": 5.0, "codigo": "replay:2026-09-21", "config_sha": "538457d8a0d0", "event": "ea.micro.entrada", "level": "info", "timestamp": "2026-09-25T04:30:23.532530Z"}
{"acao": "zerar", "motivo": "stop", "sinal": 0.0, "feature": "microprice", "event": "ea.decisao_dry_run", "level": "info", "timestamp": "2026-09-25T04:30:23.532631Z"}
{"nome": "ea_microprice", "lado": 1, "entrada": 188520.0, "saida": 188505.0, "pnl_bruto": -15.0, "pnl_liquido": -19.0, "duracao_s": 0.2, "motivo": "stop", "imbalance_entrada": 0.655, "imbalance_saida": -0.843, "pnl_dia": -99.0, "bloqueado": null, "codigo": "replay:2026-09-21", "config_sha": "538457d8a0d0", "event": "ea.micro.saida", "level": "info", "timestamp": "2026-09-25T04:30:23.532690Z"}
{"acao": "comprar", "motivo": "imbalance=+0.76 persistiu 300ms", "sinal": 0.759, "feature": "microprice", "event": "ea.decisao_dry_run", "level": "info", "timestamp": "2026-09-25T04:30:23.533782Z"}
{"nome": "ea_microprice", "lado": 1, "preco": 188490.0, "preco_topo": 188490.0, "imbalance": 0.759, "micro": 188489.4, "spread": 5.0, "codigo": "replay:2026-09-21", "config_sha": "538457d8a0d0", "event": "ea.micro.entrada", "level": "info", "timestamp": "2026-09-25T04:30:23.533852Z"}
{"acao": "zerar", "motivo": "alvo", "sinal": 0.0, "feature": "microprice", "event": "ea.decisao_dry_run", "level": "info", "timestamp": "2026-09-25T04:30:23.534100Z"}
{"nome": "ea_microprice", "lado": 1, "entrada": 188490.0, "saida": 188505.0, "pnl_bruto": 15.0, "pnl_liquido": 11.0, "duracao_s": 0.92, "motivo": "alvo", "imbalance_entrada": 0.759, "imbalance_saida": -0.308, "pnl_dia": -88.0, "bloqueado": null, "codigo": "replay:2026-09-21", "config_sha": "538457d8a0d0", "event": "ea.micro.saida", "level": "info", "timestamp": "2026-09-25T04:30:23.534159Z"}
{"acao": "comprar", "motivo": "imbalance=+0.65 persistiu 300ms", "sinal": 0.654, "feature": "microprice", "event": "ea.decisao_dry_run", "level": "info", "timestamp": "2026-09-25T04:30:23.540590Z"}
{"nome": "ea_microprice", "lado": 1, "preco": 188335.0, "preco_topo": 188335.0, "imbalance": 0.654, "micro": 188334.13, "spread": 5.0, "codigo": "replay:2026-09-21", "config_sha": "538457d8a0d0", "event": "ea.micro.entrada", "level": "info", "timestamp": "2026-09-25T04:30:23.540686Z"}
{"acao": "zerar", "motivo": "stop", "sinal": 0.0, "feature": "microprice", "event": "ea.decisao_dry_run", "level": "info", "timestamp": "2026-09-25T04:30:23.540841Z"}
{"nome": "ea_microprice", "lado": 1, "entrada": 188335.0, "saida": 188320.0, "pnl_bruto": -15.0, "pnl_liquido": -19.0, "duracao_s": 0.38, "motivo": "stop", "imbalance_entrada": 0.654, "imbalance_saida": 0.036, "pnl_dia": -107.0, "bloqueado": null, "codigo": "replay:2026-09-21", "config_sha": "538457d8a0d0", "event": "ea.micro.saida", "level": "info", "timestamp": "2026-09-25T04:30:23.540901Z"}
{"acao": "vender", "motivo": "imbalance=-0.66 persistiu 300ms", "sinal": -0.656, "feature": "microprice", "event": "ea.decisao_dry_run", "level": "info", "timestamp": "2026-09-25T04:30:23.543783Z"}
{"nome": "ea_microprice", "lado": -1, "preco": 188345.0, "preco_topo": 188345.0, "imbalance": -0.656, "micro": 188345.86, "spread": 5.0, "codigo": "replay:2026-09-21", "config_sha": "538457d8a0d0", "event": "ea.micro.entrada", "level": "info", "timestamp": "2026-09-25T04:30:23.543851Z"}
{"acao": "zerar", "motivo": "stop", "sinal": 0.0, "feature": "microprice", "event": "ea.decisao_dry_run", "level": "info", "timestamp": "2026-09-25T04:30:23.544176Z"}
{"nome": "ea_microprice", "lado": -1, "entrada": 188345.0, "saida": 188370.0, "pnl_bruto": -25.0, "pnl_liquido": -29.0, "duracao_s": 1.29, "motivo": "stop", "imbalance_entrada": -0.656, "imbalance_saida": -0.67, "pnl_dia": -136.0, "bloqueado": null, "codigo": "replay:2026-09-21", "config_sha": "538457d8a0d0", "event": "ea.micro.saida", "level": "info", "timestamp": "2026-09-25T04:30:23.544236Z"}
{"acao": "comprar", "motivo": "imbalance=+0.61 persistiu 300ms", "sinal": 0.607, "feature": "microprice", "event": "ea.decisao_dry_run", "level": "info", "timestamp": "2026-09-25T04:30:23.545779Z"}
{"nome": "ea_microprice", "lado": 1, "preco": 188365.0, "preco_topo": 188365.0, "imbalance": 0.607, "micro": 188364.02, "spread": 5.0, "codigo": "replay:2026-09-21", "config_sha": "538457d8a0d0", "event": "ea.micro.entrada", "level": "info", "timestamp": "2026-09-25T04:30:23.545834Z"}
{"acao": "zerar", "motivo": "stop", "sinal": 0.0, "feature": "microprice", "event": "ea.decisao_dry_run", "level": "info", "timestamp": "2026-09-25T04:30:23.545996Z"}
{"nome": "ea_microprice", "lado": 1, "entrada": 188365.0, "saida": 188345.0, "pnl_bruto": -20.0, "pnl_liquido": -24.0, "duracao_s": 0.64, "motivo": "stop", "imbalance_entrada": 0.607, "imbalance_saida": 0.182, "pnl_dia": -160.0, "bloqueado": null, "codigo": "replay:2026-09-21", "config_sha": "538457d8a0d0", "event": "ea.micro.saida", "level": "info", "timestamp": "2026-09-25T04:30:23.546054Z"}
{"acao": "comprar", "motivo": "imbalance=+0.76 persistiu 300ms", "sinal": 0.755, "feature": "microprice", "event": "ea.decisao_dry_run", "level": "info", "timestamp": "2026-09-25T04:30:23.547158Z"}
{"nome": "ea_microprice", "lado": 1, "preco": 188315.0, "preco_topo": 188315.0, "imbalance": 0.755, "micro": 188314.39, "spread": 5.0, "codigo": "replay:2026-09-21", "config_sha": "538457d8a0d0", "event": "ea.micro.entrada", "level": "info", "timestamp": "2026-09-25T04:30:23.547234Z"}
{"acao": "zerar", "motivo": "imbalance_inverteu", "sinal": 0.0, "feature": "microprice", "event": "ea.decisao_dry_run", "level": "info", "timestamp": "2026-09-25T04:30:23.547561Z"}
{"nome": "ea_microprice", "lado": 1, "entrada": 188315.0, "saida": 188310.0, "pnl_bruto": -5.0, "pnl_liquido": -9.0, "duracao_s": 1.77, "motivo": "imbalance_inverteu", "imbalance_entrada": 0.755, "imbalance_saida": -0.049, "pnl_dia": -169.0, "bloqueado": null, "codigo": "replay:2026-09-21", "config_sha": "538457d8a0d0", "event": "ea.micro.saida", "level": "info", "timestamp": "2026-09-25T04:30:23.547620Z"}
{"acao": "comprar", "motivo": "imbalance=+0.68 persistiu 300ms", "sinal": 0.683, "feature": "microprice", "event": "ea.decisao_dry_run", "level": "info", "timestamp": "2026-09-25T04:30:23.550754Z"}
{"nome": "ea_microprice", "lado": 1, "preco": 188170.0, "preco_topo": 188170.0, "imbalance": 0.683, "micro": 188169.21, "spread": 5.0, "codigo": "replay:2026-09-21", "config_sha": "538457d8a0d0", "event": "ea.micro.entrada", "level": "info", "timestamp": "2026-09-25T04:30:23.550811Z"}
{"acao": "zerar", "motivo": "stop", "sinal": 0.0, "feature": "microprice", "event": "ea.decisao_dry_run", "level": "info", "timestamp": "2026-09-25T04:30:23.550892Z"}
{"nome": "ea_microprice", "lado": 1, "entrada": 188170.0, "saida": 188155.0, "pnl_bruto": -15.0, "pnl_liquido": -19.0, "duracao_s": 0.28, "motivo": "stop", "imbalance_entrada": 0.683, "imbalance_saida": 0.796, "pnl_dia": -188.0, "bloqueado": null, "codigo": "replay:2026-09-21", "config_sha": "538457d8a0d0", "event": "ea.micro.saida", "level": "info", "timestamp": "2026-09-25T04:30:23.550954Z"}
{"acao": "vender", "motivo": "imbalance=-0.76 persistiu 300ms", "sinal": -0.763, "feature": "microprice", "event": "ea.decisao_dry_run", "level": "info", "timestamp": "2026-09-25T04:30:23.554495Z"}
{"nome": "ea_microprice", "lado": -1, "preco": 188185.0, "preco_topo": 188185.0, "imbalance": -0.763, "micro": 188185.59, "spread": 5.0, "codigo": "replay:2026-09-21", "config_sha": "538457d8a0d0", "event": "ea.micro.entrada", "level": "info", "timestamp": "2026-09-25T04:30:23.554560Z"}
{"acao": "zerar", "motivo": "imbalance_inverteu", "sinal": 0.0, "feature": "microprice", "event": "ea.decisao_dry_run", "level": "info", "timestamp": "2026-09-25T04:30:23.555066Z"}
{"nome": "ea_microprice", "lado": -1, "entrada": 188185.0, "saida": 188195.0, "pnl_bruto": -10.0, "pnl_liquido": -14.0, "duracao_s": 3.06, "motivo": "imbalance_inverteu", "imbalance_entrada": -0.763, "imbalance_saida": 0.233, "pnl_dia": -202.0, "bloqueado": null, "codigo": "replay:2026-09-21", "config_sha": "538457d8a0d0", "event": "ea.micro.saida", "level": "info", "timestamp": "2026-09-25T04:30:23.555133Z"}
{"acao": "vender", "motivo": "imbalance=-0.80 persistiu 300ms", "sinal": -0.803, "feature": "microprice", "event": "ea.decisao_dry_run", "level": "info", "timestamp": "2026-09-25T04:30:23.561490Z"}
{"nome": "ea_microprice", "lado": -1, "preco": 188190.0, "preco_topo": 188190.0, "imbalance": -0.803, "micro": 188190.49, "spread": 5.0, "codigo": "replay:2026-09-21", "config_sha": "538457d8a0d0", "event": "ea.micro.entrada", "level": "info", "timestamp": "2026-09-25T04:30:23.561558Z"}
{"acao": "zerar", "motivo": "stop", "sinal": 0.0, "feature": "microprice", "event": "ea.decisao_dry_run", "level": "info", "timestamp": "2026-09-25T04:30:23.561674Z"}
{"nome": "ea_microprice", "lado": -1, "entrada": 188190.0, "saida": 188205.0, "pnl_bruto": -15.0, "pnl_liquido": -19.0, "duracao_s": 0.42, "motivo": "stop", "imbalance_entrada": -0.803, "imbalance_saida": -0.459, "pnl_dia": -221.0, "bloqueado": null, "codigo": "replay:2026-09-21", "config_sha": "538457d8a0d0", "event": "ea.micro.saida", "level": "info", "timestamp": "2026-09-25T04:30:23.561732Z"}
{"acao": "vender", "motivo": "imbalance=-0.76 persistiu 300ms", "sinal": -0.761, "feature": "microprice", "event": "ea.decisao_dry_run", "level": "info", "timestamp": "2026-09-25T04:30:23.565818Z"}
{"nome": "ea_microprice", "lado": -1, "preco": 188165.0, "preco_topo": 188165.0, "imbalance": -0.761, "micro": 188165.6, "spread": 5.0, "codigo": "replay:2026-09-21", "config_sha": "538457d8a0d0", "event": "ea.micro.entrada", "level": "info", "timestamp": "2026-09-25T04:30:23.565886Z"}
{"acao": "zerar", "motivo": "stop", "sinal": 0.0, "feature": "microprice", "event": "ea.decisao_dry_run", "level": "info", "timestamp": "2026-09-25T04:30:23.566120Z"}
{"nome": "ea_microprice", "lado": -1, "entrada": 188165.0, "saida": 188180.0, "pnl_bruto": -15.0, "pnl_liquido": -19.0, "duracao_s": 0.86, "motivo": "stop", "imbalance_entrada": -0.761, "imbalance_saida": 0.287, "pnl_dia": -240.0, "bloqueado": "8 perdas seguidas", "codigo": "replay:2026-09-21", "config_sha": "538457d8a0d0", "event": "ea.micro.saida", "level": "info", "timestamp": "2026-09-25T04:30:23.566184Z"}
{"nome": "ea_microprice", "trades": 0, "sinais_sem_vaga": 0, "operacoes": 20, "pct_ganho": 25.0, "pnl_bruto_pts": -160.0, "pnl_liquido_pts": -240.0, "duracao_media_s": 1.17, "saidas": {"imbalance_inverteu": 3, "stop": 12, "alvo": 5}, "bloqueado": "8 perdas seguidas", "passivas": {}, "avaliacoes_filtradas": {"sem_livro": 5, "spread_largo": 34515, "livro_cruzado": 19140, "topo_raso": 1423, "fora_da_janela": 15, "cooldown": 7, "bloqueado": 16898}, "posicionado": false, "sonda": {"gatilhos": 3507, "suprimidos_refratario": 1944, "spread_medio_pts": 5.0, "h1s": {"n": 3507, "media_pts": 1.06, "pct_a_favor": 36.0, "pct_contra": 21.0}, "h5s": {"n": 3507, "media_pts": 1.11, "pct_a_favor": 45.3, "pct_contra": 36.0}, "h30s": {"n": 3507, "media_pts": 1.01, "pct_a_favor": 47.9, "pct_contra": 45.6}}, "codigo": "replay:2026-09-21", "config_sha": "538457d8a0d0", "event": "ea.micro.resumo", "level": "warning", "timestamp": "2026-09-25T04:30:28.507612Z"}
{"dia": "2026-09-21", "episodios": 33081, "aberto_no_fim": true, "dur_ms_p50": 0.1, "dur_ms_p90": 2.5, "dur_ms_p99": 23.8, "dur_ms_max": 87950.6, "pct_ate_50ms": 99.4, "amostras": [{"ts_ns": 1789991699118081900, "lado_atualizado": 1, "bid": 186860.0, "qb": 2, "ask": 186860.0, "qa": 4, "idade_outro_lado_ms": 0.0}, {"ts_ns": 1789991699184029700, "lado_atualizado": 1, "bid": 186745.0, "qb": 4, "ask": 186745.0, "qa": 4, "idade_outro_lado_ms": 0.2}, {"ts_ns": 1789991701283800900, "lado_atualizado": 1, "bid": 168075.0, "qb": 13575, "ask": 168075.0, "qa": 13980, "idade_outro_lado_ms": 0.1}, {"ts_ns": 1789991768820474800, "lado_atualizado": 1, "bid": 199000.0, "qb": 50371, "ask": 199000.0, "qa": 50311, "idade_outro_lado_ms": 0.0}, {"ts_ns": 1789991795337797700, "lado_atualizado": 1, "bid": 198000.0, "qb": 57873, "ask": 198000.0, "qa": 56425, "idade_outro_lado_ms": 0.0}, {"ts_ns": 1789991887244955500, "lado_atualizado": 1, "bid": 188665.0, "qb": 64254, "ask": 188665.0, "qa": 64254, "idade_outro_lado_ms": 0.0}, {"ts_ns": 1789991895436590100, "lado_atualizado": 1, "bid": 188655.0, "qb": 64259, "ask": 188655.0, "qa": 64263, "idade_outro_lado_ms": 0.0}, {"ts_ns": 1789991895591413900, "lado_atualizado": 1, "bid": 188650.0, "qb": 64259, "ask": 188650.0, "qa": 64262, "idade_outro_lado_ms": 91.6}, {"ts_ns": 1789991915505256400, "lado_atualizado": 1, "bid": 188650.0, "qb": 64319, "ask": 188650.0, "qa": 64322, "idade_outro_lado_ms": 0.0}, {"ts_ns": 1789991947605679700, "lado_atualizado": 1, "bid": 188300.0, "qb": 64406, "ask": 188300.0, "qa": 64411, "idade_outro_lado_ms": 0.0}], "event": "ea_micro_replay.cruzado", "level": "info", "timestamp": "2026-09-25T04:30:28.511007Z"}
{"i": 9, "n": 10, "dia": "2026-09-22", "eventos": 1913515, "event": "ea_micro_replay.dia", "level": "info", "timestamp": "2026-09-25T04:30:40.316079Z"}
{"nome": "ea_microprice", "symbol": "WINFUT", "dry_run": true, "sem_livro": false, "limiar": 0.6, "persistencia_ms": 300, "alvo_ticks": 3, "stop_ticks": 3, "codigo": "replay:2026-09-22", "config_sha": "538457d8a0d0", "event": "ea.micro.iniciado", "level": "warning", "timestamp": "2026-09-25T04:30:40.396166Z"}
{"acao": "vender", "motivo": "imbalance=-0.76 persistiu 300ms", "sinal": -0.758, "feature": "microprice", "event": "ea.decisao_dry_run", "level": "info", "timestamp": "2026-09-25T04:30:40.541335Z"}
{"nome": "ea_microprice", "lado": -1, "preco": 186930.0, "preco_topo": 186930.0, "imbalance": -0.758, "micro": 186930.61, "spread": 5.0, "codigo": "replay:2026-09-22", "config_sha": "538457d8a0d0", "event": "ea.micro.entrada", "level": "info", "timestamp": "2026-09-25T04:30:40.541520Z"}
{"acao": "zerar", "motivo": "stop", "sinal": 0.0, "feature": "microprice", "event": "ea.decisao_dry_run", "level": "info", "timestamp": "2026-09-25T04:30:40.541745Z"}
{"nome": "ea_microprice", "lado": -1, "entrada": 186930.0, "saida": 186945.0, "pnl_bruto": -15.0, "pnl_liquido": -19.0, "duracao_s": 1.33, "motivo": "stop", "imbalance_entrada": -0.758, "imbalance_saida": 0.424, "pnl_dia": -19.0, "bloqueado": null, "codigo": "replay:2026-09-22", "config_sha": "538457d8a0d0", "event": "ea.micro.saida", "level": "info", "timestamp": "2026-09-25T04:30:40.541818Z"}
{"acao": "vender", "motivo": "imbalance=-0.84 persistiu 300ms", "sinal": -0.836, "feature": "microprice", "event": "ea.decisao_dry_run", "level": "info", "timestamp": "2026-09-25T04:30:40.543795Z"}
{"nome": "ea_microprice", "lado": -1, "preco": 186930.0, "preco_topo": 186930.0, "imbalance": -0.836, "micro": 186930.41, "spread": 5.0, "codigo": "replay:2026-09-22", "config_sha": "538457d8a0d0", "event": "ea.micro.entrada", "level": "info", "timestamp": "2026-09-25T04:30:40.543861Z"}
{"acao": "zerar", "motivo": "stop", "sinal": 0.0, "feature": "microprice", "event": "ea.decisao_dry_run", "level": "info", "timestamp": "2026-09-25T04:30:40.544151Z"}
{"nome": "ea_microprice", "lado": -1, "entrada": 186930.0, "saida": 186945.0, "pnl_bruto": -15.0, "pnl_liquido": -19.0, "duracao_s": 1.84, "motivo": "stop", "imbalance_entrada": -0.836, "imbalance_saida": -0.509, "pnl_dia": -38.0, "bloqueado": null, "codigo": "replay:2026-09-22", "config_sha": "538457d8a0d0", "event": "ea.micro.saida", "level": "info", "timestamp": "2026-09-25T04:30:40.544214Z"}
{"acao": "comprar", "motivo": "imbalance=+0.67 persistiu 300ms", "sinal": 0.67, "feature": "microprice", "event": "ea.decisao_dry_run", "level": "info", "timestamp": "2026-09-25T04:30:40.545090Z"}
{"nome": "ea_microprice", "lado": 1, "preco": 186935.0, "preco_topo": 186935.0, "imbalance": 0.67, "micro": 186934.17, "spread": 5.0, "codigo": "replay:2026-09-22", "config_sha": "538457d8a0d0", "event": "ea.micro.entrada", "level": "info", "timestamp": "2026-09-25T04:30:40.545146Z"}
{"acao": "zerar", "motivo": "imbalance_inverteu", "sinal": 0.0, "feature": "microprice", "event": "ea.decisao_dry_run", "level": "info", "timestamp": "2026-09-25T04:30:40.545298Z"}
{"nome": "ea_microprice", "lado": 1, "entrada": 186935.0, "saida": 186940.0, "pnl_bruto": 5.0, "pnl_liquido": 1.0, "duracao_s": 0.67, "motivo": "imbalance_inverteu", "imbalance_entrada": 0.67, "imbalance_saida": -0.462, "pnl_dia": -37.0, "bloqueado": null, "codigo": "replay:2026-09-22", "config_sha": "538457d8a0d0", "event": "ea.micro.saida", "level": "info", "timestamp": "2026-09-25T04:30:40.545356Z"}
{"acao": "vender", "motivo": "imbalance=-0.91 persistiu 300ms", "sinal": -0.913, "feature": "microprice", "event": "ea.decisao_dry_run", "level": "info", "timestamp": "2026-09-25T04:30:40.545633Z"}
{"nome": "ea_microprice", "lado": -1, "preco": 186940.0, "preco_topo": 186940.0, "imbalance": -0.913, "micro": 186940.22, "spread": 5.0, "codigo": "replay:2026-09-22", "config_sha": "538457d8a0d0", "event": "ea.micro.entrada", "level": "info", "timestamp": "2026-09-25T04:30:40.545689Z"}
{"acao": "zerar", "motivo": "stop", "sinal": 0.0, "feature": "microprice", "event": "ea.decisao_dry_run", "level": "info", "timestamp": "2026-09-25T04:30:40.545926Z"}
{"nome": "ea_microprice", "lado": -1, "entrada": 186940.0, "saida": 186955.0, "pnl_bruto": -15.0, "pnl_liquido": -19.0, "duracao_s": 1.49, "motivo": "stop", "imbalance_entrada": -0.913, "imbalance_saida": -0.529, "pnl_dia": -56.0, "bloqueado": null, "codigo": "replay:2026-09-22", "config_sha": "538457d8a0d0", "event": "ea.micro.saida", "level": "info", "timestamp": "2026-09-25T04:30:40.545988Z"}
{"acao": "vender", "motivo": "imbalance=-0.85 persistiu 300ms", "sinal": -0.849, "feature": "microprice", "event": "ea.decisao_dry_run", "level": "info", "timestamp": "2026-09-25T04:30:40.547316Z"}
{"nome": "ea_microprice", "lado": -1, "preco": 186940.0, "preco_topo": 186940.0, "imbalance": -0.849, "micro": 186940.38, "spread": 5.0, "codigo": "replay:2026-09-22", "config_sha": "538457d8a0d0", "event": "ea.micro.entrada", "level": "info", "timestamp": "2026-09-25T04:30:40.547372Z"}
{"acao": "zerar", "motivo": "imbalance_inverteu", "sinal": 0.0, "feature": "microprice", "event": "ea.decisao_dry_run", "level": "info", "timestamp": "2026-09-25T04:30:40.547504Z"}
{"nome": "ea_microprice", "lado": -1, "entrada": 186940.0, "saida": 186945.0, "pnl_bruto": -5.0, "pnl_liquido": -9.0, "duracao_s": 0.9, "motivo": "imbalance_inverteu", "imbalance_entrada": -0.849, "imbalance_saida": 0.489, "pnl_dia": -65.0, "bloqueado": null, "codigo": "replay:2026-09-22", "config_sha": "538457d8a0d0", "event": "ea.micro.saida", "level": "info", "timestamp": "2026-09-25T04:30:40.547562Z"}
{"acao": "vender", "motivo": "imbalance=-0.69 persistiu 300ms", "sinal": -0.694, "feature": "microprice", "event": "ea.decisao_dry_run", "level": "info", "timestamp": "2026-09-25T04:30:40.549434Z"}
{"nome": "ea_microprice", "lado": -1, "preco": 186980.0, "preco_topo": 186980.0, "imbalance": -0.694, "micro": 186980.76, "spread": 5.0, "codigo": "replay:2026-09-22", "config_sha": "538457d8a0d0", "event": "ea.micro.entrada", "level": "info", "timestamp": "2026-09-25T04:30:40.549494Z"}
{"acao": "zerar", "motivo": "alvo", "sinal": 0.0, "feature": "microprice", "event": "ea.decisao_dry_run", "level": "info", "timestamp": "2026-09-25T04:30:40.549632Z"}
{"nome": "ea_microprice", "lado": -1, "entrada": 186980.0, "saida": 186965.0, "pnl_bruto": 15.0, "pnl_liquido": 11.0, "duracao_s": 0.29, "motivo": "alvo", "imbalance_entrada": -0.694, "imbalance_saida": -0.462, "pnl_dia": -54.0, "bloqueado": null, "codigo": "replay:2026-09-22", "config_sha": "538457d8a0d0", "event": "ea.micro.saida", "level": "info", "timestamp": "2026-09-25T04:30:40.549690Z"}
{"acao": "comprar", "motivo": "imbalance=+0.65 persistiu 300ms", "sinal": 0.651, "feature": "microprice", "event": "ea.decisao_dry_run", "level": "info", "timestamp": "2026-09-25T04:30:40.555461Z"}
{"nome": "ea_microprice", "lado": 1, "preco": 187030.0, "preco_topo": 187030.0, "imbalance": 0.651, "micro": 187029.13, "spread": 5.0, "codigo": "replay:2026-09-22", "config_sha": "538457d8a0d0", "event": "ea.micro.entrada", "level": "info", "timestamp": "2026-09-25T04:30:40.555542Z"}
{"acao": "zerar", "motivo": "alvo", "sinal": 0.0, "feature": "microprice", "event": "ea.decisao_dry_run", "level": "info", "timestamp": "2026-09-25T04:30:40.555749Z"}
{"nome": "ea_microprice", "lado": 1, "entrada": 187030.0, "saida": 187045.0, "pnl_bruto": 15.0, "pnl_liquido": 11.0, "duracao_s": 1.07, "motivo": "alvo", "imbalance_entrada": 0.651, "imbalance_saida": 0.538, "pnl_dia": -43.0, "bloqueado": null, "codigo": "replay:2026-09-22", "config_sha": "538457d8a0d0", "event": "ea.micro.saida", "level": "info", "timestamp": "2026-09-25T04:30:40.555808Z"}
{"acao": "vender", "motivo": "imbalance=-0.90 persistiu 300ms", "sinal": -0.902, "feature": "microprice", "event": "ea.decisao_dry_run", "level": "info", "timestamp": "2026-09-25T04:30:40.558666Z"}
{"nome": "ea_microprice", "lado": -1, "preco": 187005.0, "preco_topo": 187005.0, "imbalance": -0.902, "micro": 187005.24, "spread": 5.0, "codigo": "replay:2026-09-22", "config_sha": "538457d8a0d0", "event": "ea.micro.entrada", "level": "info", "timestamp": "2026-09-25T04:30:40.558723Z"}
{"acao": "zerar", "motivo": "alvo", "sinal": 0.0, "feature": "microprice", "event": "ea.decisao_dry_run", "level": "info", "timestamp": "2026-09-25T04:30:40.558976Z"}
{"nome": "ea_microprice", "lado": -1, "entrada": 187005.0, "saida": 186985.0, "pnl_bruto": 20.0, "pnl_liquido": 16.0, "duracao_s": 0.67, "motivo": "alvo", "imbalance_entrada": -0.902, "imbalance_saida": 0.134, "pnl_dia": -27.0, "bloqueado": null, "codigo": "replay:2026-09-22", "config_sha": "538457d8a0d0", "event": "ea.micro.saida", "level": "info", "timestamp": "2026-09-25T04:30:40.559046Z"}
{"acao": "vender", "motivo": "imbalance=-0.73 persistiu 300ms", "sinal": -0.725, "feature": "microprice", "event": "ea.decisao_dry_run", "level": "info", "timestamp": "2026-09-25T04:30:40.560951Z"}
{"nome": "ea_microprice", "lado": -1, "preco": 187065.0, "preco_topo": 187065.0, "imbalance": -0.725, "micro": 187065.69, "spread": 5.0, "codigo": "replay:2026-09-22", "config_sha": "538457d8a0d0", "event": "ea.micro.entrada", "level": "info", "timestamp": "2026-09-25T04:30:40.561007Z"}
{"acao": "zerar", "motivo": "stop", "sinal": 0.0, "feature": "microprice", "event": "ea.decisao_dry_run", "level": "info", "timestamp": "2026-09-25T04:30:40.561205Z"}
{"nome": "ea_microprice", "lado": -1, "entrada": 187065.0, "saida": 187090.0, "pnl_bruto": -25.0, "pnl_liquido": -29.0, "duracao_s": 0.7, "motivo": "stop", "imbalance_entrada": -0.725, "imbalance_saida": -0.796, "pnl_dia": -56.0, "bloqueado": null, "codigo": "replay:2026-09-22", "config_sha": "538457d8a0d0", "event": "ea.micro.saida", "level": "info", "timestamp": "2026-09-25T04:30:40.561264Z"}
{"acao": "vender", "motivo": "imbalance=-0.72 persistiu 300ms", "sinal": -0.723, "feature": "microprice", "event": "ea.decisao_dry_run", "level": "info", "timestamp": "2026-09-25T04:30:40.565938Z"}
{"nome": "ea_microprice", "lado": -1, "preco": 187200.0, "preco_topo": 187200.0, "imbalance": -0.723, "micro": 187200.69, "spread": 5.0, "codigo": "replay:2026-09-22", "config_sha": "538457d8a0d0", "event": "ea.micro.entrada", "level": "info", "timestamp": "2026-09-25T04:30:40.566003Z"}
{"acao": "zerar", "motivo": "stop", "sinal": 0.0, "feature": "microprice", "event": "ea.decisao_dry_run", "level": "info", "timestamp": "2026-09-25T04:30:40.566184Z"}
{"nome": "ea_microprice", "lado": -1, "entrada": 187200.0, "saida": 187215.0, "pnl_bruto": -15.0, "pnl_liquido": -19.0, "duracao_s": 0.48, "motivo": "stop", "imbalance_entrada": -0.723, "imbalance_saida": -0.834, "pnl_dia": -75.0, "bloqueado": null, "codigo": "replay:2026-09-22", "config_sha": "538457d8a0d0", "event": "ea.micro.saida", "level": "info", "timestamp": "2026-09-25T04:30:40.566242Z"}
{"acao": "vender", "motivo": "imbalance=-0.81 persistiu 300ms", "sinal": -0.807, "feature": "microprice", "event": "ea.decisao_dry_run", "level": "info", "timestamp": "2026-09-25T04:30:40.567084Z"}
{"nome": "ea_microprice", "lado": -1, "preco": 187230.0, "preco_topo": 187230.0, "imbalance": -0.807, "micro": 187230.48, "spread": 5.0, "codigo": "replay:2026-09-22", "config_sha": "538457d8a0d0", "event": "ea.micro.entrada", "level": "info", "timestamp": "2026-09-25T04:30:40.567138Z"}
{"acao": "zerar", "motivo": "stop", "sinal": 0.0, "feature": "microprice", "event": "ea.decisao_dry_run", "level": "info", "timestamp": "2026-09-25T04:30:40.567514Z"}
{"nome": "ea_microprice", "lado": -1, "entrada": 187230.0, "saida": 187250.0, "pnl_bruto": -20.0, "pnl_liquido": -24.0, "duracao_s": 1.65, "motivo": "stop", "imbalance_entrada": -0.807, "imbalance_saida": -0.72, "pnl_dia": -99.0, "bloqueado": null, "codigo": "replay:2026-09-22", "config_sha": "538457d8a0d0", "event": "ea.micro.saida", "level": "info", "timestamp": "2026-09-25T04:30:40.567575Z"}
{"acao": "vender", "motivo": "imbalance=-0.77 persistiu 300ms", "sinal": -0.774, "feature": "microprice", "event": "ea.decisao_dry_run", "level": "info", "timestamp": "2026-09-25T04:30:40.570630Z"}
{"nome": "ea_microprice", "lado": -1, "preco": 187180.0, "preco_topo": 187180.0, "imbalance": -0.774, "micro": 187180.56, "spread": 5.0, "codigo": "replay:2026-09-22", "config_sha": "538457d8a0d0", "event": "ea.micro.entrada", "level": "info", "timestamp": "2026-09-25T04:30:40.570704Z"}
{"acao": "zerar", "motivo": "imbalance_inverteu", "sinal": 0.0, "feature": "microprice", "event": "ea.decisao_dry_run", "level": "info", "timestamp": "2026-09-25T04:30:40.571029Z"}
{"nome": "ea_microprice", "lado": -1, "entrada": 187180.0, "saida": 187175.0, "pnl_bruto": 5.0, "pnl_liquido": 1.0, "duracao_s": 1.32, "motivo": "imbalance_inverteu", "imbalance_entrada": -0.774, "imbalance_saida": 0.0, "pnl_dia": -98.0, "bloqueado": null, "codigo": "replay:2026-09-22", "config_sha": "538457d8a0d0", "event": "ea.micro.saida", "level": "info", "timestamp": "2026-09-25T04:30:40.571089Z"}
{"acao": "comprar", "motivo": "imbalance=+0.66 persistiu 300ms", "sinal": 0.659, "feature": "microprice", "event": "ea.decisao_dry_run", "level": "info", "timestamp": "2026-09-25T04:30:40.573860Z"}
{"nome": "ea_microprice", "lado": 1, "preco": 187020.0, "preco_topo": 187020.0, "imbalance": 0.659, "micro": 187019.15, "spread": 5.0, "codigo": "replay:2026-09-22", "config_sha": "538457d8a0d0", "event": "ea.micro.entrada", "level": "info", "timestamp": "2026-09-25T04:30:40.573918Z"}
{"acao": "zerar", "motivo": "imbalance_inverteu", "sinal": 0.0, "feature": "microprice", "event": "ea.decisao_dry_run", "level": "info", "timestamp": "2026-09-25T04:30:40.574508Z"}
{"nome": "ea_microprice", "lado": 1, "entrada": 187020.0, "saida": 187025.0, "pnl_bruto": 5.0, "pnl_liquido": 1.0, "duracao_s": 3.71, "motivo": "imbalance_inverteu", "imbalance_entrada": 0.659, "imbalance_saida": -0.927, "pnl_dia": -97.0, "bloqueado": null, "codigo": "replay:2026-09-22", "config_sha": "538457d8a0d0", "event": "ea.micro.saida", "level": "info", "timestamp": "2026-09-25T04:30:40.574566Z"}
{"acao": "vender", "motivo": "imbalance=-0.76 persistiu 300ms", "sinal": -0.763, "feature": "microprice", "event": "ea.decisao_dry_run", "level": "info", "timestamp": "2026-09-25T04:30:40.575054Z"}
{"nome": "ea_microprice", "lado": -1, "preco": 187030.0, "preco_topo": 187030.0, "imbalance": -0.763, "micro": 187030.59, "spread": 5.0, "codigo": "replay:2026-09-22", "config_sha": "538457d8a0d0", "event": "ea.micro.entrada", "level": "info", "timestamp": "2026-09-25T04:30:40.575109Z"}
{"acao": "zerar", "motivo": "stop", "sinal": 0.0, "feature": "microprice", "event": "ea.decisao_dry_run", "level": "info", "timestamp": "2026-09-25T04:30:40.575350Z"}
{"nome": "ea_microprice", "lado": -1, "entrada": 187030.0, "saida": 187045.0, "pnl_bruto": -15.0, "pnl_liquido": -19.0, "duracao_s": 1.26, "motivo": "stop", "imbalance_entrada": -0.763, "imbalance_saida": -0.27, "pnl_dia": -116.0, "bloqueado": null, "codigo": "replay:2026-09-22", "config_sha": "538457d8a0d0", "event": "ea.micro.saida", "level": "info", "timestamp": "2026-09-25T04:30:40.575408Z"}
{"acao": "comprar", "motivo": "imbalance=+0.87 persistiu 300ms", "sinal": 0.868, "feature": "microprice", "event": "ea.decisao_dry_run", "level": "info", "timestamp": "2026-09-25T04:30:40.576886Z"}
{"nome": "ea_microprice", "lado": 1, "preco": 187025.0, "preco_topo": 187025.0, "imbalance": 0.868, "micro": 187024.67, "spread": 5.0, "codigo": "replay:2026-09-22", "config_sha": "538457d8a0d0", "event": "ea.micro.entrada", "level": "info", "timestamp": "2026-09-25T04:30:40.576949Z"}
{"acao": "zerar", "motivo": "stop", "sinal": 0.0, "feature": "microprice", "event": "ea.decisao_dry_run", "level": "info", "timestamp": "2026-09-25T04:30:40.577570Z"}
{"nome": "ea_microprice", "lado": 1, "entrada": 187025.0, "saida": 187005.0, "pnl_bruto": -20.0, "pnl_liquido": -24.0, "duracao_s": 3.84, "motivo": "stop", "imbalance_entrada": 0.868, "imbalance_saida": 0.519, "pnl_dia": -140.0, "bloqueado": null, "codigo": "replay:2026-09-22", "config_sha": "538457d8a0d0", "event": "ea.micro.saida", "level": "info", "timestamp": "2026-09-25T04:30:40.577628Z"}
{"acao": "vender", "motivo": "imbalance=-0.97 persistiu 300ms", "sinal": -0.971, "feature": "microprice", "event": "ea.decisao_dry_run", "level": "info", "timestamp": "2026-09-25T04:30:40.578193Z"}
{"nome": "ea_microprice", "lado": -1, "preco": 187010.0, "preco_topo": 187010.0, "imbalance": -0.971, "micro": 187010.07, "spread": 5.0, "codigo": "replay:2026-09-22", "config_sha": "538457d8a0d0", "event": "ea.micro.entrada", "level": "info", "timestamp": "2026-09-25T04:30:40.578249Z"}
{"acao": "zerar", "motivo": "imbalance_inverteu", "sinal": 0.0, "feature": "microprice", "event": "ea.decisao_dry_run", "level": "info", "timestamp": "2026-09-25T04:30:40.578420Z"}
{"nome": "ea_microprice", "lado": -1, "entrada": 187010.0, "saida": 187015.0, "pnl_bruto": -5.0, "pnl_liquido": -9.0, "duracao_s": 0.8, "motivo": "imbalance_inverteu", "imbalance_entrada": -0.971, "imbalance_saida": 0.667, "pnl_dia": -149.0, "bloqueado": null, "codigo": "replay:2026-09-22", "config_sha": "538457d8a0d0", "event": "ea.micro.saida", "level": "info", "timestamp": "2026-09-25T04:30:40.578478Z"}
{"acao": "comprar", "motivo": "imbalance=+0.63 persistiu 300ms", "sinal": 0.632, "feature": "microprice", "event": "ea.decisao_dry_run", "level": "info", "timestamp": "2026-09-25T04:30:40.578819Z"}
{"nome": "ea_microprice", "lado": 1, "preco": 187025.0, "preco_topo": 187025.0, "imbalance": 0.632, "micro": 187024.08, "spread": 5.0, "codigo": "replay:2026-09-22", "config_sha": "538457d8a0d0", "event": "ea.micro.entrada", "level": "info", "timestamp": "2026-09-25T04:30:40.578871Z"}
{"acao": "zerar", "motivo": "imbalance_inverteu", "sinal": 0.0, "feature": "microprice", "event": "ea.decisao_dry_run", "level": "info", "timestamp": "2026-09-25T04:30:40.579442Z"}
{"nome": "ea_microprice", "lado": 1, "entrada": 187025.0, "saida": 187020.0, "pnl_bruto": -5.0, "pnl_liquido": -9.0, "duracao_s": 3.62, "motivo": "imbalance_inverteu", "imbalance_entrada": 0.632, "imbalance_saida": -0.69, "pnl_dia": -158.0, "bloqueado": null, "codigo": "replay:2026-09-22", "config_sha": "538457d8a0d0", "event": "ea.micro.saida", "level": "info", "timestamp": "2026-09-25T04:30:40.579501Z"}
{"acao": "comprar", "motivo": "imbalance=+0.88 persistiu 300ms", "sinal": 0.881, "feature": "microprice", "event": "ea.decisao_dry_run", "level": "info", "timestamp": "2026-09-25T04:30:40.579956Z"}
{"nome": "ea_microprice", "lado": 1, "preco": 187010.0, "preco_topo": 187010.0, "imbalance": 0.881, "micro": 187009.7, "spread": 5.0, "codigo": "replay:2026-09-22", "config_sha": "538457d8a0d0", "event": "ea.micro.entrada", "level": "info", "timestamp": "2026-09-25T04:30:40.580009Z"}
{"acao": "zerar", "motivo": "stop", "sinal": 0.0, "feature": "microprice", "event": "ea.decisao_dry_run", "level": "info", "timestamp": "2026-09-25T04:30:40.580270Z"}
{"nome": "ea_microprice", "lado": 1, "entrada": 187010.0, "saida": 186995.0, "pnl_bruto": -15.0, "pnl_liquido": -19.0, "duracao_s": 1.02, "motivo": "stop", "imbalance_entrada": 0.881, "imbalance_saida": 0.126, "pnl_dia": -177.0, "bloqueado": null, "codigo": "replay:2026-09-22", "config_sha": "538457d8a0d0", "event": "ea.micro.saida", "level": "info", "timestamp": "2026-09-25T04:30:40.580328Z"}
{"acao": "comprar", "motivo": "imbalance=+0.64 persistiu 300ms", "sinal": 0.636, "feature": "microprice", "event": "ea.decisao_dry_run", "level": "info", "timestamp": "2026-09-25T04:30:40.580790Z"}
{"nome": "ea_microprice", "lado": 1, "preco": 187005.0, "preco_topo": 187005.0, "imbalance": 0.636, "micro": 187004.09, "spread": 5.0, "codigo": "replay:2026-09-22", "config_sha": "538457d8a0d0", "event": "ea.micro.entrada", "level": "info", "timestamp": "2026-09-25T04:30:40.580843Z"}
{"acao": "zerar", "motivo": "stop", "sinal": 0.0, "feature": "microprice", "event": "ea.decisao_dry_run", "level": "info", "timestamp": "2026-09-25T04:30:40.581072Z"}
{"nome": "ea_microprice", "lado": 1, "entrada": 187005.0, "saida": 186980.0, "pnl_bruto": -25.0, "pnl_liquido": -29.0, "duracao_s": 1.15, "motivo": "stop", "imbalance_entrada": 0.636, "imbalance_saida": 0.259, "pnl_dia": -206.0, "bloqueado": null, "codigo": "replay:2026-09-22", "config_sha": "538457d8a0d0", "event": "ea.micro.saida", "level": "info", "timestamp": "2026-09-25T04:30:40.581131Z"}
{"acao": "comprar", "motivo": "imbalance=+0.79 persistiu 300ms", "sinal": 0.786, "feature": "microprice", "event": "ea.decisao_dry_run", "level": "info", "timestamp": "2026-09-25T04:30:40.584795Z"}
{"nome": "ea_microprice", "lado": 1, "preco": 186915.0, "preco_topo": 186915.0, "imbalance": 0.786, "micro": 186914.46, "spread": 5.0, "codigo": "replay:2026-09-22", "config_sha": "538457d8a0d0", "event": "ea.micro.entrada", "level": "info", "timestamp": "2026-09-25T04:30:40.584855Z"}
{"acao": "zerar", "motivo": "alvo", "sinal": 0.0, "feature": "microprice", "event": "ea.decisao_dry_run", "level": "info", "timestamp": "2026-09-25T04:30:40.585381Z"}
{"nome": "ea_microprice", "lado": 1, "entrada": 186915.0, "saida": 186930.0, "pnl_bruto": 15.0, "pnl_liquido": 11.0, "duracao_s": 2.44, "motivo": "alvo", "imbalance_entrada": 0.786, "imbalance_saida": 0.122, "pnl_dia": -195.0, "bloqueado": null, "codigo": "replay:2026-09-22", "config_sha": "538457d8a0d0", "event": "ea.micro.saida", "level": "info", "timestamp": "2026-09-25T04:30:40.585439Z"}
{"acao": "vender", "motivo": "imbalance=-0.80 persistiu 300ms", "sinal": -0.8, "feature": "microprice", "event": "ea.decisao_dry_run", "level": "info", "timestamp": "2026-09-25T04:30:40.586632Z"}
{"nome": "ea_microprice", "lado": -1, "preco": 186945.0, "preco_topo": 186945.0, "imbalance": -0.8, "micro": 186945.5, "spread": 5.0, "codigo": "replay:2026-09-22", "config_sha": "538457d8a0d0", "event": "ea.micro.entrada", "level": "info", "timestamp": "2026-09-25T04:30:40.586703Z"}
{"acao": "zerar", "motivo": "stop", "sinal": 0.0, "feature": "microprice", "event": "ea.decisao_dry_run", "level": "info", "timestamp": "2026-09-25T04:30:40.586932Z"}
{"nome": "ea_microprice", "lado": -1, "entrada": 186945.0, "saida": 186960.0, "pnl_bruto": -15.0, "pnl_liquido": -19.0, "duracao_s": 1.18, "motivo": "stop", "imbalance_entrada": -0.8, "imbalance_saida": -0.595, "pnl_dia": -214.0, "bloqueado": null, "codigo": "replay:2026-09-22", "config_sha": "538457d8a0d0", "event": "ea.micro.saida", "level": "info", "timestamp": "2026-09-25T04:30:40.586996Z"}
{"acao": "vender", "motivo": "imbalance=-0.86 persistiu 300ms", "sinal": -0.861, "feature": "microprice", "event": "ea.decisao_dry_run", "level": "info", "timestamp": "2026-09-25T04:30:40.588953Z"}
{"nome": "ea_microprice", "lado": -1, "preco": 186955.0, "preco_topo": 186955.0, "imbalance": -0.861, "micro": 186955.35, "spread": 5.0, "codigo": "replay:2026-09-22", "config_sha": "538457d8a0d0", "event": "ea.micro.entrada", "level": "info", "timestamp": "2026-09-25T04:30:40.589009Z"}
{"acao": "zerar", "motivo": "stop", "sinal": 0.0, "feature": "microprice", "event": "ea.decisao_dry_run", "level": "info", "timestamp": "2026-09-25T04:30:40.589415Z"}
{"nome": "ea_microprice", "lado": -1, "entrada": 186955.0, "saida": 186980.0, "pnl_bruto": -25.0, "pnl_liquido": -29.0, "duracao_s": 2.49, "motivo": "stop", "imbalance_entrada": -0.861, "imbalance_saida": -0.521, "pnl_dia": -243.0, "bloqueado": null, "codigo": "replay:2026-09-22", "config_sha": "538457d8a0d0", "event": "ea.micro.saida", "level": "info", "timestamp": "2026-09-25T04:30:40.589475Z"}
{"acao": "comprar", "motivo": "imbalance=+0.65 persistiu 300ms", "sinal": 0.647, "feature": "microprice", "event": "ea.decisao_dry_run", "level": "info", "timestamp": "2026-09-25T04:30:40.590694Z"}
{"nome": "ea_microprice", "lado": 1, "preco": 186940.0, "preco_topo": 186940.0, "imbalance": 0.647, "micro": 186939.12, "spread": 5.0, "codigo": "replay:2026-09-22", "config_sha": "538457d8a0d0", "event": "ea.micro.entrada", "level": "info", "timestamp": "2026-09-25T04:30:40.590748Z"}
{"acao": "zerar", "motivo": "imbalance_inverteu", "sinal": 0.0, "feature": "microprice", "event": "ea.decisao_dry_run", "level": "info", "timestamp": "2026-09-25T04:30:40.590907Z"}
{"nome": "ea_microprice", "lado": 1, "entrada": 186940.0, "saida": 186945.0, "pnl_bruto": 5.0, "pnl_liquido": 1.0, "duracao_s": 0.85, "motivo": "imbalance_inverteu", "imbalance_entrada": 0.647, "imbalance_saida": -0.153, "pnl_dia": -242.0, "bloqueado": null, "codigo": "replay:2026-09-22", "config_sha": "538457d8a0d0", "event": "ea.micro.saida", "level": "info", "timestamp": "2026-09-25T04:30:40.590970Z"}
{"acao": "vender", "motivo": "imbalance=-0.63 persistiu 300ms", "sinal": -0.629, "feature": "microprice", "event": "ea.decisao_dry_run", "level": "info", "timestamp": "2026-09-25T04:30:40.591804Z"}
{"nome": "ea_microprice", "lado": -1, "preco": 186950.0, "preco_topo": 186950.0, "imbalance": -0.629, "micro": 186950.93, "spread": 5.0, "codigo": "replay:2026-09-22", "config_sha": "538457d8a0d0", "event": "ea.micro.entrada", "level": "info", "timestamp": "2026-09-25T04:30:40.591860Z"}
{"acao": "zerar", "motivo": "stop", "sinal": 0.0, "feature": "microprice", "event": "ea.decisao_dry_run", "level": "info", "timestamp": "2026-09-25T04:30:40.591978Z"}
{"nome": "ea_microprice", "lado": -1, "entrada": 186950.0, "saida": 186965.0, "pnl_bruto": -15.0, "pnl_liquido": -19.0, "duracao_s": 0.79, "motivo": "stop", "imbalance_entrada": -0.629, "imbalance_saida": -0.814, "pnl_dia": -261.0, "bloqueado": null, "codigo": "replay:2026-09-22", "config_sha": "538457d8a0d0", "event": "ea.micro.saida", "level": "info", "timestamp": "2026-09-25T04:30:40.592035Z"}
{"acao": "vender", "motivo": "imbalance=-0.69 persistiu 300ms", "sinal": -0.686, "feature": "microprice", "event": "ea.decisao_dry_run", "level": "info", "timestamp": "2026-09-25T04:30:40.599930Z"}
{"nome": "ea_microprice", "lado": -1, "preco": 186840.0, "preco_topo": 186840.0, "imbalance": -0.686, "micro": 186840.79, "spread": 5.0, "codigo": "replay:2026-09-22", "config_sha": "538457d8a0d0", "event": "ea.micro.entrada", "level": "info", "timestamp": "2026-09-25T04:30:40.599997Z"}
{"acao": "zerar", "motivo": "imbalance_inverteu", "sinal": 0.0, "feature": "microprice", "event": "ea.decisao_dry_run", "level": "info", "timestamp": "2026-09-25T04:30:40.600200Z"}
{"nome": "ea_microprice", "lado": -1, "entrada": 186840.0, "saida": 186845.0, "pnl_bruto": -5.0, "pnl_liquido": -9.0, "duracao_s": 0.89, "motivo": "imbalance_inverteu", "imbalance_entrada": -0.686, "imbalance_saida": 0.52, "pnl_dia": -270.0, "bloqueado": null, "codigo": "replay:2026-09-22", "config_sha": "538457d8a0d0", "event": "ea.micro.saida", "level": "info", "timestamp": "2026-09-25T04:30:40.600257Z"}
{"acao": "comprar", "motivo": "imbalance=+0.90 persistiu 300ms", "sinal": 0.902, "feature": "microprice", "event": "ea.decisao_dry_run", "level": "info", "timestamp": "2026-09-25T04:30:40.605668Z"}
{"nome": "ea_microprice", "lado": 1, "preco": 186845.0, "preco_topo": 186845.0, "imbalance": 0.902, "micro": 186844.75, "spread": 5.0, "codigo": "replay:2026-09-22", "config_sha": "538457d8a0d0", "event": "ea.micro.entrada", "level": "info", "timestamp": "2026-09-25T04:30:40.605727Z"}
{"acao": "zerar", "motivo": "imbalance_inverteu", "sinal": 0.0, "feature": "microprice", "event": "ea.decisao_dry_run", "level": "info", "timestamp": "2026-09-25T04:30:40.605867Z"}
{"nome": "ea_microprice", "lado": 1, "entrada": 186845.0, "saida": 186845.0, "pnl_bruto": 0.0, "pnl_liquido": -4.0, "duracao_s": 0.56, "motivo": "imbalance_inverteu", "imbalance_entrada": 0.902, "imbalance_saida": -0.326, "pnl_dia": -274.0, "bloqueado": null, "codigo": "replay:2026-09-22", "config_sha": "538457d8a0d0", "event": "ea.micro.saida", "level": "info", "timestamp": "2026-09-25T04:30:40.605924Z"}
{"acao": "comprar", "motivo": "imbalance=+0.91 persistiu 300ms", "sinal": 0.914, "feature": "microprice", "event": "ea.decisao_dry_run", "level": "info", "timestamp": "2026-09-25T04:30:40.607104Z"}
{"nome": "ea_microprice", "lado": 1, "preco": 186795.0, "preco_topo": 186795.0, "imbalance": 0.914, "micro": 186794.79, "spread": 5.0, "codigo": "replay:2026-09-22", "config_sha": "538457d8a0d0", "event": "ea.micro.entrada", "level": "info", "timestamp": "2026-09-25T04:30:40.607159Z"}
{"acao": "zerar", "motivo": "imbalance_inverteu", "sinal": 0.0, "feature": "microprice", "event": "ea.decisao_dry_run", "level": "info", "timestamp": "2026-09-25T04:30:40.607527Z"}
{"nome": "ea_microprice", "lado": 1, "entrada": 186795.0, "saida": 186800.0, "pnl_bruto": 5.0, "pnl_liquido": 1.0, "duracao_s": 1.7, "motivo": "imbalance_inverteu", "imbalance_entrada": 0.914, "imbalance_saida": -0.051, "pnl_dia": -273.0, "bloqueado": null, "codigo": "replay:2026-09-22", "config_sha": "538457d8a0d0", "event": "ea.micro.saida", "level": "info", "timestamp": "2026-09-25T04:30:40.607585Z"}
{"acao": "comprar", "motivo": "imbalance=+0.80 persistiu 300ms", "sinal": 0.801, "feature": "microprice", "event": "ea.decisao_dry_run", "level": "info", "timestamp": "2026-09-25T04:30:40.608208Z"}
{"nome": "ea_microprice", "lado": 1, "preco": 186760.0, "preco_topo": 186760.0, "imbalance": 0.801, "micro": 186759.5, "spread": 5.0, "codigo": "replay:2026-09-22", "config_sha": "538457d8a0d0", "event": "ea.micro.entrada", "level": "info", "timestamp": "2026-09-25T04:30:40.608262Z"}
{"acao": "zerar", "motivo": "imbalance_inverteu", "sinal": 0.0, "feature": "microprice", "event": "ea.decisao_dry_run", "level": "info", "timestamp": "2026-09-25T04:30:40.608372Z"}
{"nome": "ea_microprice", "lado": 1, "entrada": 186760.0, "saida": 186765.0, "pnl_bruto": 5.0, "pnl_liquido": 1.0, "duracao_s": 0.46, "motivo": "imbalance_inverteu", "imbalance_entrada": 0.801, "imbalance_saida": -0.152, "pnl_dia": -272.0, "bloqueado": null, "codigo": "replay:2026-09-22", "config_sha": "538457d8a0d0", "event": "ea.micro.saida", "level": "info", "timestamp": "2026-09-25T04:30:40.608428Z"}
{"acao": "comprar", "motivo": "imbalance=+0.63 persistiu 300ms", "sinal": 0.629, "feature": "microprice", "event": "ea.decisao_dry_run", "level": "info", "timestamp": "2026-09-25T04:30:40.611822Z"}
{"nome": "ea_microprice", "lado": 1, "preco": 186745.0, "preco_topo": 186745.0, "imbalance": 0.629, "micro": 186744.07, "spread": 5.0, "codigo": "replay:2026-09-22", "config_sha": "538457d8a0d0", "event": "ea.micro.entrada", "level": "info", "timestamp": "2026-09-25T04:30:40.611878Z"}
{"acao": "zerar", "motivo": "stop", "sinal": 0.0, "feature": "microprice", "event": "ea.decisao_dry_run", "level": "info", "timestamp": "2026-09-25T04:30:40.612080Z"}
{"nome": "ea_microprice", "lado": 1, "entrada": 186745.0, "saida": 186700.0, "pnl_bruto": -45.0, "pnl_liquido": -49.0, "duracao_s": 1.17, "motivo": "stop", "imbalance_entrada": 0.629, "imbalance_saida": -0.583, "pnl_dia": -321.0, "bloqueado": "perda do dia -321 pts", "codigo": "replay:2026-09-22", "config_sha": "538457d8a0d0", "event": "ea.micro.saida", "level": "info", "timestamp": "2026-09-25T04:30:40.612140Z"}
{"nome": "ea_microprice", "trades": 0, "sinais_sem_vaga": 0, "operacoes": 29, "pct_ganho": 34.5, "pnl_bruto_pts": -205.0, "pnl_liquido_pts": -321.0, "duracao_media_s": 1.39, "saidas": {"stop": 14, "imbalance_inverteu": 11, "alvo": 4}, "bloqueado": "perda do dia -321 pts", "passivas": {}, "avaliacoes_filtradas": {"sem_livro": 215, "livro_cruzado": 19533, "spread_largo": 38552, "topo_raso": 1212, "fora_da_janela": 63, "cooldown": 19, "bloqueado": 15653}, "posicionado": false, "sonda": {"gatilhos": 3302, "suprimidos_refratario": 1704, "spread_medio_pts": 5.0, "h1s": {"n": 3302, "media_pts": 1.33, "pct_a_favor": 39.3, "pct_contra": 21.6}, "h5s": {"n": 3302, "media_pts": 1.36, "pct_a_favor": 46.0, "pct_contra": 36.8}, "h30s": {"n": 3302, "media_pts": 0.7, "pct_a_favor": 49.1, "pct_contra": 44.0}}, "codigo": "replay:2026-09-22", "config_sha": "538457d8a0d0", "event": "ea.micro.resumo", "level": "warning", "timestamp": "2026-09-25T04:30:45.605583Z"}
{"dia": "2026-09-22", "episodios": 39642, "aberto_no_fim": true, "dur_ms_p50": 0.1, "dur_ms_p90": 2.2, "dur_ms_p99": 24.2, "dur_ms_max": 81667.1, "pct_ate_50ms": 99.4, "amostras": [{"ts_ns": 1790078100090995600, "lado_atualizado": 1, "bid": 206995.0, "qb": 500, "ask": 206995.0, "qa": 57, "idade_outro_lado_ms": 0.1}, {"ts_ns": 1790078113550202800, "lado_atualizado": 1, "bid": 188150.0, "qb": 29393, "ask": 188150.0, "qa": 29438, "idade_outro_lado_ms": 298.9}, {"ts_ns": 1790078113603395500, "lado_atualizado": 1, "bid": 183430.0, "qb": 29398, "ask": 183430.0, "qa": 29352, "idade_outro_lado_ms": 0.1}, {"ts_ns": 1790078176189662300, "lado_atualizado": 1, "bid": 198995.0, "qb": 62487, "ask": 198995.0, "qa": 60845, "idade_outro_lado_ms": 0.1}, {"ts_ns": 1790078184000366400, "lado_atualizado": 1, "bid": 185000.0, "qb": 64107, "ask": 185000.0, "qa": 64127, "idade_outro_lado_ms": 476.3}, {"ts_ns": 1790078196181912200, "lado_atualizado": 1, "bid": 183430.0, "qb": 64331, "ask": 183430.0, "qa": 64271, "idade_outro_lado_ms": 0.1}, {"ts_ns": 1790078271605443700, "lado_atualizado": 0, "bid": 188150.0, "qb": 66471, "ask": 188150.0, "qa": 66516, "idade_outro_lado_ms": 1570.0}, {"ts_ns": 1790078278933627900, "lado_atualizado": 0, "bid": 188520.0, "qb": 66612, "ask": 188520.0, "qa": 66611, "idade_outro_lado_ms": 1393.5}, {"ts_ns": 1790078297820468300, "lado_atualizado": 1, "bid": 188230.0, "qb": 66770, "ask": 188230.0, "qa": 66769, "idade_outro_lado_ms": 0.1}, {"ts_ns": 1790078305753608100, "lado_atualizado": 0, "bid": 188300.0, "qb": 66780, "ask": 188300.0, "qa": 66807, "idade_outro_lado_ms": 322.7}], "event": "ea_micro_replay.cruzado", "level": "info", "timestamp": "2026-09-25T04:30:45.609764Z"}
{"i": 10, "n": 10, "dia": "2026-09-23", "eventos": 1864765, "event": "ea_micro_replay.dia", "level": "info", "timestamp": "2026-09-25T04:30:57.269033Z"}
{"nome": "ea_microprice", "symbol": "WINFUT", "dry_run": true, "sem_livro": false, "limiar": 0.6, "persistencia_ms": 300, "alvo_ticks": 3, "stop_ticks": 3, "codigo": "replay:2026-09-23", "config_sha": "538457d8a0d0", "event": "ea.micro.iniciado", "level": "warning", "timestamp": "2026-09-25T04:30:57.363538Z"}
{"acao": "vender", "motivo": "imbalance=-0.67 persistiu 300ms", "sinal": -0.675, "feature": "microprice", "event": "ea.decisao_dry_run", "level": "info", "timestamp": "2026-09-25T04:30:57.559342Z"}
{"nome": "ea_microprice", "lado": -1, "preco": 186890.0, "preco_topo": 186890.0, "imbalance": -0.675, "micro": 186890.81, "spread": 5.0, "codigo": "replay:2026-09-23", "config_sha": "538457d8a0d0", "event": "ea.micro.entrada", "level": "info", "timestamp": "2026-09-25T04:30:57.559534Z"}
{"acao": "zerar", "motivo": "stop", "sinal": 0.0, "feature": "microprice", "event": "ea.decisao_dry_run", "level": "info", "timestamp": "2026-09-25T04:30:57.559834Z"}
{"nome": "ea_microprice", "lado": -1, "entrada": 186890.0, "saida": 186905.0, "pnl_bruto": -15.0, "pnl_liquido": -19.0, "duracao_s": 1.19, "motivo": "stop", "imbalance_entrada": -0.675, "imbalance_saida": -0.788, "pnl_dia": -19.0, "bloqueado": null, "codigo": "replay:2026-09-23", "config_sha": "538457d8a0d0", "event": "ea.micro.saida", "level": "info", "timestamp": "2026-09-25T04:30:57.559914Z"}
{"acao": "comprar", "motivo": "imbalance=+0.80 persistiu 300ms", "sinal": 0.804, "feature": "microprice", "event": "ea.decisao_dry_run", "level": "info", "timestamp": "2026-09-25T04:30:57.562524Z"}
{"nome": "ea_microprice", "lado": 1, "preco": 186865.0, "preco_topo": 186865.0, "imbalance": 0.804, "micro": 186864.51, "spread": 5.0, "codigo": "replay:2026-09-23", "config_sha": "538457d8a0d0", "event": "ea.micro.entrada", "level": "info", "timestamp": "2026-09-25T04:30:57.562602Z"}
{"acao": "zerar", "motivo": "imbalance_inverteu", "sinal": 0.0, "feature": "microprice", "event": "ea.decisao_dry_run", "level": "info", "timestamp": "2026-09-25T04:30:57.562959Z"}
{"nome": "ea_microprice", "lado": 1, "entrada": 186865.0, "saida": 186865.0, "pnl_bruto": 0.0, "pnl_liquido": -4.0, "duracao_s": 1.74, "motivo": "imbalance_inverteu", "imbalance_entrada": 0.804, "imbalance_saida": -0.02, "pnl_dia": -23.0, "bloqueado": null, "codigo": "replay:2026-09-23", "config_sha": "538457d8a0d0", "event": "ea.micro.saida", "level": "info", "timestamp": "2026-09-25T04:30:57.563031Z"}
{"acao": "comprar", "motivo": "imbalance=+0.87 persistiu 300ms", "sinal": 0.871, "feature": "microprice", "event": "ea.decisao_dry_run", "level": "info", "timestamp": "2026-09-25T04:30:57.568492Z"}
{"nome": "ea_microprice", "lado": 1, "preco": 186805.0, "preco_topo": 186805.0, "imbalance": 0.871, "micro": 186804.68, "spread": 5.0, "codigo": "replay:2026-09-23", "config_sha": "538457d8a0d0", "event": "ea.micro.entrada", "level": "info", "timestamp": "2026-09-25T04:30:57.568566Z"}
{"acao": "zerar", "motivo": "imbalance_inverteu", "sinal": 0.0, "feature": "microprice", "event": "ea.decisao_dry_run", "level": "info", "timestamp": "2026-09-25T04:30:57.568870Z"}
{"nome": "ea_microprice", "lado": 1, "entrada": 186805.0, "saida": 186810.0, "pnl_bruto": 5.0, "pnl_liquido": 1.0, "duracao_s": 1.29, "motivo": "imbalance_inverteu", "imbalance_entrada": 0.871, "imbalance_saida": -0.019, "pnl_dia": -22.0, "bloqueado": null, "codigo": "replay:2026-09-23", "config_sha": "538457d8a0d0", "event": "ea.micro.saida", "level": "info", "timestamp": "2026-09-25T04:30:57.568942Z"}
{"acao": "comprar", "motivo": "imbalance=+0.61 persistiu 300ms", "sinal": 0.608, "feature": "microprice", "event": "ea.decisao_dry_run", "level": "info", "timestamp": "2026-09-25T04:30:57.571897Z"}
{"nome": "ea_microprice", "lado": 1, "preco": 186825.0, "preco_topo": 186825.0, "imbalance": 0.608, "micro": 186824.02, "spread": 5.0, "codigo": "replay:2026-09-23", "config_sha": "538457d8a0d0", "event": "ea.micro.entrada", "level": "info", "timestamp": "2026-09-25T04:30:57.571965Z"}
{"acao": "zerar", "motivo": "stop", "sinal": 0.0, "feature": "microprice", "event": "ea.decisao_dry_run", "level": "info", "timestamp": "2026-09-25T04:30:57.572623Z"}
{"nome": "ea_microprice", "lado": 1, "entrada": 186825.0, "saida": 186810.0, "pnl_bruto": -15.0, "pnl_liquido": -19.0, "duracao_s": 3.23, "motivo": "stop", "imbalance_entrada": 0.608, "imbalance_saida": 1.0, "pnl_dia": -41.0, "bloqueado": null, "codigo": "replay:2026-09-23", "config_sha": "538457d8a0d0", "event": "ea.micro.saida", "level": "info", "timestamp": "2026-09-25T04:30:57.572691Z"}
{"acao": "comprar", "motivo": "imbalance=+0.95 persistiu 300ms", "sinal": 0.953, "feature": "microprice", "event": "ea.decisao_dry_run", "level": "info", "timestamp": "2026-09-25T04:30:57.573662Z"}
{"nome": "ea_microprice", "lado": 1, "preco": 186820.0, "preco_topo": 186820.0, "imbalance": 0.953, "micro": 186819.88, "spread": 5.0, "codigo": "replay:2026-09-23", "config_sha": "538457d8a0d0", "event": "ea.micro.entrada", "level": "info", "timestamp": "2026-09-25T04:30:57.573723Z"}
{"acao": "zerar", "motivo": "stop", "sinal": 0.0, "feature": "microprice", "event": "ea.decisao_dry_run", "level": "info", "timestamp": "2026-09-25T04:30:57.573883Z"}
{"nome": "ea_microprice", "lado": 1, "entrada": 186820.0, "saida": 186805.0, "pnl_bruto": -15.0, "pnl_liquido": -19.0, "duracao_s": 0.51, "motivo": "stop", "imbalance_entrada": 0.953, "imbalance_saida": -0.474, "pnl_dia": -60.0, "bloqueado": null, "codigo": "replay:2026-09-23", "config_sha": "538457d8a0d0", "event": "ea.micro.saida", "level": "info", "timestamp": "2026-09-25T04:30:57.573948Z"}
{"acao": "vender", "motivo": "imbalance=-0.79 persistiu 300ms", "sinal": -0.787, "feature": "microprice", "event": "ea.decisao_dry_run", "level": "info", "timestamp": "2026-09-25T04:30:57.580924Z"}
{"nome": "ea_microprice", "lado": -1, "preco": 186805.0, "preco_topo": 186805.0, "imbalance": -0.787, "micro": 186805.53, "spread": 5.0, "codigo": "replay:2026-09-23", "config_sha": "538457d8a0d0", "event": "ea.micro.entrada", "level": "info", "timestamp": "2026-09-25T04:30:57.580994Z"}
{"acao": "zerar", "motivo": "alvo", "sinal": 0.0, "feature": "microprice", "event": "ea.decisao_dry_run", "level": "info", "timestamp": "2026-09-25T04:30:57.581235Z"}
{"nome": "ea_microprice", "lado": -1, "entrada": 186805.0, "saida": 186790.0, "pnl_bruto": 15.0, "pnl_liquido": 11.0, "duracao_s": 0.7, "motivo": "alvo", "imbalance_entrada": -0.787, "imbalance_saida": 0.473, "pnl_dia": -49.0, "bloqueado": null, "codigo": "replay:2026-09-23", "config_sha": "538457d8a0d0", "event": "ea.micro.saida", "level": "info", "timestamp": "2026-09-25T04:30:57.581300Z"}
{"acao": "vender", "motivo": "imbalance=-0.77 persistiu 300ms", "sinal": -0.767, "feature": "microprice", "event": "ea.decisao_dry_run", "level": "info", "timestamp": "2026-09-25T04:30:57.582090Z"}
{"nome": "ea_microprice", "lado": -1, "preco": 186815.0, "preco_topo": 186815.0, "imbalance": -0.767, "micro": 186815.58, "spread": 5.0, "codigo": "replay:2026-09-23", "config_sha": "538457d8a0d0", "event": "ea.micro.entrada", "level": "info", "timestamp": "2026-09-25T04:30:57.582149Z"}
{"acao": "zerar", "motivo": "stop", "sinal": 0.0, "feature": "microprice", "event": "ea.decisao_dry_run", "level": "info", "timestamp": "2026-09-25T04:30:57.582256Z"}
{"nome": "ea_microprice", "lado": -1, "entrada": 186815.0, "saida": 186835.0, "pnl_bruto": -20.0, "pnl_liquido": -24.0, "duracao_s": 0.26, "motivo": "stop", "imbalance_entrada": -0.767, "imbalance_saida": 0.772, "pnl_dia": -73.0, "bloqueado": null, "codigo": "replay:2026-09-23", "config_sha": "538457d8a0d0", "event": "ea.micro.saida", "level": "info", "timestamp": "2026-09-25T04:30:57.582321Z"}
{"acao": "vender", "motivo": "imbalance=-0.89 persistiu 300ms", "sinal": -0.895, "feature": "microprice", "event": "ea.decisao_dry_run", "level": "info", "timestamp": "2026-09-25T04:30:57.584695Z"}
{"nome": "ea_microprice", "lado": -1, "preco": 186835.0, "preco_topo": 186835.0, "imbalance": -0.895, "micro": 186835.26, "spread": 5.0, "codigo": "replay:2026-09-23", "config_sha": "538457d8a0d0", "event": "ea.micro.entrada", "level": "info", "timestamp": "2026-09-25T04:30:57.584757Z"}
{"acao": "zerar", "motivo": "stop", "sinal": 0.0, "feature": "microprice", "event": "ea.decisao_dry_run", "level": "info", "timestamp": "2026-09-25T04:30:57.585058Z"}
{"nome": "ea_microprice", "lado": -1, "entrada": 186835.0, "saida": 186850.0, "pnl_bruto": -15.0, "pnl_liquido": -19.0, "duracao_s": 0.87, "motivo": "stop", "imbalance_entrada": -0.895, "imbalance_saida": 0.432, "pnl_dia": -92.0, "bloqueado": null, "codigo": "replay:2026-09-23", "config_sha": "538457d8a0d0", "event": "ea.micro.saida", "level": "info", "timestamp": "2026-09-25T04:30:57.585122Z"}
{"acao": "comprar", "motivo": "imbalance=+0.68 persistiu 300ms", "sinal": 0.682, "feature": "microprice", "event": "ea.decisao_dry_run", "level": "info", "timestamp": "2026-09-25T04:30:57.587755Z"}
{"nome": "ea_microprice", "lado": 1, "preco": 186815.0, "preco_topo": 186815.0, "imbalance": 0.682, "micro": 186814.2, "spread": 5.0, "codigo": "replay:2026-09-23", "config_sha": "538457d8a0d0", "event": "ea.micro.entrada", "level": "info", "timestamp": "2026-09-25T04:30:57.587816Z"}
{"acao": "zerar", "motivo": "imbalance_inverteu", "sinal": 0.0, "feature": "microprice", "event": "ea.decisao_dry_run", "level": "info", "timestamp": "2026-09-25T04:30:57.588048Z"}
{"nome": "ea_microprice", "lado": 1, "entrada": 186815.0, "saida": 186825.0, "pnl_bruto": 10.0, "pnl_liquido": 6.0, "duracao_s": 1.56, "motivo": "imbalance_inverteu", "imbalance_entrada": 0.682, "imbalance_saida": -0.808, "pnl_dia": -86.0, "bloqueado": null, "codigo": "replay:2026-09-23", "config_sha": "538457d8a0d0", "event": "ea.micro.saida", "level": "info", "timestamp": "2026-09-25T04:30:57.588114Z"}
{"acao": "comprar", "motivo": "imbalance=+0.60 persistiu 300ms", "sinal": 0.6, "feature": "microprice", "event": "ea.decisao_dry_run", "level": "info", "timestamp": "2026-09-25T04:30:57.593497Z"}
{"nome": "ea_microprice", "lado": 1, "preco": 186790.0, "preco_topo": 186790.0, "imbalance": 0.6, "micro": 186789.0, "spread": 5.0, "codigo": "replay:2026-09-23", "config_sha": "538457d8a0d0", "event": "ea.micro.entrada", "level": "info", "timestamp": "2026-09-25T04:30:57.593575Z"}
{"acao": "zerar", "motivo": "stop", "sinal": 0.0, "feature": "microprice", "event": "ea.decisao_dry_run", "level": "info", "timestamp": "2026-09-25T04:30:57.593944Z"}
{"nome": "ea_microprice", "lado": 1, "entrada": 186790.0, "saida": 186775.0, "pnl_bruto": -15.0, "pnl_liquido": -19.0, "duracao_s": 1.45, "motivo": "stop", "imbalance_entrada": 0.6, "imbalance_saida": 0.087, "pnl_dia": -105.0, "bloqueado": null, "codigo": "replay:2026-09-23", "config_sha": "538457d8a0d0", "event": "ea.micro.saida", "level": "info", "timestamp": "2026-09-25T04:30:57.594009Z"}
{"acao": "comprar", "motivo": "imbalance=+0.67 persistiu 300ms", "sinal": 0.671, "feature": "microprice", "event": "ea.decisao_dry_run", "level": "info", "timestamp": "2026-09-25T04:30:57.594969Z"}
{"nome": "ea_microprice", "lado": 1, "preco": 186750.0, "preco_topo": 186750.0, "imbalance": 0.671, "micro": 186749.18, "spread": 5.0, "codigo": "replay:2026-09-23", "config_sha": "538457d8a0d0", "event": "ea.micro.entrada", "level": "info", "timestamp": "2026-09-25T04:30:57.595032Z"}
{"acao": "zerar", "motivo": "imbalance_inverteu", "sinal": 0.0, "feature": "microprice", "event": "ea.decisao_dry_run", "level": "info", "timestamp": "2026-09-25T04:30:57.595170Z"}
{"nome": "ea_microprice", "lado": 1, "entrada": 186750.0, "saida": 186745.0, "pnl_bruto": -5.0, "pnl_liquido": -9.0, "duracao_s": 0.63, "motivo": "imbalance_inverteu", "imbalance_entrada": 0.671, "imbalance_saida": -0.621, "pnl_dia": -114.0, "bloqueado": null, "codigo": "replay:2026-09-23", "config_sha": "538457d8a0d0", "event": "ea.micro.saida", "level": "info", "timestamp": "2026-09-25T04:30:57.595234Z"}
{"acao": "comprar", "motivo": "imbalance=+0.63 persistiu 300ms", "sinal": 0.63, "feature": "microprice", "event": "ea.decisao_dry_run", "level": "info", "timestamp": "2026-09-25T04:30:57.600712Z"}
{"nome": "ea_microprice", "lado": 1, "preco": 186760.0, "preco_topo": 186760.0, "imbalance": 0.63, "micro": 186759.07, "spread": 5.0, "codigo": "replay:2026-09-23", "config_sha": "538457d8a0d0", "event": "ea.micro.entrada", "level": "info", "timestamp": "2026-09-25T04:30:57.600779Z"}
{"acao": "zerar", "motivo": "imbalance_inverteu", "sinal": 0.0, "feature": "microprice", "event": "ea.decisao_dry_run", "level": "info", "timestamp": "2026-09-25T04:30:57.600957Z"}
{"nome": "ea_microprice", "lado": 1, "entrada": 186760.0, "saida": 186755.0, "pnl_bruto": -5.0, "pnl_liquido": -9.0, "duracao_s": 0.76, "motivo": "imbalance_inverteu", "imbalance_entrada": 0.63, "imbalance_saida": -0.51, "pnl_dia": -123.0, "bloqueado": null, "codigo": "replay:2026-09-23", "config_sha": "538457d8a0d0", "event": "ea.micro.saida", "level": "info", "timestamp": "2026-09-25T04:30:57.601021Z"}
{"acao": "vender", "motivo": "imbalance=-0.63 persistiu 300ms", "sinal": -0.63, "feature": "microprice", "event": "ea.decisao_dry_run", "level": "info", "timestamp": "2026-09-25T04:30:57.601782Z"}
{"nome": "ea_microprice", "lado": -1, "preco": 186765.0, "preco_topo": 186765.0, "imbalance": -0.63, "micro": 186765.93, "spread": 5.0, "codigo": "replay:2026-09-23", "config_sha": "538457d8a0d0", "event": "ea.micro.entrada", "level": "info", "timestamp": "2026-09-25T04:30:57.601842Z"}
{"acao": "zerar", "motivo": "stop", "sinal": 0.0, "feature": "microprice", "event": "ea.decisao_dry_run", "level": "info", "timestamp": "2026-09-25T04:30:57.601974Z"}
{"nome": "ea_microprice", "lado": -1, "entrada": 186765.0, "saida": 186780.0, "pnl_bruto": -15.0, "pnl_liquido": -19.0, "duracao_s": 0.74, "motivo": "stop", "imbalance_entrada": -0.63, "imbalance_saida": -0.745, "pnl_dia": -142.0, "bloqueado": null, "codigo": "replay:2026-09-23", "config_sha": "538457d8a0d0", "event": "ea.micro.saida", "level": "info", "timestamp": "2026-09-25T04:30:57.602045Z"}
{"acao": "comprar", "motivo": "imbalance=+0.85 persistiu 300ms", "sinal": 0.846, "feature": "microprice", "event": "ea.decisao_dry_run", "level": "info", "timestamp": "2026-09-25T04:30:57.602758Z"}
{"nome": "ea_microprice", "lado": 1, "preco": 186775.0, "preco_topo": 186775.0, "imbalance": 0.846, "micro": 186774.62, "spread": 5.0, "codigo": "replay:2026-09-23", "config_sha": "538457d8a0d0", "event": "ea.micro.entrada", "level": "info", "timestamp": "2026-09-25T04:30:57.602818Z"}
{"acao": "zerar", "motivo": "imbalance_inverteu", "sinal": 0.0, "feature": "microprice", "event": "ea.decisao_dry_run", "level": "info", "timestamp": "2026-09-25T04:30:57.603076Z"}
{"nome": "ea_microprice", "lado": 1, "entrada": 186775.0, "saida": 186770.0, "pnl_bruto": -5.0, "pnl_liquido": -9.0, "duracao_s": 1.09, "motivo": "imbalance_inverteu", "imbalance_entrada": 0.846, "imbalance_saida": -0.348, "pnl_dia": -151.0, "bloqueado": null, "codigo": "replay:2026-09-23", "config_sha": "538457d8a0d0", "event": "ea.micro.saida", "level": "info", "timestamp": "2026-09-25T04:30:57.603140Z"}
{"acao": "comprar", "motivo": "imbalance=+0.95 persistiu 300ms", "sinal": 0.947, "feature": "microprice", "event": "ea.decisao_dry_run", "level": "info", "timestamp": "2026-09-25T04:30:57.603860Z"}
{"nome": "ea_microprice", "lado": 1, "preco": 186780.0, "preco_topo": 186780.0, "imbalance": 0.947, "micro": 186779.87, "spread": 5.0, "codigo": "replay:2026-09-23", "config_sha": "538457d8a0d0", "event": "ea.micro.entrada", "level": "info", "timestamp": "2026-09-25T04:30:57.603921Z"}
{"acao": "zerar", "motivo": "imbalance_inverteu", "sinal": 0.0, "feature": "microprice", "event": "ea.decisao_dry_run", "level": "info", "timestamp": "2026-09-25T04:30:57.604503Z"}
{"nome": "ea_microprice", "lado": 1, "entrada": 186780.0, "saida": 186785.0, "pnl_bruto": 5.0, "pnl_liquido": 1.0, "duracao_s": 3.2, "motivo": "imbalance_inverteu", "imbalance_entrada": 0.947, "imbalance_saida": -0.807, "pnl_dia": -150.0, "bloqueado": null, "codigo": "replay:2026-09-23", "config_sha": "538457d8a0d0", "event": "ea.micro.saida", "level": "info", "timestamp": "2026-09-25T04:30:57.604567Z"}
{"acao": "comprar", "motivo": "imbalance=+0.76 persistiu 300ms", "sinal": 0.755, "feature": "microprice", "event": "ea.decisao_dry_run", "level": "info", "timestamp": "2026-09-25T04:30:57.605089Z"}
{"nome": "ea_microprice", "lado": 1, "preco": 186785.0, "preco_topo": 186785.0, "imbalance": 0.755, "micro": 186784.39, "spread": 5.0, "codigo": "replay:2026-09-23", "config_sha": "538457d8a0d0", "event": "ea.micro.entrada", "level": "info", "timestamp": "2026-09-25T04:30:57.605148Z"}
{"acao": "zerar", "motivo": "stop", "sinal": 0.0, "feature": "microprice", "event": "ea.decisao_dry_run", "level": "info", "timestamp": "2026-09-25T04:30:57.605539Z"}
{"nome": "ea_microprice", "lado": 1, "entrada": 186785.0, "saida": 186770.0, "pnl_bruto": -15.0, "pnl_liquido": -19.0, "duracao_s": 1.44, "motivo": "stop", "imbalance_entrada": 0.755, "imbalance_saida": 0.421, "pnl_dia": -169.0, "bloqueado": null, "codigo": "replay:2026-09-23", "config_sha": "538457d8a0d0", "event": "ea.micro.saida", "level": "info", "timestamp": "2026-09-25T04:30:57.605602Z"}
{"acao": "vender", "motivo": "imbalance=-0.91 persistiu 300ms", "sinal": -0.91, "feature": "microprice", "event": "ea.decisao_dry_run", "level": "info", "timestamp": "2026-09-25T04:30:57.606343Z"}
{"nome": "ea_microprice", "lado": -1, "preco": 186790.0, "preco_topo": 186790.0, "imbalance": -0.91, "micro": 186790.23, "spread": 5.0, "codigo": "replay:2026-09-23", "config_sha": "538457d8a0d0", "event": "ea.micro.entrada", "level": "info", "timestamp": "2026-09-25T04:30:57.606402Z"}
{"acao": "zerar", "motivo": "alvo", "sinal": 0.0, "feature": "microprice", "event": "ea.decisao_dry_run", "level": "info", "timestamp": "2026-09-25T04:30:57.606526Z"}
{"nome": "ea_microprice", "lado": -1, "entrada": 186790.0, "saida": 186775.0, "pnl_bruto": 15.0, "pnl_liquido": 11.0, "duracao_s": 0.28, "motivo": "alvo", "imbalance_entrada": -0.91, "imbalance_saida": 0.808, "pnl_dia": -158.0, "bloqueado": null, "codigo": "replay:2026-09-23", "config_sha": "538457d8a0d0", "event": "ea.micro.saida", "level": "info", "timestamp": "2026-09-25T04:30:57.606588Z"}
{"acao": "comprar", "motivo": "imbalance=+0.77 persistiu 300ms", "sinal": 0.77, "feature": "microprice", "event": "ea.decisao_dry_run", "level": "info", "timestamp": "2026-09-25T04:30:57.607073Z"}
{"nome": "ea_microprice", "lado": 1, "preco": 186770.0, "preco_topo": 186770.0, "imbalance": 0.77, "micro": 186769.43, "spread": 5.0, "codigo": "replay:2026-09-23", "config_sha": "538457d8a0d0", "event": "ea.micro.entrada", "level": "info", "timestamp": "2026-09-25T04:30:57.607132Z"}
{"acao": "zerar", "motivo": "stop", "sinal": 0.0, "feature": "microprice", "event": "ea.decisao_dry_run", "level": "info", "timestamp": "2026-09-25T04:30:57.609221Z"}
{"nome": "ea_microprice", "lado": 1, "entrada": 186770.0, "saida": 186755.0, "pnl_bruto": -15.0, "pnl_liquido": -19.0, "duracao_s": 12.47, "motivo": "stop", "imbalance_entrada": 0.77, "imbalance_saida": 0.649, "pnl_dia": -177.0, "bloqueado": null, "codigo": "replay:2026-09-23", "config_sha": "538457d8a0d0", "event": "ea.micro.saida", "level": "info", "timestamp": "2026-09-25T04:30:57.609294Z"}
{"acao": "vender", "motivo": "imbalance=-0.65 persistiu 300ms", "sinal": -0.652, "feature": "microprice", "event": "ea.decisao_dry_run", "level": "info", "timestamp": "2026-09-25T04:30:57.610948Z"}
{"nome": "ea_microprice", "lado": -1, "preco": 186745.0, "preco_topo": 186745.0, "imbalance": -0.652, "micro": 186745.87, "spread": 5.0, "codigo": "replay:2026-09-23", "config_sha": "538457d8a0d0", "event": "ea.micro.entrada", "level": "info", "timestamp": "2026-09-25T04:30:57.611010Z"}
{"acao": "zerar", "motivo": "imbalance_inverteu", "sinal": 0.0, "feature": "microprice", "event": "ea.decisao_dry_run", "level": "info", "timestamp": "2026-09-25T04:30:57.611284Z"}
{"nome": "ea_microprice", "lado": -1, "entrada": 186745.0, "saida": 186745.0, "pnl_bruto": -0.0, "pnl_liquido": -4.0, "duracao_s": 1.62, "motivo": "imbalance_inverteu", "imbalance_entrada": -0.652, "imbalance_saida": 0.333, "pnl_dia": -181.0, "bloqueado": null, "codigo": "replay:2026-09-23", "config_sha": "538457d8a0d0", "event": "ea.micro.saida", "level": "info", "timestamp": "2026-09-25T04:30:57.611347Z"}
{"acao": "vender", "motivo": "imbalance=-0.70 persistiu 300ms", "sinal": -0.705, "feature": "microprice", "event": "ea.decisao_dry_run", "level": "info", "timestamp": "2026-09-25T04:30:57.614891Z"}
{"nome": "ea_microprice", "lado": -1, "preco": 186660.0, "preco_topo": 186660.0, "imbalance": -0.705, "micro": 186660.74, "spread": 5.0, "codigo": "replay:2026-09-23", "config_sha": "538457d8a0d0", "event": "ea.micro.entrada", "level": "info", "timestamp": "2026-09-25T04:30:57.614952Z"}
{"acao": "zerar", "motivo": "stop", "sinal": 0.0, "feature": "microprice", "event": "ea.decisao_dry_run", "level": "info", "timestamp": "2026-09-25T04:30:57.615057Z"}
{"nome": "ea_microprice", "lado": -1, "entrada": 186660.0, "saida": 186675.0, "pnl_bruto": -15.0, "pnl_liquido": -19.0, "duracao_s": 0.19, "motivo": "stop", "imbalance_entrada": -0.705, "imbalance_saida": -0.733, "pnl_dia": -200.0, "bloqueado": null, "codigo": "replay:2026-09-23", "config_sha": "538457d8a0d0", "event": "ea.micro.saida", "level": "info", "timestamp": "2026-09-25T04:30:57.615120Z"}
{"acao": "vender", "motivo": "imbalance=-0.85 persistiu 300ms", "sinal": -0.846, "feature": "microprice", "event": "ea.decisao_dry_run", "level": "info", "timestamp": "2026-09-25T04:30:57.620090Z"}
{"nome": "ea_microprice", "lado": -1, "preco": 186630.0, "preco_topo": 186630.0, "imbalance": -0.846, "micro": 186630.38, "spread": 5.0, "codigo": "replay:2026-09-23", "config_sha": "538457d8a0d0", "event": "ea.micro.entrada", "level": "info", "timestamp": "2026-09-25T04:30:57.620154Z"}
{"acao": "zerar", "motivo": "stop", "sinal": 0.0, "feature": "microprice", "event": "ea.decisao_dry_run", "level": "info", "timestamp": "2026-09-25T04:30:57.620369Z"}
{"nome": "ea_microprice", "lado": -1, "entrada": 186630.0, "saida": 186650.0, "pnl_bruto": -20.0, "pnl_liquido": -24.0, "duracao_s": 0.68, "motivo": "stop", "imbalance_entrada": -0.846, "imbalance_saida": -0.624, "pnl_dia": -224.0, "bloqueado": null, "codigo": "replay:2026-09-23", "config_sha": "538457d8a0d0", "event": "ea.micro.saida", "level": "info", "timestamp": "2026-09-25T04:30:57.620433Z"}
{"acao": "vender", "motivo": "imbalance=-0.60 persistiu 300ms", "sinal": -0.6, "feature": "microprice", "event": "ea.decisao_dry_run", "level": "info", "timestamp": "2026-09-25T04:30:57.620995Z"}
{"nome": "ea_microprice", "lado": -1, "preco": 186640.0, "preco_topo": 186640.0, "imbalance": -0.6, "micro": 186641.0, "spread": 5.0, "codigo": "replay:2026-09-23", "config_sha": "538457d8a0d0", "event": "ea.micro.entrada", "level": "info", "timestamp": "2026-09-25T04:30:57.621054Z"}
{"acao": "zerar", "motivo": "imbalance_inverteu", "sinal": 0.0, "feature": "microprice", "event": "ea.decisao_dry_run", "level": "info", "timestamp": "2026-09-25T04:30:57.621435Z"}
{"nome": "ea_microprice", "lado": -1, "entrada": 186640.0, "saida": 186630.0, "pnl_bruto": 10.0, "pnl_liquido": 6.0, "duracao_s": 1.38, "motivo": "imbalance_inverteu", "imbalance_entrada": -0.6, "imbalance_saida": 1.0, "pnl_dia": -218.0, "bloqueado": null, "codigo": "replay:2026-09-23", "config_sha": "538457d8a0d0", "event": "ea.micro.saida", "level": "info", "timestamp": "2026-09-25T04:30:57.621498Z"}
{"acao": "comprar", "motivo": "imbalance=+0.76 persistiu 300ms", "sinal": 0.763, "feature": "microprice", "event": "ea.decisao_dry_run", "level": "info", "timestamp": "2026-09-25T04:30:57.621975Z"}
{"nome": "ea_microprice", "lado": 1, "preco": 186625.0, "preco_topo": 186625.0, "imbalance": 0.763, "micro": 186624.41, "spread": 5.0, "codigo": "replay:2026-09-23", "config_sha": "538457d8a0d0", "event": "ea.micro.entrada", "level": "info", "timestamp": "2026-09-25T04:30:57.622036Z"}
{"acao": "zerar", "motivo": "alvo", "sinal": 0.0, "feature": "microprice", "event": "ea.decisao_dry_run", "level": "info", "timestamp": "2026-09-25T04:30:57.622328Z"}
{"nome": "ea_microprice", "lado": 1, "entrada": 186625.0, "saida": 186645.0, "pnl_bruto": 20.0, "pnl_liquido": 16.0, "duracao_s": 0.98, "motivo": "alvo", "imbalance_entrada": 0.763, "imbalance_saida": -0.764, "pnl_dia": -202.0, "bloqueado": null, "codigo": "replay:2026-09-23", "config_sha": "538457d8a0d0", "event": "ea.micro.saida", "level": "info", "timestamp": "2026-09-25T04:30:57.622392Z"}
{"acao": "comprar", "motivo": "imbalance=+0.75 persistiu 300ms", "sinal": 0.75, "feature": "microprice", "event": "ea.decisao_dry_run", "level": "info", "timestamp": "2026-09-25T04:30:57.625225Z"}
{"nome": "ea_microprice", "lado": 1, "preco": 186670.0, "preco_topo": 186670.0, "imbalance": 0.75, "micro": 186669.38, "spread": 5.0, "codigo": "replay:2026-09-23", "config_sha": "538457d8a0d0", "event": "ea.micro.entrada", "level": "info", "timestamp": "2026-09-25T04:30:57.625299Z"}
{"acao": "zerar", "motivo": "alvo", "sinal": 0.0, "feature": "microprice", "event": "ea.decisao_dry_run", "level": "info", "timestamp": "2026-09-25T04:30:57.626353Z"}
{"nome": "ea_microprice", "lado": 1, "entrada": 186670.0, "saida": 186685.0, "pnl_bruto": 15.0, "pnl_liquido": 11.0, "duracao_s": 3.99, "motivo": "alvo", "imbalance_entrada": 0.75, "imbalance_saida": -0.353, "pnl_dia": -191.0, "bloqueado": null, "codigo": "replay:2026-09-23", "config_sha": "538457d8a0d0", "event": "ea.micro.saida", "level": "info", "timestamp": "2026-09-25T04:30:57.626420Z"}
{"acao": "vender", "motivo": "imbalance=-0.68 persistiu 300ms", "sinal": -0.677, "feature": "microprice", "event": "ea.decisao_dry_run", "level": "info", "timestamp": "2026-09-25T04:30:57.627962Z"}
{"nome": "ea_microprice", "lado": -1, "preco": 186685.0, "preco_topo": 186685.0, "imbalance": -0.677, "micro": 186685.81, "spread": 5.0, "codigo": "replay:2026-09-23", "config_sha": "538457d8a0d0", "event": "ea.micro.entrada", "level": "info", "timestamp": "2026-09-25T04:30:57.628023Z"}
{"acao": "zerar", "motivo": "alvo", "sinal": 0.0, "feature": "microprice", "event": "ea.decisao_dry_run", "level": "info", "timestamp": "2026-09-25T04:30:57.628320Z"}
{"nome": "ea_microprice", "lado": -1, "entrada": 186685.0, "saida": 186670.0, "pnl_bruto": 15.0, "pnl_liquido": 11.0, "duracao_s": 1.14, "motivo": "alvo", "imbalance_entrada": -0.677, "imbalance_saida": 0.859, "pnl_dia": -180.0, "bloqueado": null, "codigo": "replay:2026-09-23", "config_sha": "538457d8a0d0", "event": "ea.micro.saida", "level": "info", "timestamp": "2026-09-25T04:30:57.628385Z"}
{"acao": "comprar", "motivo": "imbalance=+0.81 persistiu 300ms", "sinal": 0.812, "feature": "microprice", "event": "ea.decisao_dry_run", "level": "info", "timestamp": "2026-09-25T04:30:57.629515Z"}
{"nome": "ea_microprice", "lado": 1, "preco": 186660.0, "preco_topo": 186660.0, "imbalance": 0.812, "micro": 186659.53, "spread": 5.0, "codigo": "replay:2026-09-23", "config_sha": "538457d8a0d0", "event": "ea.micro.entrada", "level": "info", "timestamp": "2026-09-25T04:30:57.629579Z"}
{"acao": "zerar", "motivo": "stop", "sinal": 0.0, "feature": "microprice", "event": "ea.decisao_dry_run", "level": "info", "timestamp": "2026-09-25T04:30:57.629740Z"}
{"nome": "ea_microprice", "lado": 1, "entrada": 186660.0, "saida": 186640.0, "pnl_bruto": -20.0, "pnl_liquido": -24.0, "duracao_s": 0.52, "motivo": "stop", "imbalance_entrada": 0.812, "imbalance_saida": 0.014, "pnl_dia": -204.0, "bloqueado": null, "codigo": "replay:2026-09-23", "config_sha": "538457d8a0d0", "event": "ea.micro.saida", "level": "info", "timestamp": "2026-09-25T04:30:57.629806Z"}
{"acao": "comprar", "motivo": "imbalance=+0.74 persistiu 300ms", "sinal": 0.736, "feature": "microprice", "event": "ea.decisao_dry_run", "level": "info", "timestamp": "2026-09-25T04:30:57.640001Z"}
{"nome": "ea_microprice", "lado": 1, "preco": 186650.0, "preco_topo": 186650.0, "imbalance": 0.736, "micro": 186649.34, "spread": 5.0, "codigo": "replay:2026-09-23", "config_sha": "538457d8a0d0", "event": "ea.micro.entrada", "level": "info", "timestamp": "2026-09-25T04:30:57.640067Z"}
{"acao": "zerar", "motivo": "stop", "sinal": 0.0, "feature": "microprice", "event": "ea.decisao_dry_run", "level": "info", "timestamp": "2026-09-25T04:30:57.640239Z"}
{"nome": "ea_microprice", "lado": 1, "entrada": 186650.0, "saida": 186635.0, "pnl_bruto": -15.0, "pnl_liquido": -19.0, "duracao_s": 0.62, "motivo": "stop", "imbalance_entrada": 0.736, "imbalance_saida": 0.927, "pnl_dia": -223.0, "bloqueado": null, "codigo": "replay:2026-09-23", "config_sha": "538457d8a0d0", "event": "ea.micro.saida", "level": "info", "timestamp": "2026-09-25T04:30:57.640305Z"}
{"acao": "comprar", "motivo": "imbalance=+0.61 persistiu 300ms", "sinal": 0.609, "feature": "microprice", "event": "ea.decisao_dry_run", "level": "info", "timestamp": "2026-09-25T04:30:57.642711Z"}
{"nome": "ea_microprice", "lado": 1, "preco": 186655.0, "preco_topo": 186655.0, "imbalance": 0.609, "micro": 186654.02, "spread": 5.0, "codigo": "replay:2026-09-23", "config_sha": "538457d8a0d0", "event": "ea.micro.entrada", "level": "info", "timestamp": "2026-09-25T04:30:57.642771Z"}
{"acao": "zerar", "motivo": "imbalance_inverteu", "sinal": 0.0, "feature": "microprice", "event": "ea.decisao_dry_run", "level": "info", "timestamp": "2026-09-25T04:30:57.643197Z"}
{"nome": "ea_microprice", "lado": 1, "entrada": 186655.0, "saida": 186665.0, "pnl_bruto": 10.0, "pnl_liquido": 6.0, "duracao_s": 1.87, "motivo": "imbalance_inverteu", "imbalance_entrada": 0.609, "imbalance_saida": -0.804, "pnl_dia": -217.0, "bloqueado": null, "codigo": "replay:2026-09-23", "config_sha": "538457d8a0d0", "event": "ea.micro.saida", "level": "info", "timestamp": "2026-09-25T04:30:57.643261Z"}
{"acao": "comprar", "motivo": "imbalance=+0.73 persistiu 300ms", "sinal": 0.731, "feature": "microprice", "event": "ea.decisao_dry_run", "level": "info", "timestamp": "2026-09-25T04:30:57.644149Z"}
{"nome": "ea_microprice", "lado": 1, "preco": 186640.0, "preco_topo": 186640.0, "imbalance": 0.731, "micro": 186639.33, "spread": 5.0, "codigo": "replay:2026-09-23", "config_sha": "538457d8a0d0", "event": "ea.micro.entrada", "level": "info", "timestamp": "2026-09-25T04:30:57.644209Z"}
{"acao": "zerar", "motivo": "stop", "sinal": 0.0, "feature": "microprice", "event": "ea.decisao_dry_run", "level": "info", "timestamp": "2026-09-25T04:30:57.644369Z"}
{"nome": "ea_microprice", "lado": 1, "entrada": 186640.0, "saida": 186625.0, "pnl_bruto": -15.0, "pnl_liquido": -19.0, "duracao_s": 0.9, "motivo": "stop", "imbalance_entrada": 0.731, "imbalance_saida": 0.478, "pnl_dia": -236.0, "bloqueado": null, "codigo": "replay:2026-09-23", "config_sha": "538457d8a0d0", "event": "ea.micro.saida", "level": "info", "timestamp": "2026-09-25T04:30:57.644432Z"}
{"acao": "comprar", "motivo": "imbalance=+0.70 persistiu 300ms", "sinal": 0.699, "feature": "microprice", "event": "ea.decisao_dry_run", "level": "info", "timestamp": "2026-09-25T04:30:57.645426Z"}
{"nome": "ea_microprice", "lado": 1, "preco": 186625.0, "preco_topo": 186625.0, "imbalance": 0.699, "micro": 186624.25, "spread": 5.0, "codigo": "replay:2026-09-23", "config_sha": "538457d8a0d0", "event": "ea.micro.entrada", "level": "info", "timestamp": "2026-09-25T04:30:57.645485Z"}
{"acao": "zerar", "motivo": "stop", "sinal": 0.0, "feature": "microprice", "event": "ea.decisao_dry_run", "level": "info", "timestamp": "2026-09-25T04:30:57.645753Z"}
{"nome": "ea_microprice", "lado": 1, "entrada": 186625.0, "saida": 186610.0, "pnl_bruto": -15.0, "pnl_liquido": -19.0, "duracao_s": 1.19, "motivo": "stop", "imbalance_entrada": 0.699, "imbalance_saida": -1.0, "pnl_dia": -255.0, "bloqueado": null, "codigo": "replay:2026-09-23", "config_sha": "538457d8a0d0", "event": "ea.micro.saida", "level": "info", "timestamp": "2026-09-25T04:30:57.645818Z"}
{"acao": "vender", "motivo": "imbalance=-0.79 persistiu 300ms", "sinal": -0.789, "feature": "microprice", "event": "ea.decisao_dry_run", "level": "info", "timestamp": "2026-09-25T04:30:57.647663Z"}
{"nome": "ea_microprice", "lado": -1, "preco": 186630.0, "preco_topo": 186630.0, "imbalance": -0.789, "micro": 186630.53, "spread": 5.0, "codigo": "replay:2026-09-23", "config_sha": "538457d8a0d0", "event": "ea.micro.entrada", "level": "info", "timestamp": "2026-09-25T04:30:57.647723Z"}
{"acao": "zerar", "motivo": "stop", "sinal": 0.0, "feature": "microprice", "event": "ea.decisao_dry_run", "level": "info", "timestamp": "2026-09-25T04:30:57.647992Z"}
{"nome": "ea_microprice", "lado": -1, "entrada": 186630.0, "saida": 186650.0, "pnl_bruto": -20.0, "pnl_liquido": -24.0, "duracao_s": 1.11, "motivo": "stop", "imbalance_entrada": -0.789, "imbalance_saida": -0.492, "pnl_dia": -279.0, "bloqueado": null, "codigo": "replay:2026-09-23", "config_sha": "538457d8a0d0", "event": "ea.micro.saida", "level": "info", "timestamp": "2026-09-25T04:30:57.648055Z"}
{"acao": "vender", "motivo": "imbalance=-0.93 persistiu 300ms", "sinal": -0.932, "feature": "microprice", "event": "ea.decisao_dry_run", "level": "info", "timestamp": "2026-09-25T04:30:57.649069Z"}
{"nome": "ea_microprice", "lado": -1, "preco": 186645.0, "preco_topo": 186645.0, "imbalance": -0.932, "micro": 186645.17, "spread": 5.0, "codigo": "replay:2026-09-23", "config_sha": "538457d8a0d0", "event": "ea.micro.entrada", "level": "info", "timestamp": "2026-09-25T04:30:57.649127Z"}
{"acao": "zerar", "motivo": "alvo", "sinal": 0.0, "feature": "microprice", "event": "ea.decisao_dry_run", "level": "info", "timestamp": "2026-09-25T04:30:57.650093Z"}
{"nome": "ea_microprice", "lado": -1, "entrada": 186645.0, "saida": 186630.0, "pnl_bruto": 15.0, "pnl_liquido": 11.0, "duracao_s": 4.56, "motivo": "alvo", "imbalance_entrada": -0.932, "imbalance_saida": -0.024, "pnl_dia": -268.0, "bloqueado": null, "codigo": "replay:2026-09-23", "config_sha": "538457d8a0d0", "event": "ea.micro.saida", "level": "info", "timestamp": "2026-09-25T04:30:57.650165Z"}
{"acao": "comprar", "motivo": "imbalance=+0.69 persistiu 300ms", "sinal": 0.693, "feature": "microprice", "event": "ea.decisao_dry_run", "level": "info", "timestamp": "2026-09-25T04:30:57.653915Z"}
{"nome": "ea_microprice", "lado": 1, "preco": 186595.0, "preco_topo": 186595.0, "imbalance": 0.693, "micro": 186594.23, "spread": 5.0, "codigo": "replay:2026-09-23", "config_sha": "538457d8a0d0", "event": "ea.micro.entrada", "level": "info", "timestamp": "2026-09-25T04:30:57.653977Z"}
{"acao": "zerar", "motivo": "stop", "sinal": 0.0, "feature": "microprice", "event": "ea.decisao_dry_run", "level": "info", "timestamp": "2026-09-25T04:30:57.654217Z"}
{"nome": "ea_microprice", "lado": 1, "entrada": 186595.0, "saida": 186580.0, "pnl_bruto": -15.0, "pnl_liquido": -19.0, "duracao_s": 0.58, "motivo": "stop", "imbalance_entrada": 0.693, "imbalance_saida": 0.829, "pnl_dia": -287.0, "bloqueado": null, "codigo": "replay:2026-09-23", "config_sha": "538457d8a0d0", "event": "ea.micro.saida", "level": "info", "timestamp": "2026-09-25T04:30:57.654281Z"}
{"acao": "vender", "motivo": "imbalance=-0.66 persistiu 300ms", "sinal": -0.662, "feature": "microprice", "event": "ea.decisao_dry_run", "level": "info", "timestamp": "2026-09-25T04:30:57.658088Z"}
{"nome": "ea_microprice", "lado": -1, "preco": 186625.0, "preco_topo": 186625.0, "imbalance": -0.662, "micro": 186625.85, "spread": 5.0, "codigo": "replay:2026-09-23", "config_sha": "538457d8a0d0", "event": "ea.micro.entrada", "level": "info", "timestamp": "2026-09-25T04:30:57.658154Z"}
{"acao": "zerar", "motivo": "alvo", "sinal": 0.0, "feature": "microprice", "event": "ea.decisao_dry_run", "level": "info", "timestamp": "2026-09-25T04:30:57.658284Z"}
{"nome": "ea_microprice", "lado": -1, "entrada": 186625.0, "saida": 186605.0, "pnl_bruto": 20.0, "pnl_liquido": 16.0, "duracao_s": 0.5, "motivo": "alvo", "imbalance_entrada": -0.662, "imbalance_saida": 0.75, "pnl_dia": -271.0, "bloqueado": null, "codigo": "replay:2026-09-23", "config_sha": "538457d8a0d0", "event": "ea.micro.saida", "level": "info", "timestamp": "2026-09-25T04:30:57.658350Z"}
{"acao": "vender", "motivo": "imbalance=-0.73 persistiu 300ms", "sinal": -0.729, "feature": "microprice", "event": "ea.decisao_dry_run", "level": "info", "timestamp": "2026-09-25T04:30:57.659334Z"}
{"nome": "ea_microprice", "lado": -1, "preco": 186630.0, "preco_topo": 186630.0, "imbalance": -0.729, "micro": 186630.68, "spread": 5.0, "codigo": "replay:2026-09-23", "config_sha": "538457d8a0d0", "event": "ea.micro.entrada", "level": "info", "timestamp": "2026-09-25T04:30:57.659395Z"}
{"acao": "zerar", "motivo": "stop", "sinal": 0.0, "feature": "microprice", "event": "ea.decisao_dry_run", "level": "info", "timestamp": "2026-09-25T04:30:57.659573Z"}
{"nome": "ea_microprice", "lado": -1, "entrada": 186630.0, "saida": 186650.0, "pnl_bruto": -20.0, "pnl_liquido": -24.0, "duracao_s": 0.74, "motivo": "stop", "imbalance_entrada": -0.729, "imbalance_saida": -0.787, "pnl_dia": -295.0, "bloqueado": null, "codigo": "replay:2026-09-23", "config_sha": "538457d8a0d0", "event": "ea.micro.saida", "level": "info", "timestamp": "2026-09-25T04:30:57.659637Z"}
{"acao": "vender", "motivo": "imbalance=-0.76 persistiu 300ms", "sinal": -0.761, "feature": "microprice", "event": "ea.decisao_dry_run", "level": "info", "timestamp": "2026-09-25T04:30:57.661458Z"}
{"nome": "ea_microprice", "lado": -1, "preco": 186640.0, "preco_topo": 186640.0, "imbalance": -0.761, "micro": 186640.6, "spread": 5.0, "codigo": "replay:2026-09-23", "config_sha": "538457d8a0d0", "event": "ea.micro.entrada", "level": "info", "timestamp": "2026-09-25T04:30:57.661519Z"}
{"acao": "zerar", "motivo": "alvo", "sinal": 0.0, "feature": "microprice", "event": "ea.decisao_dry_run", "level": "info", "timestamp": "2026-09-25T04:30:57.661817Z"}
{"nome": "ea_microprice", "lado": -1, "entrada": 186640.0, "saida": 186615.0, "pnl_bruto": 25.0, "pnl_liquido": 21.0, "duracao_s": 1.69, "motivo": "alvo", "imbalance_entrada": -0.761, "imbalance_saida": 0.171, "pnl_dia": -274.0, "bloqueado": null, "codigo": "replay:2026-09-23", "config_sha": "538457d8a0d0", "event": "ea.micro.saida", "level": "info", "timestamp": "2026-09-25T04:30:57.661881Z"}
{"acao": "comprar", "motivo": "imbalance=+0.68 persistiu 300ms", "sinal": 0.679, "feature": "microprice", "event": "ea.decisao_dry_run", "level": "info", "timestamp": "2026-09-25T04:30:57.663193Z"}
{"nome": "ea_microprice", "lado": 1, "preco": 186615.0, "preco_topo": 186615.0, "imbalance": 0.679, "micro": 186614.2, "spread": 5.0, "codigo": "replay:2026-09-23", "config_sha": "538457d8a0d0", "event": "ea.micro.entrada", "level": "info", "timestamp": "2026-09-25T04:30:57.663252Z"}
{"acao": "zerar", "motivo": "alvo", "sinal": 0.0, "feature": "microprice", "event": "ea.decisao_dry_run", "level": "info", "timestamp": "2026-09-25T04:30:57.663760Z"}
{"nome": "ea_microprice", "lado": 1, "entrada": 186615.0, "saida": 186630.0, "pnl_bruto": 15.0, "pnl_liquido": 11.0, "duracao_s": 2.14, "motivo": "alvo", "imbalance_entrada": 0.679, "imbalance_saida": -0.706, "pnl_dia": -263.0, "bloqueado": null, "codigo": "replay:2026-09-23", "config_sha": "538457d8a0d0", "event": "ea.micro.saida", "level": "info", "timestamp": "2026-09-25T04:30:57.663823Z"}
{"acao": "comprar", "motivo": "imbalance=+0.62 persistiu 300ms", "sinal": 0.616, "feature": "microprice", "event": "ea.decisao_dry_run", "level": "info", "timestamp": "2026-09-25T04:30:57.668297Z"}
{"nome": "ea_microprice", "lado": 1, "preco": 186615.0, "preco_topo": 186615.0, "imbalance": 0.616, "micro": 186614.04, "spread": 5.0, "codigo": "replay:2026-09-23", "config_sha": "538457d8a0d0", "event": "ea.micro.entrada", "level": "info", "timestamp": "2026-09-25T04:30:57.668359Z"}
{"acao": "zerar", "motivo": "imbalance_inverteu", "sinal": 0.0, "feature": "microprice", "event": "ea.decisao_dry_run", "level": "info", "timestamp": "2026-09-25T04:30:57.668922Z"}
{"nome": "ea_microprice", "lado": 1, "entrada": 186615.0, "saida": 186620.0, "pnl_bruto": 5.0, "pnl_liquido": 1.0, "duracao_s": 2.01, "motivo": "imbalance_inverteu", "imbalance_entrada": 0.616, "imbalance_saida": -0.022, "pnl_dia": -262.0, "bloqueado": null, "codigo": "replay:2026-09-23", "config_sha": "538457d8a0d0", "event": "ea.micro.saida", "level": "info", "timestamp": "2026-09-25T04:30:57.668995Z"}
{"acao": "comprar", "motivo": "imbalance=+0.66 persistiu 300ms", "sinal": 0.662, "feature": "microprice", "event": "ea.decisao_dry_run", "level": "info", "timestamp": "2026-09-25T04:30:57.669727Z"}
{"nome": "ea_microprice", "lado": 1, "preco": 186630.0, "preco_topo": 186630.0, "imbalance": 0.662, "micro": 186629.15, "spread": 5.0, "codigo": "replay:2026-09-23", "config_sha": "538457d8a0d0", "event": "ea.micro.entrada", "level": "info", "timestamp": "2026-09-25T04:30:57.669786Z"}
{"acao": "zerar", "motivo": "imbalance_inverteu", "sinal": 0.0, "feature": "microprice", "event": "ea.decisao_dry_run", "level": "info", "timestamp": "2026-09-25T04:30:57.670029Z"}
{"nome": "ea_microprice", "lado": 1, "entrada": 186630.0, "saida": 186625.0, "pnl_bruto": -5.0, "pnl_liquido": -9.0, "duracao_s": 1.01, "motivo": "imbalance_inverteu", "imbalance_entrada": 0.662, "imbalance_saida": -0.41, "pnl_dia": -271.0, "bloqueado": null, "codigo": "replay:2026-09-23", "config_sha": "538457d8a0d0", "event": "ea.micro.saida", "level": "info", "timestamp": "2026-09-25T04:30:57.670091Z"}
{"acao": "comprar", "motivo": "imbalance=+0.73 persistiu 300ms", "sinal": 0.728, "feature": "microprice", "event": "ea.decisao_dry_run", "level": "info", "timestamp": "2026-09-25T04:30:57.670877Z"}
{"nome": "ea_microprice", "lado": 1, "preco": 186615.0, "preco_topo": 186615.0, "imbalance": 0.728, "micro": 186614.32, "spread": 5.0, "codigo": "replay:2026-09-23", "config_sha": "538457d8a0d0", "event": "ea.micro.entrada", "level": "info", "timestamp": "2026-09-25T04:30:57.670937Z"}
{"acao": "zerar", "motivo": "stop", "sinal": 0.0, "feature": "microprice", "event": "ea.decisao_dry_run", "level": "info", "timestamp": "2026-09-25T04:30:57.671077Z"}
{"nome": "ea_microprice", "lado": 1, "entrada": 186615.0, "saida": 186585.0, "pnl_bruto": -30.0, "pnl_liquido": -34.0, "duracao_s": 0.67, "motivo": "stop", "imbalance_entrada": 0.728, "imbalance_saida": -0.1, "pnl_dia": -305.0, "bloqueado": "perda do dia -305 pts", "codigo": "replay:2026-09-23", "config_sha": "538457d8a0d0", "event": "ea.micro.saida", "level": "info", "timestamp": "2026-09-25T04:30:57.671141Z"}
{"nome": "ea_microprice", "trades": 0, "sinais_sem_vaga": 0, "operacoes": 40, "pct_ganho": 37.5, "pnl_bruto_pts": -145.0, "pnl_liquido_pts": -305.0, "duracao_media_s": 1.59, "saidas": {"stop": 19, "imbalance_inverteu": 12, "alvo": 9}, "bloqueado": "perda do dia -305 pts", "passivas": {}, "avaliacoes_filtradas": {"sem_livro": 588, "livro_cruzado": 23703, "spread_largo": 41938, "topo_raso": 1881, "fora_da_janela": 46, "cooldown": 14, "bloqueado": 11759}, "posicionado": false, "sonda": {"gatilhos": 2770, "suprimidos_refratario": 1306, "spread_medio_pts": 5.0, "h1s": {"n": 2770, "media_pts": 1.32, "pct_a_favor": 39.0, "pct_contra": 24.1}, "h5s": {"n": 2770, "media_pts": 1.32, "pct_a_favor": 47.3, "pct_contra": 36.5}, "h30s": {"n": 2770, "media_pts": 2.35, "pct_a_favor": 48.0, "pct_contra": 45.5}}, "codigo": "replay:2026-09-23", "config_sha": "538457d8a0d0", "event": "ea.micro.resumo", "level": "warning", "timestamp": "2026-09-25T04:31:03.097301Z"}
{"dia": "2026-09-23", "episodios": 47114, "aberto_no_fim": true, "dur_ms_p50": 0.1, "dur_ms_p90": 2.6, "dur_ms_p99": 34.7, "dur_ms_max": 101329.5, "pct_ate_50ms": 99.3, "amostras": [{"ts_ns": 1790164502127438800, "lado_atualizado": 1, "bid": 207690.0, "qb": 500, "ask": 169930.0, "qa": 300, "idade_outro_lado_ms": 0.1}, {"ts_ns": 1790164502336476000, "lado_atualizado": 1, "bid": 169930.0, "qb": 1006, "ask": 169930.0, "qa": 4301, "idade_outro_lado_ms": 0.0}, {"ts_ns": 1790164502928993300, "lado_atualizado": 0, "bid": 207690.0, "qb": 9900, "ask": 207690.0, "qa": 8863, "idade_outro_lado_ms": 42.1}, {"ts_ns": 1790164503462604400, "lado_atualizado": 1, "bid": 169930.0, "qb": 13041, "ask": 169930.0, "qa": 13551, "idade_outro_lado_ms": 0.1}, {"ts_ns": 1790164506173282500, "lado_atualizado": 1, "bid": 169930.0, "qb": 15896, "ask": 169930.0, "qa": 20551, "idade_outro_lado_ms": 307.4}, {"ts_ns": 1790164532458207700, "lado_atualizado": 1, "bid": 169930.0, "qb": 42996, "ask": 169930.0, "qa": 45861, "idade_outro_lado_ms": 2095.0}, {"ts_ns": 1790164543301521800, "lado_atualizado": 0, "bid": 185430.0, "qb": 49619, "ask": 185430.0, "qa": 49614, "idade_outro_lado_ms": 224.4}, {"ts_ns": 1790164546663704000, "lado_atualizado": 0, "bid": 190630.0, "qb": 51299, "ask": 190630.0, "qa": 51316, "idade_outro_lado_ms": 237.7}, {"ts_ns": 1790164552459716300, "lado_atualizado": 1, "bid": 178000.0, "qb": 52531, "ask": 178000.0, "qa": 52913, "idade_outro_lado_ms": 0.1}, {"ts_ns": 1790164593301774400, "lado_atualizado": 1, "bid": 180000.0, "qb": 60906, "ask": 180000.0, "qa": 61875, "idade_outro_lado_ms": 328.3}], "event": "ea_micro_replay.cruzado", "level": "info", "timestamp": "2026-09-25T04:31:03.100847Z"}
