camada,stream,ativo,dia,arquivos,bytes,linhas,recv_min,recv_max,origem,ilegiveis
raw,book_offer,BOVA11,2026-10-02,34,144985079,,,,desconhecido,0
raw,book_offer,ITUB4,2026-10-02,35,108772347,,,,desconhecido,0
raw,book_offer,PETR4,2026-10-02,35,113054379,,,,desconhecido,0
raw,book_offer,VALE3,2026-10-02,33,108214567,,,,desconhecido,0
raw,book_offer,WDOFUT,2026-10-02,39,204924569,,,,desconhecido,0
raw,book_offer,WINFUT,2026-10-02,39,732950277,,,,desconhecido,0
raw,book_price,WINFUT,2026-10-02,39,422838620,,,,desconhecido,0
raw,tiny_book,BBAS3,2026-10-02,33,37262283,,,,desconhecido,0
raw,tiny_book,BOVA11,2026-10-02,33,46413794,,,,desconhecido,0
raw,tiny_book,ITUB4,2026-10-02,33,39362441,,,,desconhecido,0
raw,tiny_book,MGLU3,2026-10-02,33,26104197,,,,desconhecido,0
raw,tiny_book,PETR4,2026-10-02,34,36928427,,,,desconhecido,0
raw,tiny_book,PETRJ22,2026-10-02,29,17882640,,,,desconhecido,0
raw,tiny_book,PETRJ470,2026-10-02,29,17570247,,,,desconhecido,0
raw,tiny_book,PETRJ49,2026-10-02,29,18297455,,,,desconhecido,0
raw,tiny_book,PETRJ493,2026-10-02,29,17290387,,,,desconhecido,0
raw,tiny_book,PETRJ494,2026-10-02,29,18001773,,,,desconhecido,0
raw,tiny_book,PETRJ500,2026-10-02,32,18337864,,,,desconhecido,0
raw,tiny_book,PETRJ550,2026-10-02,30,14683408,,,,desconhecido,0
raw,tiny_book,PETRV22,2026-10-02,29,17618321,,,,desconhecido,0
raw,tiny_book,PETRV470,2026-10-02,28,7628400,,,,desconhecido,0
raw,tiny_book,PETRV480,2026-10-02,30,10020488,,,,desconhecido,0
raw,tiny_book,PETRV49,2026-10-02,30,15062371,,,,desconhecido,0
raw,tiny_book,PETRV494,2026-10-02,29,16748108,,,,desconhecido,0
raw,tiny_book,PETRV500,2026-10-02,31,18326457,,,,desconhecido,0
raw,tiny_book,PETRV550,2026-10-02,27,18973230,,,,desconhecido,0
raw,tiny_book,VALE3,2026-10-02,33,34193176,,,,desconhecido,0
raw,tiny_book,WDOFUT,2026-10-02,39,68255091,,,,desconhecido,0
raw,tiny_book,WDOX26,2026-10-02,39,68264899,,,,desconhecido,0
raw,tiny_book,WEGE3,2026-10-02,33,30762234,,,,desconhecido,0
raw,tiny_book,WINFUT,2026-10-02,39,91682366,,,,desconhecido,0
raw,trade,WDOFUT,2026-09-03,1,3137584,,,,desconhecido,0
raw,trade,WINV26,2026-09-03,1,33177197,,,,desconhecido,0
raw,trade,WINV26,2026-09-04,1,30447862,,,,desconhecido,0
raw,trade,WINV26,2026-09-08,1,34031446,,,,desconhecido,0
raw,trade,WINV26,2026-09-09,1,33542785,,,,desconhecido,0
raw,trade,WINV26,2026-09-10,1,35482946,,,,desconhecido,0
raw,trade,WINV26,2026-09-11,1,32421056,,,,desconhecido,0
raw,trade,WINV26,2026-09-14,1,34568470,,,,desconhecido,0
raw,trade,WINV26,2026-09-15,1,32192094,,,,desconhecido,0
raw,trade,WINV26,2026-09-16,1,33963939,,,,desconhecido,0
raw,trade,WINV26,2026-09-17,1,32473374,,,,desconhecido,0
raw,trade,WINV26,2026-09-18,1,28902710,,,,desconhecido,0
raw,trade,WINV26,2026-09-21,1,30012480,,,,desconhecido,0
raw,trade,WINV26,2026-09-22,1,31090292,,,,desconhecido,0
raw,trade,WINV26,2026-09-23,1,35187345,,,,desconhecido,0
raw,trade,WINV26,2026-09-24,1,34890530,,,,desconhecido,0
raw,trade,WINV26,2026-09-25,1,30783472,,,,desconhecido,0
raw,trade,WINV26,2026-09-28,1,31997848,,,,desconhecido,0
raw,trade,WINV26,2026-09-29,1,30711379,,,,desconhecido,0
raw,trade,WINV26,2026-09-30,1,37862093,,,,desconhecido,0
raw,trade,WINV26,2026-10-01,1,39237408,,,,desconhecido,0
raw,trade,WINV26,2026-10-02,1,44897237,,,,desconhecido,0
curated,trade,BBAS3,2026-07-24,1,297466,18075.0,1.7875342266207035e+18,1.7875342273762737e+18,importado,0
curated,trade,BOVA11,2026-07-24,1,476785,26475.0,1.787534227377521e+18,1.7875342283534418e+18,importado,0
curated,trade,ITUB4,2026-07-24,1,268673,17161.0,1.7875342283534623e+18,1.7875342289954798e+18,importado,0
curated,trade,MGLU3,2026-07-24,1,131854,8278.0,1.787534226345066e+18,1.7875342266206725e+18,importado,0
curated,trade,PETR4,2026-07-24,1,555242,36560.0,1.7875342297147203e+18,1.7875342310067604e+18,importado,0
curated,trade,VALE3,2026-07-24,1,332673,21188.0,1.787534228995513e+18,1.7875342297146929e+18,importado,0
curated,trade,WDOFUT,2026-07-24,1,4048701,404793.0,1.7875342166765942e+18,1.7875342256549952e+18,importado,0
curated,trade,WEGE3,2026-07-24,1,318955,20578.0,1.7875342256550162e+18,1.7875342263450345e+18,importado,0
curated,trade,WINFUT,2026-07-24,1,35822868,3917214.0,1.7874289604877683e+18,1.7874290965885366e+18,importado,0
curated,trade,BBAS3,2026-07-27,1,231134,14691.0,1.787534263236123e+18,1.7875342637385897e+18,importado,0
curated,trade,BOVA11,2026-07-27,1,1055362,58204.0,1.7875342637386217e+18,1.787534265859169e+18,importado,0
curated,trade,ITUB4,2026-07-27,1,361240,23417.0,1.7875342658592005e+18,1.787534266634891e+18,importado,0
curated,trade,MGLU3,2026-07-27,1,127737,7854.0,1.787534262962446e+18,1.7875342632360287e+18,importado,0
curated,trade,PETR4,2026-07-27,1,1101274,69766.0,1.787534267668099e+18,1.7875342700464305e+18,importado,0
curated,trade,VALE3,2026-07-27,1,440383,26874.0,1.7875342666349586e+18,1.7875342676680663e+18,importado,0
curated,trade,WDOFUT,2026-07-27,1,3808225,360788.0,1.7875342478288886e+18,1.7875342618792737e+18,importado,0
curated,trade,WEGE3,2026-07-27,1,486822,32338.0,1.7875342618793075e+18,1.7875342629624113e+18,importado,0
curated,trade,WINFUT,2026-07-27,1,35553240,3889802.0,1.787429271504252e+18,1.7874293994918318e+18,importado,0
curated,trade,BBAS3,2026-07-28,1,203390,13299.0,1.787534301475948e+18,1.7875343020265664e+18,importado,0
curated,trade,BOVA11,2026-07-28,1,742090,39169.0,1.7875343020265974e+18,1.787534303499543e+18,importado,0
curated,trade,ITUB4,2026-07-28,1,364000,23403.0,1.7875343034995743e+18,1.7875343043179013e+18,importado,0
curated,trade,MGLU3,2026-07-28,1,122786,8004.0,1.7875343012220444e+18,1.787534301475899e+18,importado,0
curated,trade,PETR4,2026-07-28,1,676398,45652.0,1.7875343054384504e+18,1.7875343071243935e+18,importado,0
curated,trade,VALE3,2026-07-28,1,442530,27804.0,1.787534304317932e+18,1.7875343054384123e+18,importado,0
curated,trade,WDOFUT,2026-07-28,1,3560077,339385.0,1.787534287113126e+18,1.7875343001454904e+18,importado,0
curated,trade,WEGE3,2026-07-28,1,420380,28644.0,1.7875343001455242e+18,1.787534301222014e+18,importado,0
curated,trade,WINFUT,2026-07-28,1,42400686,4576388.0,1.7874296321765087e+18,1.787429801828799e+18,importado,0
curated,trade,BBAS3,2026-07-29,1,353313,22466.0,1.7875343490022198e+18,1.7875343497311012e+18,importado,0
curated,trade,BOVA11,2026-07-29,1,478145,27097.0,1.7875343497311393e+18,1.787534350726172e+18,importado,0
curated,trade,ITUB4,2026-07-29,1,527813,33044.0,1.787534350726209e+18,1.7875343517912435e+18,importado,0
curated,trade,MGLU3,2026-07-29,1,109580,7338.0,1.7875343487980406e+18,1.787534349002187e+18,importado,0
curated,trade,PETR4,2026-07-29,1,788754,53402.0,1.7875343526492626e+18,1.7875343546632553e+18,importado,0
curated,trade,VALE3,2026-07-29,1,406176,25876.0,1.787534351791322e+18,1.7875343526491973e+18,importado,0
curated,trade,WDOFUT,2026-07-29,1,5700880,602725.0,1.7875343249001134e+18,1.7875343479615388e+18,importado,0
curated,trade,WEGE3,2026-07-29,1,287397,19241.0,1.7875343479616005e+18,1.7875343487980096e+18,importado,0
curated,trade,WINFUT,2026-07-29,1,45169720,4936666.0,1.7874298573386504e+18,1.7874300211006036e+18,importado,0
curated,trade,BBAS3,2026-07-30,1,432300,29341.0,1.7875343892148754e+18,1.7875343902082301e+18,importado,0
curated,trade,BOVA11,2026-07-30,1,533524,29153.0,1.7875343902083154e+18,1.787534391193367e+18,importado,0
curated,trade,ITUB4,2026-07-30,1,371373,23659.0,1.787534391193388e+18,1.7875343919788603e+18,importado,0
curated,trade,MGLU3,2026-07-30,1,146499,9166.0,1.787534388900601e+18,1.7875343892148467e+18,importado,0
curated,trade,PETR4,2026-07-30,1,721232,51570.0,1.787534393176849e+18,1.7875343949005517e+18,importado,0
curated,trade,VALE3,2026-07-30,1,540353,34245.0,1.78753439197889e+18,1.7875343931767946e+18,importado,0
curated,trade,WDOFUT,2026-07-30,1,4225248,427113.0,1.7875343724274708e+18,1.7875343881006124e+18,importado,0
curated,trade,WEGE3,2026-07-30,1,343290,22336.0,1.7875343881006884e+18,1.7875343889005665e+18,importado,0
curated,trade,WINFUT,2026-07-30,1,37148294,4081297.0,1.787430201574999e+18,1.7874303271164536e+18,importado,0
curated,trade,BBAS3,2026-07-31,1,288619,19533.0,1.7875344161794327e+18,1.7875344165732096e+18,importado,0
curated,trade,BOVA11,2026-07-31,1,249546,13822.0,1.7875344165732326e+18,1.7875344168877862e+18,importado,0
curated,trade,ITUB4,2026-07-31,1,261484,17315.0,1.7875344168878034e+18,1.7875344172359278e+18,importado,0
curated,trade,MGLU3,2026-07-31,1,100088,6435.0,1.7875344160638054e+18,1.7875344161794112e+18,importado,0
curated,trade,PETR4,2026-07-31,1,680227,45277.0,1.7875344177538542e+18,1.7875344187054116e+18,importado,0
curated,trade,VALE3,2026-07-31,1,413912,26634.0,1.7875344172359493e+18,1.7875344177536847e+18,importado,0
curated,trade,WDOFUT,2026-07-31,1,2070821,181880.0,1.7875344114713613e+18,1.7875344157247478e+18,importado,0
curated,trade,WEGE3,2026-07-31,1,257341,17232.0,1.7875344157247713e+18,1.787534416063786e+18,importado,0
curated,trade,WINFUT,2026-07-31,1,23506191,2492067.0,1.7874304430102036e+18,1.7874305198869012e+18,importado,0
curated,trade,BBAS3,2026-08-03,1,280683,17647.0,1.787534444173443e+18,1.7875344445506394e+18,importado,0
curated,trade,BOVA11,2026-08-03,1,212459,11300.0,1.7875344445506652e+18,1.7875344447854825e+18,importado,0
curated,trade,ITUB4,2026-08-03,1,390053,24480.0,1.787534444788623e+18,1.7875344452982042e+18,importado,0
curated,trade,MGLU3,2026-08-03,1,149611,9347.0,1.78753444395526e+18,1.787534444173424e+18,importado,0
curated,trade,PETR4,2026-08-03,1,591720,38902.0,1.7875344460686285e+18,1.7875344468555681e+18,importado,0
curated,trade,VALE3,2026-08-03,1,602104,37095.0,1.7875344452982303e+18,1.7875344460685614e+18,importado,0
curated,trade,WDOFUT,2026-08-03,1,3579858,341476.0,1.787534436193463e+18,1.7875344435658824e+18,importado,0
curated,trade,WEGE3,2026-08-03,1,299647,19861.0,1.7875344435660186e+18,1.7875344439552366e+18,importado,0
curated,trade,WINFUT,2026-08-03,1,37796180,4170422.0,1.7874307018608527e+18,1.7874308300845284e+18,importado,0
curated,trade,BBAS3,2026-08-04,1,288751,18675.0,1.787534480211087e+18,1.787534480624471e+18,importado,0
curated,trade,BOVA11,2026-08-04,1,586032,33306.0,1.787534480624504e+18,1.787534481401026e+18,importado,0
curated,trade,ITUB4,2026-08-04,1,768367,47286.0,1.787534481401049e+18,1.7875344824694666e+18,importado,0
curated,trade,MGLU3,2026-08-04,1,173982,11285.0,1.7875344799880128e+18,1.787534480211068e+18,importado,0
curated,trade,PETR4,2026-08-04,1,944427,60453.0,1.7875344834628626e+18,1.7875344848967488e+18,importado,0
curated,trade,VALE3,2026-08-04,1,664394,42286.0,1.7875344824694935e+18,1.7875344834628426e+18,importado,0
curated,trade,WDOFUT,2026-08-04,1,4529989,448241.0,1.7875344645487117e+18,1.7875344795722655e+18,importado,0
curated,trade,WEGE3,2026-08-04,1,311942,21291.0,1.7875344795722872e+18,1.7875344799879903e+18,importado,0
curated,trade,WINFUT,2026-08-04,1,44337475,4838964.0,1.7874308896598623e+18,1.787431042939071e+18,importado,0
curated,trade,BBAS3,2026-08-05,1,300965,18877.0,1.7875345120500838e+18,1.7875345124687084e+18,importado,0
curated,trade,BOVA11,2026-08-05,1,374244,20279.0,1.7875345124687875e+18,1.7875345128954493e+18,importado,0
curated,trade,ITUB4,2026-08-05,1,599524,39099.0,1.7875345128954703e+18,1.7875345136947702e+18,importado,0
curated,trade,MGLU3,2026-08-05,1,185967,11716.0,1.7875345118121894e+18,1.78753451205005e+18,importado,0
curated,trade,PETR4,2026-08-05,1,636136,39746.0,1.787534514393435e+18,1.7875345152291438e+18,importado,0
curated,trade,VALE3,2026-08-05,1,508095,32193.0,1.7875345136947948e+18,1.787534514393413e+18,importado,0
curated,trade,WDOFUT,2026-08-05,1,3916063,386554.0,1.7875345024288228e+18,1.7875345115086884e+18,importado,0
curated,trade,WEGE3,2026-08-05,1,233406,15227.0,1.7875345115088125e+18,1.7875345118121674e+18,importado,0
curated,trade,WINFUT,2026-08-05,1,42590330,4646247.0,1.7874312476532938e+18,1.7874313908884623e+18,importado,0
curated,trade,BBAS3,2026-08-06,1,478466,31103.0,1.7875345469702252e+18,1.7875345479898166e+18,importado,0
curated,trade,BOVA11,2026-08-06,1,640593,34749.0,1.7875345479898524e+18,1.7875345495976343e+18,importado,0
curated,trade,ITUB4,2026-08-06,1,615802,35466.0,1.7875345495976694e+18,1.7875345507771407e+18,importado,0
curated,trade,MGLU3,2026-08-06,1,245463,14675.0,1.7875345462427228e+18,1.7875345469701855e+18,importado,0
curated,trade,PETR4,2026-08-06,1,503719,33508.0,1.7875345518772132e+18,1.7875345536262436e+18,importado,0
curated,trade,VALE3,2026-08-06,1,443522,28814.0,1.7875345507773097e+18,1.7875345518771745e+18,importado,0
curated,trade,WDOFUT,2026-08-06,1,3769437,359201.0,1.7875345322961674e+18,1.7875345457527647e+18,importado,0
curated,trade,WEGE3,2026-08-06,1,209073,13793.0,1.7875345457528033e+18,1.787534546242685e+18,importado,0
curated,trade,WINFUT,2026-08-06,1,43926184,4830551.0,1.7874316055273917e+18,1.7874317555492001e+18,importado,0
curated,trade,BBAS3,2026-08-07,1,321618,21534.0,1.7875345852252111e+18,1.787534586020627e+18,importado,0
curated,trade,BOVA11,2026-08-07,1,411196,22082.0,1.7875345860206564e+18,1.7875345867267092e+18,importado,0
curated,trade,ITUB4,2026-08-07,1,578564,36797.0,1.7875345867267574e+18,1.7875345879839757e+18,importado,0
curated,trade,MGLU3,2026-08-07,1,333736,20826.0,1.7875345845148086e+18,1.7875345852251758e+18,importado,0
curated,trade,PETR4,2026-08-07,1,1056271,67850.0,1.787534588967679e+18,1.7875345914514007e+18,importado,0
curated,trade,VALE3,2026-08-07,1,430516,27362.0,1.7875345879840074e+18,1.7875345889667103e+18,importado,0
curated,trade,WDOFUT,2026-08-07,1,3865392,366759.0,1.78753457043034e+18,1.7875345840941545e+18,importado,0
curated,trade,WEGE3,2026-08-07,1,194034,12584.0,1.7875345840942444e+18,1.7875345845147113e+18,importado,0
curated,trade,WINFUT,2026-08-07,1,42604104,4664165.0,1.787431963097459e+18,1.7874321058375542e+18,importado,0
curated,trade,BBAS3,2026-08-10,1,311485,19583.0,1.787534619786478e+18,1.7875346204468872e+18,importado,0
curated,trade,BOVA11,2026-08-10,1,430862,24673.0,1.7875346204469174e+18,1.7875346212856494e+18,importado,0
curated,trade,ITUB4,2026-08-10,1,623449,37308.0,1.7875346212856814e+18,1.7875346226344783e+18,importado,0
curated,trade,MGLU3,2026-08-10,1,220058,14044.0,1.7875346192650337e+18,1.7875346197864466e+18,importado,0
curated,trade,PETR4,2026-08-10,1,941223,60477.0,1.7875346237615603e+18,1.7875346257915308e+18,importado,0
curated,trade,VALE3,2026-08-10,1,471400,29942.0,1.787534622634513e+18,1.7875346237615237e+18,importado,0
curated,trade,WDOFUT,2026-08-10,1,3253658,293829.0,1.7875346081164874e+18,1.7875346188643896e+18,importado,0
curated,trade,WEGE3,2026-08-10,1,173229,11224.0,1.7875346188644221e+18,1.7875346192649454e+18,importado,0
curated,trade,WINFUT,2026-08-10,1,40637666,4457028.0,1.787432303445476e+18,1.7874324381209403e+18,importado,0
curated,trade,BBAS3,2026-08-11,1,367119,23917.0,1.7875346626301258e+18,1.787534663438213e+18,importado,0
curated,trade,BOVA11,2026-08-11,1,828821,48371.0,1.7875346634382328e+18,1.7875346651786885e+18,importado,0
curated,trade,ITUB4,2026-08-11,1,936029,55344.0,1.787534665178721e+18,1.7875346671551872e+18,importado,0
curated,trade,MGLU3,2026-08-11,1,248625,15894.0,1.7875346620555812e+18,1.7875346626300856e+18,importado,0
curated,trade,PETR4,2026-08-11,1,672245,42367.0,1.7875346687461384e+18,1.7875346702415314e+18,importado,0
curated,trade,VALE3,2026-08-11,1,741193,45226.0,1.7875346671552957e+18,1.7875346687461064e+18,importado,0
curated,trade,WDOFUT,2026-08-11,1,4953323,494945.0,1.7875346430052367e+18,1.787534661539591e+18,importado,0
curated,trade,WEGE3,2026-08-11,1,232269,15615.0,1.787534661539622e+18,1.787534662055547e+18,importado,0
curated,trade,WINFUT,2026-08-11,1,43426731,4805520.0,1.787432491044155e+18,1.7874326428570767e+18,importado,0
curated,trade,BBAS3,2026-08-12,1,593759,39304.0,1.7875347069621143e+18,1.7875347085244147e+18,importado,0
curated,trade,BOVA11,2026-08-12,1,431001,23984.0,1.7875347085244544e+18,1.787534709422095e+18,importado,0
curated,trade,ITUB4,2026-08-12,1,872372,57061.0,1.7875347094221294e+18,1.7875347120503982e+18,importado,0
curated,trade,MGLU3,2026-08-12,1,179374,11523.0,1.7875347065166047e+18,1.787534706962026e+18,importado,0
curated,trade,PETR4,2026-08-12,1,1033138,62001.0,1.787534713656909e+18,1.787534716592662e+18,importado,0
curated,trade,VALE3,2026-08-12,1,550003,35360.0,1.7875347120504527e+18,1.7875347136568776e+18,importado,0
curated,trade,WDOFUT,2026-08-12,1,4864151,479015.0,1.7875346880217695e+18,1.7875347058938982e+18,importado,0
curated,trade,WEGE3,2026-08-12,1,249108,16543.0,1.7875347058939343e+18,1.7875347065165704e+18,importado,0
curated,trade,WINFUT,2026-08-12,1,41469025,4471116.0,1.7874328984310088e+18,1.7874331105725207e+18,importado,0
curated,trade,BBAS3,2026-08-13,1,1325992,82451.0,1.7875347574120225e+18,1.7875347615330465e+18,importado,0
curated,trade,BOVA11,2026-08-13,1,490803,27465.0,1.787534761533145e+18,1.7875347629719278e+18,importado,0
curated,trade,ITUB4,2026-08-13,1,628724,39580.0,1.7875347629722675e+18,1.7875347647271744e+18,importado,0
curated,trade,MGLU3,2026-08-13,1,268406,16412.0,1.7875347564884582e+18,1.7875347574119826e+18,importado,0
curated,trade,PETR4,2026-08-13,1,724762,46835.0,1.787534766174525e+18,1.7875347681788152e+18,importado,0
curated,trade,VALE3,2026-08-13,1,524301,34003.0,1.787534764727208e+18,1.787534766174501e+18,importado,0
curated,trade,WDOFUT,2026-08-13,1,4383033,427450.0,1.7875347339563377e+18,1.787534755481392e+18,importado,0
curated,trade,WEGE3,2026-08-13,1,272915,17576.0,1.787534755481427e+18,1.7875347564883638e+18,importado,0
curated,trade,WINFUT,2026-08-13,1,42346493,4597107.0,1.787433163203882e+18,1.7874333516588982e+18,importado,0
curated,trade,BBAS3,2026-08-14,1,829576,52879.0,1.7875348082189494e+18,1.7875348098865495e+18,importado,0
curated,trade,BOVA11,2026-08-14,1,821602,44978.0,1.7875348098865812e+18,1.7875348116163453e+18,importado,0
curated,trade,ITUB4,2026-08-14,1,722649,46290.0,1.7875348116163766e+18,1.787534813508964e+18,importado,0
curated,trade,MGLU3,2026-08-14,1,274849,18076.0,1.7875348077272906e+18,1.7875348082189302e+18,importado,0
curated,trade,PETR4,2026-08-14,1,733741,45543.0,1.7875348148902945e+18,1.7875348165609623e+18,importado,0
curated,trade,VALE3,2026-08-14,1,594232,35012.0,1.7875348135090483e+18,1.787534814888285e+18,importado,0
curated,trade,WDOFUT,2026-08-14,1,5557584,567525.0,1.7875347865046922e+18,1.7875348070183995e+18,importado,0
curated,trade,WEGE3,2026-08-14,1,402024,25864.0,1.7875348070184212e+18,1.787534807727265e+18,importado,0
curated,trade,WINFUT,2026-08-14,1,43600640,4753195.0,1.7874334067183767e+18,1.7874336074303378e+18,importado,0
curated,trade,BBAS3,2026-08-17,1,657719,38704.0,1.7875348522503985e+18,1.7875348537921142e+18,importado,0
curated,trade,BOVA11,2026-08-17,1,636741,34649.0,1.7875348537921523e+18,1.787534855115915e+18,importado,0
curated,trade,ITUB4,2026-08-17,1,750752,47594.0,1.7875348551159795e+18,1.7875348569344412e+18,importado,0
curated,trade,MGLU3,2026-08-17,1,286603,18494.0,1.7875348516177262e+18,1.7875348522503506e+18,importado,0
curated,trade,PETR4,2026-08-17,1,766344,47408.0,1.7875348578611574e+18,1.7875348597478769e+18,importado,0
curated,trade,VALE3,2026-08-17,1,379017,24125.0,1.7875348569345016e+18,1.7875348578610862e+18,importado,0
curated,trade,WDOFUT,2026-08-17,1,4490561,433129.0,1.787534834028464e+18,1.7875348508277883e+18,importado,0
curated,trade,WEGE3,2026-08-17,1,343735,21935.0,1.787534850827874e+18,1.7875348516176934e+18,importado,0
curated,trade,WINFUT,2026-08-17,1,42032290,4563848.0,1.7874336610186798e+18,1.787433850085871e+18,importado,0
curated,trade,BBAS3,2026-08-18,1,541718,34646.0,1.7875348932855004e+18,1.7875348945623905e+18,importado,0
curated,trade,BOVA11,2026-08-18,1,733395,41047.0,1.7875348945624384e+18,1.7875348964380513e+18,importado,0
curated,trade,ITUB4,2026-08-18,1,421375,26728.0,1.7875348964380974e+18,1.787534897481661e+18,importado,0
curated,trade,MGLU3,2026-08-18,1,214108,13513.0,1.7875348927682985e+18,1.7875348932854705e+18,importado,0
curated,trade,PETR4,2026-08-18,1,738551,46224.0,1.787534898544878e+18,1.7875349004989993e+18,importado,0
curated,trade,VALE3,2026-08-18,1,483814,31014.0,1.7875348974817626e+18,1.7875348985448466e+18,importado,0
curated,trade,WDOFUT,2026-08-18,1,4197721,401818.0,1.787534876844913e+18,1.7875348920604982e+18,importado,0
curated,trade,WEGE3,2026-08-18,1,292718,19049.0,1.7875348920605286e+18,1.7875348927682668e+18,importado,0
curated,trade,WINFUT,2026-08-18,1,41226835,4465737.0,1.787434080362287e+18,1.7874342570078894e+18,importado,0
curated,trade,BBAS3,2026-08-19,1,557927,35269.0,1.78753493802855e+18,1.7875349393789274e+18,importado,0
curated,trade,BOVA11,2026-08-19,1,938238,47940.0,1.7875349393789855e+18,1.7875349412645998e+18,importado,0
curated,trade,ITUB4,2026-08-19,1,631880,39449.0,1.7875349412646346e+18,1.7875349429907692e+18,importado,0
curated,trade,MGLU3,2026-08-19,1,203067,12970.0,1.7875349374249252e+18,1.7875349380285225e+18,importado,0
curated,trade,PETR4,2026-08-19,1,797128,47134.0,1.7875349444423214e+18,1.787534946227371e+18,importado,0
curated,trade,VALE3,2026-08-19,1,623929,39041.0,1.787534942990801e+18,1.7875349444422932e+18,importado,0
curated,trade,WDOFUT,2026-08-19,1,5013149,495789.0,1.7875349182759662e+18,1.787534936920178e+18,importado,0
curated,trade,WEGE3,2026-08-19,1,206383,13417.0,1.787534936920219e+18,1.7875349374249062e+18,importado,0
curated,trade,WINFUT,2026-08-19,1,46397073,5016892.0,1.7874343188128504e+18,1.7874345531169252e+18,importado,0
curated,trade,BBAS3,2026-08-20,1,721541,43438.0,1.7875349750379814e+18,1.7875349766413727e+18,importado,0
curated,trade,BOVA11,2026-08-20,1,1410972,72817.0,1.7875349766415004e+18,1.787534979499987e+18,importado,0
curated,trade,ITUB4,2026-08-20,1,870201,52305.0,1.7875349795000397e+18,1.7875349816301192e+18,importado,0
curated,trade,MGLU3,2026-08-20,1,341512,20595.0,1.7875349743055406e+18,1.7875349750379195e+18,importado,0
curated,trade,PETR4,2026-08-20,1,866833,54732.0,1.7875349837341765e+18,1.7875349857128983e+18,importado,0
curated,trade,VALE3,2026-08-20,1,965938,56666.0,1.7875349816301404e+18,1.7875349837341412e+18,importado,0
curated,trade,WDOFUT,2026-08-20,1,3921628,393947.0,1.7875349633454034e+18,1.7875349736255186e+18,importado,0
curated,trade,WEGE3,2026-08-20,1,329009,20889.0,1.7875349736256387e+18,1.7875349743055048e+18,importado,0
curated,trade,WINFUT,2026-08-20,1,46826302,5195123.0,1.7874346184676114e+18,1.7874348518961285e+18,importado,0
curated,trade,BBAS3,2026-08-21,1,438265,29944.0,1.7875350212598674e+18,1.7875663396815084e+18,importado,0
curated,trade,BOVA11,2026-08-21,1,499744,27304.0,1.787535022359521e+18,1.787566339681587e+18,importado,0
curated,trade,ITUB4,2026-08-21,1,611695,36157.0,1.7875350233136154e+18,1.7875663396937472e+18,importado,0
curated,trade,MGLU3,2026-08-21,1,208044,13610.0,1.7875350208097915e+18,1.787566339681465e+18,importado,0
curated,trade,PETR4,2026-08-21,1,1271989,79775.0,1.7875350260117453e+18,1.7875663396813745e+18,importado,0
curated,trade,VALE3,2026-08-21,1,571785,36810.0,1.7875350246791729e+18,1.7875663396939456e+18,importado,0
curated,trade,WDOFUT,2026-08-21,1,4378292,435987.0,1.7875350032380344e+18,1.7875663396815368e+18,importado,0
curated,trade,WEGE3,2026-08-21,1,352481,22755.0,1.787535019984034e+18,1.7875663396148897e+18,importado,0
curated,trade,WINFUT,2026-08-21,1,44548478,4903107.0,1.7874349143409423e+18,1.7875663396815624e+18,importado,0
curated,trade,BBAS3,2026-08-24,1,378242,24400.0,1.788323565250702e+18,1.7883235657336356e+18,importado,0
curated,trade,BOVA11,2026-08-24,1,1464833,78142.0,1.7883235657336566e+18,1.7883235672966218e+18,importado,0
curated,trade,ITUB4,2026-08-24,1,500169,32303.0,1.7883235672966415e+18,1.7883235679885663e+18,importado,0
curated,trade,MGLU3,2026-08-24,1,157425,10315.0,1.7883235650481818e+18,1.7883235652506808e+18,importado,0
curated,trade,PETR4,2026-08-24,1,933295,59826.0,1.7883235690760156e+18,1.7883235702596332e+18,importado,0
curated,trade,VALE3,2026-08-24,1,911236,55105.0,1.78832356798859e+18,1.7883235690759918e+18,importado,0
curated,trade,WDOFUT,2026-08-24,1,3528506,355430.0,1.7883235702596544e+18,1.7883235773582062e+18,importado,0
curated,trade,WEGE3,2026-08-24,1,229934,15109.0,1.7883235647533368e+18,1.7883235650481597e+18,importado,0
curated,trade,WINFUT,2026-08-24,1,33594850,5346168.0,1.7895089184567596e+18,1.7895089184567596e+18,importado,0
curated,trade,BBAS3,2026-08-25,1,676777,44092.0,1.7883246045432156e+18,1.7883246058789486e+18,importado,0
curated,trade,BOVA11,2026-08-25,1,1182487,62727.0,1.7883246058789875e+18,1.7883246076985324e+18,importado,0
curated,trade,ITUB4,2026-08-25,1,464128,29721.0,1.7883246076985628e+18,1.7883246086947855e+18,importado,0
curated,trade,MGLU3,2026-08-25,1,281330,17474.0,1.7883246040444908e+18,1.788324604543184e+18,importado,0
curated,trade,PETR4,2026-08-25,1,881390,57177.0,1.7883246095908564e+18,1.7883246112982326e+18,importado,0
curated,trade,VALE3,2026-08-25,1,487139,31026.0,1.788324608694823e+18,1.7883246095908255e+18,importado,0
curated,trade,WDOFUT,2026-08-25,1,3429040,331449.0,1.7883246112982643e+18,1.7883246217013222e+18,importado,0
curated,trade,WEGE3,2026-08-25,1,419191,27765.0,1.7883246031853878e+18,1.7883246040444593e+18,importado,0
curated,trade,WINFUT,2026-08-25,1,34696692,5542718.0,1.7895090206798418e+18,1.7895090206798418e+18,importado,0
curated,trade,BBAS3,2026-08-26,1,637508,40570.0,1.7883249942145677e+18,1.7883249954262697e+18,importado,0
curated,trade,BOVA11,2026-08-26,1,1120668,62178.0,1.7883249954263007e+18,1.7883249972809367e+18,importado,0
curated,trade,ITUB4,2026-08-26,1,549975,33502.0,1.7883249972809966e+18,1.788324998323265e+18,importado,0
curated,trade,MGLU3,2026-08-26,1,191948,12456.0,1.7883249938382298e+18,1.7883249942145313e+18,importado,0
curated,trade,PETR4,2026-08-26,1,909785,59151.0,1.7883249992132303e+18,1.788325001020831e+18,importado,0
curated,trade,VALE3,2026-08-26,1,496465,31371.0,1.7883249983233362e+18,1.788324999213198e+18,importado,0
curated,trade,WDOFUT,2026-08-26,1,3483893,338674.0,1.7883250010208637e+18,1.788325011584182e+18,importado,0
curated,trade,WEGE3,2026-08-26,1,324165,21181.0,1.7883249931915054e+18,1.788324993838209e+18,importado,0
curated,trade,WINFUT,2026-08-26,1,31537510,5008994.0,1.7895091457697733e+18,1.7895091457697733e+18,importado,0
curated,trade,BBAS3,2026-08-27,1,840174,44233.0,1.7878358397981673e+18,1.7878682032070638e+18,ao_vivo,0
curated,trade,BOVA11,2026-08-27,1,1708411,78201.0,1.787836111056863e+18,1.7878682032081618e+18,ao_vivo,0
curated,trade,ITUB4,2026-08-27,1,813479,40479.0,1.7878358218326774e+18,1.787868203208529e+18,ao_vivo,0
curated,trade,MGLU3,2026-08-27,1,206777,11190.0,1.7878359601140324e+18,1.787868203207396e+18,ao_vivo,0
curated,trade,PETR4,2026-08-27,1,1064452,54603.0,1.7878358174507382e+18,1.7878682032086935e+18,ao_vivo,0
curated,trade,VALE3,2026-08-27,1,500737,27751.0,1.7878358311286879e+18,1.787868203207272e+18,ao_vivo,0
curated,trade,WDOFUT,2026-08-27,1,3909986,348089.0,1.7878320351750653e+18,1.7878682032077343e+18,ao_vivo,0
curated,trade,WEGE3,2026-08-27,1,390429,22136.0,1.787835822587135e+18,1.7878682032083569e+18,ao_vivo,0
curated,trade,WINFUT,2026-08-27,1,30946628,4942038.0,1.789509245612903e+18,1.789509245612903e+18,importado,0
curated,trade,BBAS3,2026-08-28,1,475798,31444.0,1.7883253725827855e+18,1.7883253735988183e+18,importado,0
curated,trade,BOVA11,2026-08-28,1,1247729,66570.0,1.788325373598857e+18,1.788325375692758e+18,importado,0
curated,trade,ITUB4,2026-08-28,1,513630,32589.0,1.78832537569279e+18,1.7883253767856172e+18,importado,0
curated,trade,MGLU3,2026-08-28,1,191513,12053.0,1.7883253722146258e+18,1.7883253725827244e+18,importado,0
curated,trade,PETR4,2026-08-28,1,662983,41865.0,1.7883253776695107e+18,1.7883253788931077e+18,importado,0
curated,trade,VALE3,2026-08-28,1,404446,25751.0,1.7883253767856737e+18,1.7883253776694564e+18,importado,0
curated,trade,WDOFUT,2026-08-28,1,5199160,547624.0,1.7883253788931914e+18,1.7883253958061463e+18,importado,0
curated,trade,WEGE3,2026-08-28,1,198147,13175.0,1.7883253717800182e+18,1.7883253722145728e+18,importado,0
curated,trade,WINFUT,2026-08-28,1,29884283,4725036.0,1.789509335809127e+18,1.789509335809127e+18,importado,0
curated,trade,BBAS3,2026-08-31,1,788374,53678.0,1.7883257710791e+18,1.7883257727489382e+18,importado,0
curated,trade,BOVA11,2026-08-31,1,698145,35391.0,1.78832577274897e+18,1.7883257738720812e+18,importado,0
curated,trade,ITUB4,2026-08-31,1,550462,34370.0,1.7883257738721096e+18,1.7883257749012733e+18,importado,0
curated,trade,MGLU3,2026-08-31,1,210670,13705.0,1.7883257706308104e+18,1.7883257710790674e+18,importado,0
curated,trade,PETR4,2026-08-31,1,921350,56015.0,1.788325775930599e+18,1.788325777696131e+18,importado,0
curated,trade,VALE3,2026-08-31,1,558050,33179.0,1.7883257749013056e+18,1.78832577593049e+18,importado,0
curated,trade,WDOFUT,2026-08-31,1,3758655,382636.0,1.7883257776961818e+18,1.7883257895360343e+18,importado,0
curated,trade,WEGE3,2026-08-31,1,374078,24305.0,1.7883257698408072e+18,1.7883257706307812e+18,importado,0
curated,trade,WINFUT,2026-08-31,1,31448807,5020544.0,1.7895094324788992e+18,1.7895094324788992e+18,importado,0
curated,trade,BBAS3,2026-09-01,1,693326,42246.0,1.788326220539575e+18,1.7883262217563648e+18,importado,0
curated,trade,BOVA11,2026-09-01,1,1391397,70821.0,1.788326221756397e+18,1.7883262239288113e+18,importado,0
curated,trade,ITUB4,2026-09-01,1,678472,43993.0,1.788326223928846e+18,1.7883262253119713e+18,importado,0
curated,trade,MGLU3,2026-09-01,1,252292,16046.0,1.7883262200801577e+18,1.7883262205395418e+18,importado,0
curated,trade,PETR4,2026-09-01,1,1216868,75161.0,1.7883262265182804e+18,1.788326228752177e+18,importado,0
curated,trade,VALE3,2026-09-01,1,614684,38809.0,1.788326225312023e+18,1.7883262265155924e+18,importado,0
curated,trade,WDOFUT,2026-09-01,1,4833138,489101.0,1.7883262287522084e+18,1.788326244246646e+18,importado,0
curated,trade,WEGE3,2026-09-01,1,315331,19974.0,1.7883262195112525e+18,1.788326220080126e+18,importado,0
curated,trade,WINFUT,2026-09-01,1,36420358,5781016.0,1.78950953962447e+18,1.78950953962447e+18,importado,0
curated,trade,WINFUT,2026-09-02,1,38457770,6148231.0,1.7895096525421146e+18,1.7895096525421146e+18,importado,0
curated,trade,BBAS3,2026-09-03,1,571795,52523.0,1.7910620542725284e+18,1.7910620542725284e+18,importado,0
curated,trade,BOVA11,2026-09-03,1,963068,73669.0,1.7910621956216435e+18,1.7910621956216435e+18,importado,0
curated,trade,ITUB4,2026-09-03,1,774936,72349.0,1.7910623111664745e+18,1.7910623111664745e+18,importado,0
curated,trade,MGLU3,2026-09-03,1,354469,31997.0,1.7910622740727987e+18,1.7910622740727987e+18,importado,0
curated,trade,PETR4,2026-09-03,1,833162,69483.0,1.7910623940450593e+18,1.7910623940450593e+18,importado,0
curated,trade,VALE3,2026-09-03,1,673218,57059.0,1.7910623522823053e+18,1.7910623522823053e+18,importado,0
curated,trade,WDOFUT,2026-09-03,1,3512016,523378.0,1.7910629041319606e+18,1.7910629041319606e+18,importado,0
curated,trade,WEGE3,2026-09-03,1,339575,31541.0,1.7910622328507208e+18,1.7910622328507208e+18,importado,0
curated,trade,WINFUT,2026-09-03,1,36246252,5821205.0,1.7895097580644332e+18,1.7895097580644332e+18,importado,0
curated,trade,WINV26,2026-09-03,1,36246252,5821205.0,1.7910634163883436e+18,1.7910634163883436e+18,importado,0
curated,trade,BBAS3,2026-09-04,1,524763,31202.0,1.788526980326137e+18,1.788872544065119e+18,misto,0
curated,trade,BOVA11,2026-09-04,1,1138216,49043.0,1.7885272199336535e+18,1.7888725440655076e+18,misto,0
curated,trade,ITUB4,2026-09-04,1,522792,30618.0,1.7885273652079314e+18,1.7888725440652165e+18,misto,0
curated,trade,MGLU3,2026-09-04,1,377182,22427.0,1.7885270317686963e+18,1.7888725440650724e+18,misto,0
curated,trade,PETR4,2026-09-04,1,811209,46254.0,1.788527032447758e+18,1.7888725440651607e+18,misto,0
curated,trade,VALE3,2026-09-04,1,498933,28016.0,1.7885270339583342e+18,1.788872544064927e+18,misto,0
curated,trade,WDOFUT,2026-09-04,1,4145009,391681.0,1.78852478648739e+18,1.788868481901874e+18,misto,0
curated,trade,WEGE3,2026-09-04,1,319029,19040.0,1.7885269800353152e+18,1.7888725440651423e+18,misto,0
curated,trade,WINFUT,2026-09-04,1,33198416,5287536.0,1.7895098567404398e+18,1.7895098567404398e+18,importado,0
curated,trade,WINV26,2026-09-04,1,33198416,5287536.0,1.791063549025406e+18,1.791063549025406e+18,importado,0
curated,trade,BBAS3,2026-09-08,1,732330,37976.0,1.7888726367641897e+18,1.7889528838084413e+18,misto,0
curated,trade,BOVA11,2026-09-08,1,1442778,77180.0,1.7888729276144965e+18,1.7889528838091384e+18,misto,0
curated,trade,ITUB4,2026-09-08,1,816740,41184.0,1.7888729057544325e+18,1.7889528838088195e+18,misto,0
curated,trade,MGLU3,2026-09-08,1,441414,25230.0,1.7888729058692255e+18,1.78895288380903e+18,misto,0
curated,trade,PETR4,2026-09-08,1,956416,55620.0,1.7888729056419896e+18,1.788952883808914e+18,misto,0
curated,trade,VALE3,2026-09-08,1,741554,38149.0,1.7888726398875538e+18,1.788952883808883e+18,misto,0
curated,trade,WDOFUT,2026-09-08,1,4514542,414305.0,1.7888688656170798e+18,1.7889528838714816e+18,misto,0
curated,trade,WEGE3,2026-09-08,1,417324,24956.0,1.7888729058267894e+18,1.788952883809182e+18,misto,0
curated,trade,WINFUT,2026-09-08,1,37220738,5919322.0,1.7895099674918758e+18,1.7895099674918758e+18,importado,0
curated,trade,WINV26,2026-09-08,1,37220738,5919322.0,1.7910637078549146e+18,1.7910637078549146e+18,importado,0
curated,trade,BBAS3,2026-09-09,1,576934,31625.0,1.7889590192040425e+18,1.7890419667736594e+18,misto,0
curated,trade,BOVA11,2026-09-09,1,929307,49553.0,1.7889592207160415e+18,1.7890419666376463e+18,misto,0
curated,trade,ITUB4,2026-09-09,1,978586,48263.0,1.7889590327072154e+18,1.7890419666616655e+18,misto,0
curated,trade,MGLU3,2026-09-09,1,240259,14127.0,1.7889590135687585e+18,1.7890419667098253e+18,misto,0
curated,trade,PETR4,2026-09-09,1,848155,49394.0,1.7889590137931113e+18,1.789041966725333e+18,misto,0
curated,trade,VALE3,2026-09-09,1,670494,38136.0,1.7889590278439442e+18,1.7890419667740943e+18,misto,0
curated,trade,WDOFUT,2026-09-09,1,4375534,397252.0,1.7889552571676513e+18,1.7889893997392796e+18,ao_vivo,0
curated,trade,WEGE3,2026-09-09,1,538059,31166.0,1.788959019168485e+18,1.7890419667739807e+18,misto,0
curated,trade,WINFUT,2026-09-09,1,37386372,5842599.0,1.7895100740989642e+18,1.7895100740989642e+18,importado,0
curated,trade,WINV26,2026-09-09,1,36669620,5842599.0,1.7910638380646106e+18,1.7910638380646106e+18,importado,0
curated,trade,BBAS3,2026-09-10,1,7716,1.0,1.7891313267961697e+18,1.7891313267961697e+18,importado,0
curated,trade,BOVA11,2026-09-10,1,7721,1.0,1.7891313267960417e+18,1.7891313267960417e+18,importado,0
curated,trade,ITUB4,2026-09-10,1,7716,1.0,1.789131324233095e+18,1.789131324233095e+18,importado,0
curated,trade,MGLU3,2026-09-10,1,7716,1.0,1.789131324234872e+18,1.789131324234872e+18,importado,0
curated,trade,PETR4,2026-09-10,1,7716,1.0,1.7891313242276285e+18,1.7891313242276285e+18,importado,0
curated,trade,VALE3,2026-09-10,1,7716,1.0,1.7891313242328973e+18,1.7891313242328973e+18,importado,0
curated,trade,WDOFUT,2026-09-10,1,7721,1.0,1.7891252020887037e+18,1.7891252020887037e+18,importado,0
curated,trade,WEGE3,2026-09-10,1,7716,1.0,1.7891313267966467e+18,1.7891313267966467e+18,importado,0
curated,trade,WINFUT,2026-09-10,1,38730450,6262194.0,1.7895101860160412e+18,1.7895101860160412e+18,importado,0
curated,trade,WINV26,2026-09-10,1,38730450,6262194.0,1.7910639857652498e+18,1.7910639857652498e+18,importado,0
curated,trade,BBAS3,2026-09-11,1,715627,35400.0,1.7891318176362698e+18,1.7893834899730857e+18,misto,0
curated,trade,BOVA11,2026-09-11,1,649709,34168.0,1.789132128260974e+18,1.7893834899732344e+18,misto,0
curated,trade,ITUB4,2026-09-11,1,521883,28512.0,1.789131816536901e+18,1.7893834899728384e+18,misto,0
curated,trade,MGLU3,2026-09-11,1,272201,14870.0,1.789132152500543e+18,1.7893834899730312e+18,misto,0
curated,trade,PETR4,2026-09-11,1,774082,39674.0,1.7891318356786284e+18,1.7893834899729236e+18,misto,0
curated,trade,VALE3,2026-09-11,1,430537,23671.0,1.7891318302270874e+18,1.789383489973305e+18,misto,0
curated,trade,WDOFUT,2026-09-11,1,4593381,404341.0,1.7891309994955558e+18,1.789383489972962e+18,misto,0
curated,trade,WEGE3,2026-09-11,1,382822,22474.0,1.789131785163487e+18,1.789383489973061e+18,misto,0
curated,trade,WINFUT,2026-09-11,1,35496271,5687907.0,1.7895102964169723e+18,1.7895102964169723e+18,importado,0
curated,trade,WINV26,2026-09-11,1,35496271,5687907.0,1.7910641115872133e+18,1.7910641115872133e+18,importado,0
curated,trade,BBAS3,2026-09-14,1,400004,23380.0,1.7893914194589215e+18,1.789418078287066e+18,ao_vivo,0
curated,trade,BOVA11,2026-09-14,1,958417,53763.0,1.7893912797370642e+18,1.789418075678441e+18,ao_vivo,0
curated,trade,ITUB4,2026-09-14,1,515792,30544.0,1.789391418941105e+18,1.7894181173860024e+18,ao_vivo,0
curated,trade,MGLU3,2026-09-14,1,169017,10035.0,1.7893914193181824e+18,1.7894181536998674e+18,ao_vivo,0
curated,trade,PETR4,2026-09-14,1,723922,36652.0,1.7893910264679393e+18,1.7894181758727488e+18,ao_vivo,0
curated,trade,VALE3,2026-09-14,1,770356,40088.0,1.7893914189496978e+18,1.789418169902828e+18,ao_vivo,0
curated,trade,WDOFUT,2026-09-14,1,5546255,510085.0,1.789387256339532e+18,1.7894181771556183e+18,ao_vivo,0
curated,trade,WEGE3,2026-09-14,1,350320,20764.0,1.7893912195285002e+18,1.7894180802514888e+18,ao_vivo,0
curated,trade,WINFUT,2026-09-14,1,37730847,6159521.0,1.7895104127503347e+18,1.7895104127503347e+18,importado,0
curated,trade,WINV26,2026-09-14,1,37730847,6159521.0,1.791064276079207e+18,1.791064276079207e+18,importado,0
curated,trade,BBAS3,2026-09-15,1,384302,22757.0,1.7894801565644022e+18,1.7895571692552678e+18,misto,0
curated,trade,BOVA11,2026-09-15,1,1183702,53735.0,1.789480456019879e+18,1.7895571692557386e+18,misto,0
curated,trade,ITUB4,2026-09-15,1,401944,22745.0,1.7894802145448274e+18,1.7895571692554294e+18,misto,0
curated,trade,MGLU3,2026-09-15,1,181071,9948.0,1.7894801735055421e+18,1.7895571692081006e+18,misto,0
curated,trade,PETR4,2026-09-15,1,954582,49445.0,1.7894801548131098e+18,1.7895571692555756e+18,misto,0
curated,trade,VALE3,2026-09-15,1,522179,29803.0,1.789480155664456e+18,1.789557169255505e+18,misto,0
curated,trade,WDOFUT,2026-09-15,1,3861530,310078.0,1.7894772609887782e+18,1.7895571692556285e+18,misto,0
curated,trade,WEGE3,2026-09-15,1,291742,16883.0,1.7894801565641925e+18,1.7895571692074534e+18,misto,0
curated,trade,WINFUT,2026-09-15,1,45009471,4616927.0,1.7894772609888115e+18,1.7895571692556872e+18,misto,0
curated,trade,WINV26,2026-09-15,1,35271446,5681509.0,1.791064423244758e+18,1.791064423244758e+18,importado,0
curated,trade,BBAS3,2026-09-16,1,667405,37604.0,1.7895638887639268e+18,1.7895923967033912e+18,ao_vivo,0
curated,trade,BOVA11,2026-09-16,1,645165,31815.0,1.7895641237458634e+18,1.7895922799796739e+18,ao_vivo,0
curated,trade,ITUB4,2026-09-16,1,509219,29248.0,1.7895638964261445e+18,1.789592388925692e+18,ao_vivo,0
curated,trade,MGLU3,2026-09-16,1,293167,17091.0,1.789564048890552e+18,1.7895923919782372e+18,ao_vivo,0
curated,trade,PETR4,2026-09-16,1,1463860,72064.0,1.7895638943583299e+18,1.789592389859973e+18,ao_vivo,0
curated,trade,VALE3,2026-09-16,1,993428,56805.0,1.7895640487808164e+18,1.789592395964512e+18,ao_vivo,0
curated,trade,WDOFUT,2026-09-16,1,5453109,481836.0,1.789560049805062e+18,1.789594198864494e+18,ao_vivo,0
curated,trade,WEGE3,2026-09-16,1,393495,22251.0,1.7895638784149637e+18,1.789592259862511e+18,ao_vivo,0
curated,trade,WINFUT,2026-09-16,1,59402934,5971245.0,1.7895601744295933e+18,1.789593899497274e+18,ao_vivo,0
curated,trade,WINV26,2026-09-16,1,37132647,5972540.0,1.7910646159200466e+18,1.7910646159200466e+18,importado,0
curated,trade,BBAS3,2026-09-17,1,496684,29959.0,1.7896503439604106e+18,1.7896787911190797e+18,ao_vivo,0
curated,trade,BOVA11,2026-09-17,1,388186,18561.0,1.7896505127520806e+18,1.78967879472065e+18,ao_vivo,0
curated,trade,ITUB4,2026-09-17,1,780226,38047.0,1.789650387397494e+18,1.7896787985879647e+18,ao_vivo,0
curated,trade,MGLU3,2026-09-17,1,236553,14505.0,1.7896503432080207e+18,1.7896787983316577e+18,ao_vivo,0
curated,trade,PETR4,2026-09-17,1,700344,35451.0,1.7896503239346253e+18,1.789678799163834e+18,ao_vivo,0
curated,trade,PETRI19,2026-09-17,1,11378,153.0,1.7896645902600448e+18,1.7896787911642883e+18,ao_vivo,0
curated,trade,PETRI442,2026-09-17,1,10183,110.0,1.7896645902597407e+18,1.7896787914234826e+18,ao_vivo,0
curated,trade,PETRI447,2026-09-17,1,9193,46.0,1.7896645902599045e+18,1.7896787911979935e+18,ao_vivo,0
curated,trade,PETRI452,2026-09-17,1,8832,40.0,1.7896645902596078e+18,1.7896787914233498e+18,ao_vivo,0
curated,trade,PETRI457,2026-09-17,1,8416,24.0,1.789664590259857e+18,1.7896787914235656e+18,ao_vivo,0
curated,trade,PETRI522,2026-09-17,1,13150,258.0,1.7896645902599918e+18,1.7896787911970668e+18,ao_vivo,0
curated,trade,PETRI527,2026-09-17,1,13249,298.0,1.7896645902599744e+18,1.789678791197745e+18,ao_vivo,0
curated,trade,PETRI542,2026-09-17,1,8827,41.0,1.7896645902599562e+18,1.7896787911979523e+18,ao_vivo,0
curated,trade,PETRU442,2026-09-17,1,7795,4.0,1.7896645902596777e+18,1.7896787914234232e+18,ao_vivo,0
curated,trade,PETRU447,2026-09-17,1,7875,6.0,1.7896676385283807e+18,1.7899881663148262e+18,misto,0
curated,trade,PETRU452,2026-09-17,1,8061,14.0,1.789664590259537e+18,1.7896787914233147e+18,ao_vivo,0
curated,trade,PETRU457,2026-09-17,1,7960,9.0,1.7896655735074908e+18,1.789988166314781e+18,misto,0
curated,trade,VALE3,2026-09-17,1,532256,31234.0,1.7896501820527624e+18,1.789678791085664e+18,ao_vivo,0
curated,trade,WDOFUT,2026-09-17,1,5277855,473230.0,1.7896464422788142e+18,1.789680599775201e+18,ao_vivo,0
curated,trade,WEGE3,2026-09-17,1,232346,13442.0,1.7896503229211415e+18,1.7896787911809021e+18,ao_vivo,0
curated,trade,WINFUT,2026-09-17,1,56280456,5670638.0,1.7896465789979784e+18,1.789680300068891e+18,ao_vivo,0
curated,trade,WINV26,2026-09-17,1,35512567,5674760.0,1.7910647913235323e+18,1.7910647913235323e+18,importado,0
curated,trade,BBAS3,2026-09-18,1,522588,29893.0,1.789736617410638e+18,1.789766997479108e+18,ao_vivo,0
curated,trade,BOVA11,2026-09-18,1,308519,15113.0,1.7897367595486807e+18,1.7897669982290975e+18,ao_vivo,0
curated,trade,ITUB4,2026-09-18,1,309043,17821.0,1.7897366160543703e+18,1.7897668867482079e+18,ao_vivo,0
curated,trade,MGLU3,2026-09-18,1,199375,11936.0,1.7897368947093082e+18,1.7897669408172877e+18,ao_vivo,0
curated,trade,PETR4,2026-09-18,1,463584,27933.0,1.7897366307679626e+18,1.7897669674105272e+18,ao_vivo,0
curated,trade,PETRI19,2026-09-18,1,15906,420.0,1.7897366874492915e+18,1.7897612467636861e+18,ao_vivo,0
curated,trade,PETRI442,2026-09-18,1,8856,32.0,1.789737213037543e+18,1.7897612478359455e+18,ao_vivo,0
curated,trade,PETRI447,2026-09-18,1,9342,50.0,1.7897385855149645e+18,1.7897612467959017e+18,ao_vivo,0
curated,trade,PETRI452,2026-09-18,1,9145,47.0,1.7897377682382582e+18,1.7897612478354609e+18,ao_vivo,0
curated,trade,PETRI457,2026-09-18,1,9654,67.0,1.7897376512229084e+18,1.7897612478363249e+18,ao_vivo,0
curated,trade,PETRI522,2026-09-18,1,12185,230.0,1.7897364595497807e+18,1.789761246771852e+18,ao_vivo,0
curated,trade,PETRI527,2026-09-18,1,8844,43.0,1.7897364590232233e+18,1.7897612467721326e+18,ao_vivo,0
curated,trade,PETRI542,2026-09-18,1,8435,37.0,1.7897499284435013e+18,1.7897612467755146e+18,ao_vivo,0
curated,trade,PETRU442,2026-09-18,1,7794,3.0,1.7897374563798904e+18,1.7897612478357187e+18,ao_vivo,0
curated,trade,PETRU452,2026-09-18,1,7878,6.0,1.7897406269399066e+18,1.7897612478352428e+18,ao_vivo,0
curated,trade,VALE3,2026-09-18,1,429000,24956.0,1.7897366337357225e+18,1.7897669960942848e+18,ao_vivo,0
curated,trade,WDOFUT,2026-09-18,1,4359632,390877.0,1.7897328562132992e+18,1.7897669989864474e+18,ao_vivo,0
curated,trade,WEGE3,2026-09-18,1,181172,10749.0,1.7897368944523464e+18,1.7897669122012383e+18,ao_vivo,0
curated,trade,WINFUT,2026-09-18,1,31594411,5051438.0,1.7900334701866084e+18,1.7900334701866084e+18,importado,0
curated,trade,WINV26,2026-09-18,1,31594411,5051438.0,1.7910649318520476e+18,1.7910649318520476e+18,importado,0
curated,trade,BBAS3,2026-09-21,1,802080,46386.0,1.7899958334750474e+18,1.7900243600839373e+18,ao_vivo,0
curated,trade,BOVA11,2026-09-21,1,1010446,45041.0,1.7899959589566784e+18,1.7900243953722895e+18,ao_vivo,0
curated,trade,ITUB4,2026-09-21,1,471216,28000.0,1.7899958310354913e+18,1.7900242836524902e+18,ao_vivo,0
curated,trade,MGLU3,2026-09-21,1,250151,14883.0,1.7899960444776428e+18,1.7900243072692165e+18,ao_vivo,0
curated,trade,PETR4,2026-09-21,1,662110,39780.0,1.7899958250495962e+18,1.790024388294949e+18,ao_vivo,0
curated,trade,VALE3,2026-09-21,1,487673,28106.0,1.7899958164293665e+18,1.7900243912854518e+18,ao_vivo,0
curated,trade,WDOFUT,2026-09-21,1,4638717,409530.0,1.7899920442772815e+18,1.790026198334634e+18,ao_vivo,0
curated,trade,WEGE3,2026-09-21,1,331194,18630.0,1.7899959590764352e+18,1.7900243971902925e+18,ao_vivo,0
curated,trade,WINFUT,2026-09-21,1,51991589,5266849.0,1.7899921676062385e+18,1.79002589854176e+18,ao_vivo,0
curated,trade,WINV26,2026-09-21,1,32787908,5268240.0,1.7910650867853486e+18,1.7910650867853486e+18,importado,0
curated,trade,BBAS3,2026-09-22,1,671073,37737.0,1.790082215918825e+18,1.7901107935082217e+18,ao_vivo,0
curated,trade,BOVA11,2026-09-22,1,545125,28873.0,1.7900825162302093e+18,1.790110772346772e+18,ao_vivo,0
curated,trade,ITUB4,2026-09-22,1,549830,31124.0,1.7900821799449098e+18,1.7901107989913193e+18,ao_vivo,0
curated,trade,MGLU3,2026-09-22,1,195161,11473.0,1.7900822262725988e+18,1.790110767495269e+18,ao_vivo,0
curated,trade,PETR4,2026-09-22,1,1345355,66149.0,1.7900822325187976e+18,1.7901107519464594e+18,ao_vivo,0
curated,trade,PETRJ22,2026-09-22,1,14651,287.0,1.7900822346587397e+18,1.7901080995845778e+18,ao_vivo,0
curated,trade,PETRJ470,2026-09-22,1,10116,89.0,1.7900828766492168e+18,1.7901064114304074e+18,ao_vivo,0
curated,trade,PETRJ49,2026-09-22,1,16914,412.0,1.7900824466034852e+18,1.7901068712208046e+18,ao_vivo,0
curated,trade,PETRJ493,2026-09-22,1,15866,346.0,1.7900821200075197e+18,1.7901080995853138e+18,ao_vivo,0
curated,trade,PETRJ494,2026-09-22,1,19028,506.0,1.7900823793182333e+18,1.790106878165115e+18,ao_vivo,0
curated,trade,PETRJ500,2026-09-22,1,25606,881.0,1.7900822403531348e+18,1.7901081595932296e+18,ao_vivo,0
curated,trade,PETRJ550,2026-09-22,1,10928,123.0,1.7900822255513021e+18,1.7901068425901097e+18,ao_vivo,0
curated,trade,PETRV22,2026-09-22,1,9529,61.0,1.7900825970743409e+18,1.7901039072461468e+18,ao_vivo,0
curated,trade,PETRV470,2026-09-22,1,13403,235.0,1.7900824429850908e+18,1.790108099586496e+18,ao_vivo,0
curated,trade,PETRV480,2026-09-22,1,19182,529.0,1.79008222703752e+18,1.7901080995866058e+18,ao_vivo,0
curated,trade,PETRV49,2026-09-22,1,32814,1249.0,1.7900821199663834e+18,1.7901081595938483e+18,ao_vivo,0
curated,trade,PETRV494,2026-09-22,1,17103,457.0,1.7900824469681787e+18,1.790108099649226e+18,ao_vivo,0
curated,trade,PETRV500,2026-09-22,1,16425,397.0,1.790082000051955e+18,1.790108159592757e+18,ao_vivo,0
curated,trade,PETRV550,2026-09-22,1,7834,3.0,1.7900865717626268e+18,1.7900998239995172e+18,ao_vivo,0
curated,trade,VALE3,2026-09-22,1,554725,32596.0,1.790082238676295e+18,1.790110743932142e+18,ao_vivo,0
curated,trade,WDOFUT,2026-09-22,1,5399520,457082.0,1.7900784509826276e+18,1.7901125987376246e+18,ao_vivo,0
curated,trade,WDOV26,2026-09-22,1,5360150,457082.0,1.790078450982373e+18,1.7901125987373322e+18,ao_vivo,0
curated,trade,WDOX26,2026-09-22,1,54073,2971.0,1.790078455034509e+18,1.790112589691524e+18,ao_vivo,0
curated,trade,WEGE3,2026-09-22,1,288618,17028.0,1.7900822348761587e+18,1.790110655382728e+18,ao_vivo,0
curated,trade,WINFUT,2026-09-22,1,54346185,5411405.0,1.7900785616903334e+18,1.7901122992838753e+18,ao_vivo,0
curated,trade,WINV26,2026-09-22,1,34006322,5412725.0,1.791065233799977e+18,1.791065233799977e+18,importado,0
curated,trade,BBAS3,2026-09-23,1,523103,30627.0,1.7901689565686595e+18,1.7901971503308956e+18,ao_vivo,0
curated,trade,BOVA11,2026-09-23,1,641143,29464.0,1.7901689599482335e+18,1.7901970496569697e+18,ao_vivo,0
curated,trade,ITUB4,2026-09-23,1,580336,32650.0,1.7901689230740905e+18,1.790197199032259e+18,ao_vivo,0
curated,trade,MGLU3,2026-09-23,1,441065,24489.0,1.7901689563736474e+18,1.7901971760363886e+18,ao_vivo,0
curated,trade,PETR4,2026-09-23,1,1143614,60959.0,1.7901689218913981e+18,1.7901971940003077e+18,ao_vivo,0
curated,trade,PETRJ22,2026-09-23,1,16314,380.0,1.7901689099407754e+18,1.7901945017739566e+18,ao_vivo,0
curated,trade,PETRJ470,2026-09-23,1,8300,19.0,1.7901703862281526e+18,1.7901900945792476e+18,ao_vivo,0
curated,trade,PETRJ49,2026-09-23,1,19163,575.0,1.7901689227748355e+18,1.7901930433507318e+18,ao_vivo,0
curated,trade,PETRJ493,2026-09-23,1,12877,207.0,1.7901689632901133e+18,1.7901929327242493e+18,ao_vivo,0
curated,trade,PETRJ494,2026-09-23,1,14275,274.0,1.7901689099416335e+18,1.7901928226442783e+18,ao_vivo,0
curated,trade,PETRJ500,2026-09-23,1,22351,648.0,1.790168933145315e+18,1.790194501774251e+18,ao_vivo,0
curated,trade,PETRJ550,2026-09-23,1,16096,353.0,1.7901689230410788e+18,1.7901928393744896e+18,ao_vivo,0
curated,trade,PETRV22,2026-09-23,1,14832,326.0,1.7901689147438633e+18,1.7901931758639022e+18,ao_vivo,0
curated,trade,PETRV470,2026-09-23,1,10539,106.0,1.7901689306122447e+18,1.7901932487545413e+18,ao_vivo,0
curated,trade,PETRV480,2026-09-23,1,18588,532.0,1.790168922790117e+18,1.790193286759723e+18,ao_vivo,0
curated,trade,PETRV49,2026-09-23,1,29228,1064.0,1.7901689021195748e+18,1.7901945618074655e+18,ao_vivo,0
curated,trade,PETRV494,2026-09-23,1,16760,380.0,1.790168953057174e+18,1.7901946217477985e+18,ao_vivo,0
curated,trade,PETRV500,2026-09-23,1,18916,491.0,1.7901689302319158e+18,1.790193272887746e+18,ao_vivo,0
curated,trade,PETRV550,2026-09-23,1,8742,32.0,1.7901692473396616e+18,1.7901927009738488e+18,ao_vivo,0
curated,trade,VALE3,2026-09-23,1,554576,32651.0,1.790168922526758e+18,1.7901971984988498e+18,ao_vivo,0
curated,trade,WDOFUT,2026-09-23,1,6443573,596367.0,1.790164850244634e+18,1.7901990004644175e+18,ao_vivo,0
curated,trade,WDOV26,2026-09-23,1,6506438,596367.0,1.7901648502445517e+18,1.7901990004641784e+18,ao_vivo,0
curated,trade,WDOX26,2026-09-23,1,86057,4868.0,1.790164844211121e+18,1.7901989851435694e+18,ao_vivo,0
curated,trade,WEGE3,2026-09-23,1,233381,12309.0,1.7901689212264266e+18,1.7901966777803146e+18,ao_vivo,0
curated,trade,WINFUT,2026-09-23,1,61116697,6162567.0,1.7901649714875717e+18,1.790198701568602e+18,ao_vivo,0
curated,trade,WINV26,2026-09-23,1,38382779,6164014.0,1.791065346762439e+18,1.791065346762439e+18,importado,0
curated,trade,BBAS3,2026-09-24,1,679723,38116.0,1.7902550126852946e+18,1.790288845598955e+18,ao_vivo,0
curated,trade,BOVA11,2026-09-24,1,836664,40127.0,1.7902553305845545e+18,1.7902888455990943e+18,ao_vivo,0
curated,trade,ITUB4,2026-09-24,1,389219,22341.0,1.7902550332134825e+18,1.7902888455994831e+18,ao_vivo,0
curated,trade,MGLU3,2026-09-24,1,318560,18808.0,1.7902550264692475e+18,1.790288845528555e+18,ao_vivo,0
curated,trade,PETR4,2026-09-24,1,819380,45044.0,1.7902550103185293e+18,1.7902888455990574e+18,ao_vivo,0
curated,trade,PETRJ22,2026-09-24,1,14584,308.0,1.7902548180326418e+18,1.7902888455284654e+18,ao_vivo,0
curated,trade,PETRJ470,2026-09-24,1,8620,29.0,1.7902551257003932e+18,1.790288845272558e+18,ao_vivo,0
curated,trade,PETRJ49,2026-09-24,1,14772,342.0,1.7902551680322578e+18,1.790288845528879e+18,ao_vivo,0
curated,trade,PETRJ493,2026-09-24,1,10055,77.0,1.790254905462082e+18,1.7902888455288348e+18,ao_vivo,0
curated,trade,PETRJ494,2026-09-24,1,11059,125.0,1.7902551000441981e+18,1.7902888455287675e+18,ao_vivo,0
curated,trade,PETRJ500,2026-09-24,1,16665,392.0,1.7902548406605135e+18,1.7902888455286697e+18,ao_vivo,0
curated,trade,PETRJ550,2026-09-24,1,15328,322.0,1.7902550103184297e+18,1.7902888455284227e+18,ao_vivo,0
curated,trade,PETRV22,2026-09-24,1,13039,231.0,1.7902549815523244e+18,1.7902888455284406e+18,ao_vivo,0
curated,trade,PETRV470,2026-09-24,1,9560,62.0,1.7902554137279836e+18,1.79028884552833e+18,ao_vivo,0
curated,trade,PETRV480,2026-09-24,1,14907,338.0,1.7902548598708419e+18,1.790288845528373e+18,ao_vivo,0
curated,trade,PETRV49,2026-09-24,1,18752,505.0,1.7902550103182612e+18,1.790288845528859e+18,ao_vivo,0
curated,trade,PETRV494,2026-09-24,1,13152,222.0,1.7902550843052613e+18,1.7902888455287117e+18,ao_vivo,0
curated,trade,PETRV500,2026-09-24,1,14342,280.0,1.790255010418612e+18,1.790288845528498e+18,ao_vivo,0
curated,trade,PETRV550,2026-09-24,1,8278,15.0,1.7902559951603315e+18,1.790288845528401e+18,ao_vivo,0
curated,trade,VALE3,2026-09-24,1,545608,30379.0,1.790255024656176e+18,1.7902888455996457e+18,ao_vivo,0
curated,trade,WDOFUT,2026-09-24,1,6088551,580289.0,1.7902521301119857e+18,1.7902888455993464e+18,ao_vivo,0
curated,trade,WDOV26,2026-09-24,1,6227178,580289.0,1.7902521301118812e+18,1.7902888455994202e+18,ao_vivo,0
curated,trade,WDOX26,2026-09-24,1,51627,2489.0,1.7902512572712827e+18,1.7902888455995028e+18,ao_vivo,0
curated,trade,WEGE3,2026-09-24,1,317358,18372.0,1.7902553321502067e+18,1.7902888455286144e+18,ao_vivo,0
curated,trade,WINFUT,2026-09-24,1,60925542,6160124.0,1.7902521445650742e+18,1.790288845599462e+18,ao_vivo,0
curated,trade,WINV26,2026-09-24,1,38050915,6165264.0,1.7910654725538875e+18,1.7910654725538875e+18,importado,0
curated,trade,BBAS3,2026-09-25,1,461296,27521.0,1.7903414327776435e+18,1.7903716537867546e+18,ao_vivo,0
curated,trade,BOVA11,2026-09-25,1,981991,48739.0,1.7903416199096338e+18,1.7903716463362688e+18,ao_vivo,0
curated,trade,ITUB4,2026-09-25,1,450363,25166.0,1.7903414374329718e+18,1.7903715612878318e+18,ao_vivo,0
curated,trade,MGLU3,2026-09-25,1,386836,23291.0,1.7903416500343693e+18,1.790371796829285e+18,ao_vivo,0
curated,trade,PETR4,2026-09-25,1,774165,39781.0,1.790341414080432e+18,1.7903717438642227e+18,ao_vivo,0
curated,trade,PETRJ22,2026-09-25,1,13443,246.0,1.7903413799529592e+18,1.790365882888265e+18,ao_vivo,0
curated,trade,PETRJ470,2026-09-25,1,8605,29.0,1.7903432423489367e+18,1.7903659810910643e+18,ao_vivo,0
curated,trade,PETRJ49,2026-09-25,1,13804,278.0,1.7903412014591222e+18,1.790365833910742e+18,ao_vivo,0
curated,trade,PETRJ493,2026-09-25,1,13968,287.0,1.790342157862315e+18,1.790367299628848e+18,ao_vivo,0
curated,trade,PETRJ494,2026-09-25,1,12896,217.0,1.7903414677377244e+18,1.7903672996292332e+18,ao_vivo,0
curated,trade,PETRJ500,2026-09-25,1,38748,1886.0,1.7903412001356867e+18,1.7903673596579674e+18,ao_vivo,0
curated,trade,PETRJ550,2026-09-25,1,150940,8664.0,1.790341414182522e+18,1.790366085363762e+18,ao_vivo,0
curated,trade,PETRV22,2026-09-25,1,10197,87.0,1.7903412015468106e+18,1.7903659809297692e+18,ao_vivo,0
curated,trade,PETRV470,2026-09-25,1,10242,89.0,1.790341200158745e+18,1.7903672996683558e+18,ao_vivo,0
curated,trade,PETRV480,2026-09-25,1,14956,314.0,1.7903414432824845e+18,1.7903672996685074e+18,ao_vivo,0
curated,trade,PETRV49,2026-09-25,1,18702,489.0,1.7903414141824678e+18,1.7903658271153434e+18,ao_vivo,0
curated,trade,PETRV494,2026-09-25,1,14446,299.0,1.7903415817745034e+18,1.7903660943201508e+18,ao_vivo,0
curated,trade,PETRV500,2026-09-25,1,15759,353.0,1.7903414501655498e+18,1.7903672996688525e+18,ao_vivo,0
curated,trade,PETRV550,2026-09-25,1,8424,23.0,1.7903435792147807e+18,1.790365618434721e+18,ao_vivo,0
curated,trade,VALE3,2026-09-25,1,397243,21895.0,1.790341425151357e+18,1.7903717912604946e+18,ao_vivo,0
curated,trade,WDOFUT,2026-09-25,1,5614985,505119.0,1.7903376378301893e+18,1.7903717992729062e+18,ao_vivo,0
curated,trade,WDOV26,2026-09-25,1,5507351,505119.0,1.7903376378300956e+18,1.7903717992726546e+18,ao_vivo,0
curated,trade,WDOX26,2026-09-25,1,81207,4238.0,1.7903376515524155e+18,1.790371790047727e+18,ao_vivo,0
curated,trade,WEGE3,2026-09-25,1,258367,14757.0,1.7903414240637865e+18,1.7903716711232381e+18,ao_vivo,0
curated,trade,WINFUT,2026-09-25,1,54238405,5430457.0,1.7903377784272924e+18,1.7903714994128238e+18,ao_vivo,0
curated,trade,WINV26,2026-09-25,1,33669964,5431789.0,1.7910656025908588e+18,1.7910656025908588e+18,importado,0
curated,trade,BBAS3,2026-09-28,1,468956,28940.0,1.790600639531481e+18,1.7906291753764641e+18,ao_vivo,0
curated,trade,BOVA11,2026-09-28,1,750097,33233.0,1.7906009333011502e+18,1.7906290964035704e+18,ao_vivo,0
curated,trade,ITUB4,2026-09-28,1,364058,21546.0,1.7906006184217774e+18,1.7906291807236618e+18,ao_vivo,0
curated,trade,MGLU3,2026-09-28,1,784186,43474.0,1.790600971738835e+18,1.7906291982108488e+18,ao_vivo,0
curated,trade,PETR4,2026-09-28,1,774833,39478.0,1.7906009714729014e+18,1.7906291831400522e+18,ao_vivo,0
curated,trade,PETRJ22,2026-09-28,1,12987,211.0,1.7906010967295867e+18,1.790626499587345e+18,ao_vivo,0
curated,trade,PETRJ470,2026-09-28,1,8113,11.0,1.7906022018096637e+18,1.790617747844307e+18,ao_vivo,0
curated,trade,PETRJ49,2026-09-28,1,11968,168.0,1.7906012383885345e+18,1.7906244697264801e+18,ao_vivo,0
curated,trade,PETRJ493,2026-09-28,1,12610,195.0,1.7906005199734822e+18,1.7906265596179036e+18,ao_vivo,0
curated,trade,PETRJ494,2026-09-28,1,14119,324.0,1.7906005795585157e+18,1.7906250083652692e+18,ao_vivo,0
curated,trade,PETRJ500,2026-09-28,1,32413,1335.0,1.7906006371384118e+18,1.790626499588502e+18,ao_vivo,0
curated,trade,PETRJ550,2026-09-28,1,14533,304.0,1.790600698936885e+18,1.790626559617744e+18,ao_vivo,0
curated,trade,PETRV22,2026-09-28,1,10144,92.0,1.790601296352982e+18,1.7906250826381005e+18,ao_vivo,0
curated,trade,PETRV470,2026-09-28,1,9120,41.0,1.7906016264104532e+18,1.7906264996659668e+18,ao_vivo,0
curated,trade,PETRV480,2026-09-28,1,13746,258.0,1.7906009727566584e+18,1.790626499666162e+18,ao_vivo,0
curated,trade,PETRV49,2026-09-28,1,19817,542.0,1.7906005799162084e+18,1.7906252910430397e+18,ao_vivo,0
curated,trade,PETRV494,2026-09-28,1,12312,180.0,1.7906006563218798e+18,1.7906264996899197e+18,ao_vivo,0
curated,trade,PETRV500,2026-09-28,1,16274,373.0,1.7906005042000627e+18,1.7906252159064515e+18,ao_vivo,0
curated,trade,PETRV550,2026-09-28,1,8373,19.0,1.7906015774782003e+18,1.79062655961807e+18,ao_vivo,0
curated,trade,VALE3,2026-09-28,1,473495,27503.0,1.7906006214464376e+18,1.790629168261492e+18,ao_vivo,0
curated,trade,WDOFUT,2026-09-28,1,6124012,572815.0,1.7905989070377912e+18,1.7906309986304535e+18,ao_vivo,0
curated,trade,WDOV26,2026-09-28,1,6194898,572815.0,1.7905989070374884e+18,1.7906309986301094e+18,ao_vivo,0
curated,trade,WDOX26,2026-09-28,1,287876,15942.0,1.7905989939602552e+18,1.7906309898115423e+18,ao_vivo,0
curated,trade,WEGE3,2026-09-28,1,333699,19304.0,1.7906006187878042e+18,1.7906291537972052e+18,ao_vivo,0
curated,trade,WINFUT,2026-09-28,1,56165446,5580267.0,1.7905990005852603e+18,1.7906306990673162e+18,ao_vivo,0
curated,trade,WINV26,2026-09-28,1,35007947,5581733.0,1.7910657506780925e+18,1.7910657506780925e+18,importado,0
curated,trade,BBAS3,2026-09-29,1,502590,30568.0,1.7906870291473098e+18,1.7907155650796836e+18,ao_vivo,0
curated,trade,BOVA11,2026-09-29,1,747760,37518.0,1.7906873329348972e+18,1.790715583171334e+18,ao_vivo,0
curated,trade,ITUB4,2026-09-29,1,456749,27278.0,1.7906870190267095e+18,1.7907155904761513e+18,ao_vivo,0
curated,trade,MGLU3,2026-09-29,1,423842,24649.0,1.7906870233188808e+18,1.7907155900330194e+18,ao_vivo,0
curated,trade,PETR4,2026-09-29,1,661152,38252.0,1.790687014289519e+18,1.7907155648883704e+18,ao_vivo,0
curated,trade,PETRJ22,2026-09-29,1,11818,160.0,1.7906870257801697e+18,1.7907129598066074e+18,ao_vivo,0
curated,trade,PETRJ470,2026-09-29,1,9626,68.0,1.79068703907366e+18,1.7907116114469002e+18,ao_vivo,0
curated,trade,PETRJ49,2026-09-29,1,12520,194.0,1.7906873551229148e+18,1.7907116263986112e+18,ao_vivo,0
curated,trade,PETRJ493,2026-09-29,1,11021,121.0,1.7906870145638828e+18,1.7907115791846797e+18,ao_vivo,0
curated,trade,PETRJ494,2026-09-29,1,13991,282.0,1.7906871883506243e+18,1.7907104995364431e+18,ao_vivo,0
curated,trade,PETRJ500,2026-09-29,1,19889,568.0,1.7906869799650988e+18,1.7907128996759685e+18,ao_vivo,0
curated,trade,PETRJ550,2026-09-29,1,11982,181.0,1.7906870234271598e+18,1.7907128996760054e+18,ao_vivo,0
curated,trade,PETRV22,2026-09-29,1,8370,18.0,1.7906871505225907e+18,1.7907106439062103e+18,ao_vivo,0
curated,trade,PETRV470,2026-09-29,1,9174,43.0,1.7906871242427438e+18,1.7907116115932777e+18,ao_vivo,0
curated,trade,PETRV480,2026-09-29,1,12649,198.0,1.790687167335356e+18,1.7907116308185452e+18,ao_vivo,0
curated,trade,PETRV49,2026-09-29,1,20390,565.0,1.7906869199667387e+18,1.7907128996762191e+18,ao_vivo,0
curated,trade,PETRV494,2026-09-29,1,18012,472.0,1.790686800018857e+18,1.790712899676494e+18,ao_vivo,0
curated,trade,PETRV500,2026-09-29,1,14355,272.0,1.790686859945739e+18,1.790712959807226e+18,ao_vivo,0
curated,trade,PETRV550,2026-09-29,1,8137,11.0,1.79068725844126e+18,1.79071311160982e+18,ao_vivo,0
curated,trade,VALE3,2026-09-29,1,1041322,52870.0,1.7906870277466017e+18,1.7907155338642555e+18,ao_vivo,0
curated,trade,WDOFUT,2026-09-29,1,5986029,556507.0,1.790683256278695e+18,1.790717399110114e+18,ao_vivo,0
curated,trade,WDOV26,2026-09-29,1,5889293,556507.0,1.7906832562786222e+18,1.7907173991100416e+18,ao_vivo,0
curated,trade,WDOX26,2026-09-29,1,429800,24060.0,1.7906832492390093e+18,1.7907173991096666e+18,ao_vivo,0
curated,trade,WEGE3,2026-09-29,1,500266,30526.0,1.7906868601132193e+18,1.7907155443574326e+18,ao_vivo,0
curated,trade,WINFUT,2026-09-29,1,54106879,5412275.0,1.7906833623755343e+18,1.7907170993585116e+18,ao_vivo,0
curated,trade,WINV26,2026-09-29,1,33593834,5414340.0,1.7910659024228372e+18,1.7910659024228372e+18,importado,0
curated,trade,BBAS3,2026-09-30,1,695780,40835.0,1.7907737526453604e+18,1.7908019921802808e+18,ao_vivo,0
curated,trade,BOVA11,2026-09-30,1,818429,38352.0,1.790773618992326e+18,1.790801927121883e+18,ao_vivo,0
curated,trade,ITUB4,2026-09-30,1,1246686,66044.0,1.7907737524061842e+18,1.7908019954250652e+18,ao_vivo,0
curated,trade,MGLU3,2026-09-30,1,542708,32581.0,1.7907737523018135e+18,1.7908019907836882e+18,ao_vivo,0
curated,trade,PETR4,2026-09-30,1,827784,42411.0,1.7907734336107346e+18,1.790801991552245e+18,ao_vivo,0
curated,trade,PETRJ22,2026-09-30,1,13733,251.0,1.7907732770530191e+18,1.790797873853571e+18,ao_vivo,0
curated,trade,PETRJ470,2026-09-30,1,7941,7.0,1.7907865386816243e+18,1.790794897498434e+18,ao_vivo,0
curated,trade,PETRJ49,2026-09-30,1,10471,113.0,1.7907737128490793e+18,1.7907980086734825e+18,ao_vivo,0
curated,trade,PETRJ493,2026-09-30,1,11076,135.0,1.7907733189882245e+18,1.7907980441922957e+18,ao_vivo,0
curated,trade,PETRJ494,2026-09-30,1,10386,92.0,1.790773318988762e+18,1.7907975462894075e+18,ao_vivo,0
curated,trade,PETRJ500,2026-09-30,1,18472,470.0,1.7907732591229266e+18,1.7907992987645998e+18,ao_vivo,0
curated,trade,PETRJ550,2026-09-30,1,16440,412.0,1.7907735446307873e+18,1.7907993586484672e+18,ao_vivo,0
curated,trade,PETRV22,2026-09-30,1,11212,134.0,1.7907734337096026e+18,1.790797996257609e+18,ao_vivo,0
curated,trade,PETRV470,2026-09-30,1,9316,58.0,1.7907734380076498e+18,1.7907974431715302e+18,ao_vivo,0
curated,trade,PETRV480,2026-09-30,1,13637,258.0,1.790773318988868e+18,1.790799358648509e+18,ao_vivo,0
curated,trade,PETRV49,2026-09-30,1,21299,670.0,1.7907734337093896e+18,1.7907992987647107e+18,ao_vivo,0
curated,trade,PETRV494,2026-09-30,1,15272,317.0,1.790773444415236e+18,1.7907978000885153e+18,ao_vivo,0
curated,trade,PETRV500,2026-09-30,1,15976,364.0,1.790773322737108e+18,1.7907980941770158e+18,ao_vivo,0
curated,trade,PETRV550,2026-09-30,1,8209,13.0,1.7907742004971597e+18,1.7907962926169242e+18,ao_vivo,0
curated,trade,VALE3,2026-09-30,1,852030,43942.0,1.7907734166283156e+18,1.7908019720248102e+18,ao_vivo,0
curated,trade,WDOFUT,2026-09-30,1,6343442,605717.0,1.7907696407605115e+18,1.790803798558444e+18,ao_vivo,0
curated,trade,WDOV26,2026-09-30,1,911088,51082.0,1.7907696527667238e+18,1.7908037807969766e+18,ao_vivo,0
curated,trade,WDOX26,2026-09-30,1,6338711,605717.0,1.790769640760267e+18,1.7908037985583324e+18,ao_vivo,0
curated,trade,WEGE3,2026-09-30,1,461523,26678.0,1.790773410170145e+18,1.7908019975562972e+18,ao_vivo,0
curated,trade,WINFUT,2026-09-30,1,66444348,6694631.0,1.7907697635175252e+18,1.790803498372216e+18,ao_vivo,0
curated,trade,WINV26,2026-09-30,1,41373346,6696260.0,1.791066072226863e+18,1.791066072226863e+18,importado,0
curated,trade,BBAS3,2026-10-01,1,809622,41677.0,1.7908598210381327e+18,1.7908883750392195e+18,ao_vivo,0
curated,trade,BOVA11,2026-10-01,1,1072890,46010.0,1.7908601284618132e+18,1.790888355419408e+18,ao_vivo,0
curated,trade,ITUB4,2026-10-01,1,981266,51570.0,1.7908600369390203e+18,1.790888397710735e+18,ao_vivo,0
curated,trade,MGLU3,2026-10-01,1,361932,21630.0,1.7908600368724739e+18,1.7908883736048077e+18,ao_vivo,0
curated,trade,PETR4,2026-10-01,1,930560,47236.0,1.79086003695352e+18,1.7908883891605386e+18,ao_vivo,0
curated,trade,PETRJ22,2026-10-01,1,13345,237.0,1.79086007044287e+18,1.7908844413770486e+18,ao_vivo,0
curated,trade,PETRJ470,2026-10-01,1,8199,16.0,1.790861401672283e+18,1.7908838679468777e+18,ao_vivo,0
curated,trade,PETRJ49,2026-10-01,1,9596,63.0,1.7908601046197025e+18,1.7908812904115402e+18,ao_vivo,0
curated,trade,PETRJ493,2026-10-01,1,10444,98.0,1.7908600577856612e+18,1.7908840012361042e+18,ao_vivo,0
curated,trade,PETRJ494,2026-10-01,1,10177,90.0,1.7908601439611484e+18,1.7908836623774167e+18,ao_vivo,0
curated,trade,PETRJ500,2026-10-01,1,17863,453.0,1.7908600376241172e+18,1.7908856995841108e+18,ao_vivo,0
curated,trade,PETRJ550,2026-10-01,1,19562,640.0,1.7908597199276385e+18,1.7908858195672125e+18,ao_vivo,0
curated,trade,PETRV22,2026-10-01,1,10649,106.0,1.7908596564354788e+18,1.790884478166032e+18,ao_vivo,0
curated,trade,PETRV470,2026-10-01,1,9020,43.0,1.790859719928396e+18,1.7908843063611863e+18,ao_vivo,0
curated,trade,PETRV480,2026-10-01,1,13686,279.0,1.790859829832261e+18,1.7908844988865628e+18,ao_vivo,0
curated,trade,PETRV49,2026-10-01,1,19311,536.0,1.7908596599873748e+18,1.790885759597705e+18,ao_vivo,0
curated,trade,PETRV494,2026-10-01,1,13596,234.0,1.7908599140316616e+18,1.7908844853293532e+18,ao_vivo,0
curated,trade,PETRV500,2026-10-01,1,15569,322.0,1.790860108271871e+18,1.7908843617335263e+18,ao_vivo,0
curated,trade,PETRV550,2026-10-01,1,8335,18.0,1.790860636337704e+18,1.790884361572538e+18,ao_vivo,0
curated,trade,VALE3,2026-10-01,1,792083,40906.0,1.7908598191792064e+18,1.7908883676046766e+18,ao_vivo,0
curated,trade,WDOFUT,2026-10-01,1,6966325,670457.0,1.790856267780562e+18,1.790890198837403e+18,ao_vivo,0
curated,trade,WDOX26,2026-10-01,1,6963509,670457.0,1.7908562677802683e+18,1.7908901988371154e+18,ao_vivo,0
curated,trade,WEGE3,2026-10-01,1,354409,20611.0,1.7908600368694646e+18,1.7908883905535506e+18,ao_vivo,0
curated,trade,WINFUT,2026-10-01,1,68340720,6865249.0,1.7908560329557558e+18,1.7908898994954583e+18,ao_vivo,0
curated,trade,WINV26,2026-10-01,1,42869094,6867108.0,1.791066235945036e+18,1.791066235945036e+18,importado,0
curated,trade,BBAS3,2026-10-02,1,1230746,69088.0,1.790946218123243e+18,1.7909766003537664e+18,ao_vivo,0
curated,trade,BOVA11,2026-10-02,1,1320338,64970.0,1.7909465217526508e+18,1.790976600143671e+18,ao_vivo,0
curated,trade,ITUB4,2026-10-02,1,1164978,58985.0,1.7909466719286902e+18,1.7909765880981443e+18,ao_vivo,0
curated,trade,MGLU3,2026-10-02,1,521538,30855.0,1.7909466721963753e+18,1.7909765852747704e+18,ao_vivo,0
curated,trade,PETR4,2026-10-02,1,1197702,67374.0,1.790946671731767e+18,1.7909765962398991e+18,ao_vivo,0
curated,trade,PETRJ22,2026-10-02,1,13439,231.0,1.7909470753425482e+18,1.7909708451186609e+18,ao_vivo,0
curated,trade,PETRJ470,2026-10-02,1,8145,12.0,1.7909467100009667e+18,1.7909705629259185e+18,ao_vivo,0
curated,trade,PETRJ49,2026-10-02,1,10547,102.0,1.790946000189864e+18,1.7909706028172613e+18,ao_vivo,0
curated,trade,PETRJ493,2026-10-02,1,11159,121.0,1.7909463157332106e+18,1.7909704632550694e+18,ao_vivo,0
curated,trade,PETRJ494,2026-10-02,1,10421,90.0,1.7909466726947361e+18,1.7909700346583977e+18,ao_vivo,0
curated,trade,PETRJ500,2026-10-02,1,20861,564.0,1.7909459999630953e+18,1.7909720996602015e+18,ao_vivo,0
curated,trade,PETRJ550,2026-10-02,1,19580,522.0,1.790946119939203e+18,1.7909721596732925e+18,ao_vivo,0
curated,trade,PETRV22,2026-10-02,1,11829,152.0,1.790946724856736e+18,1.790970832915533e+18,ao_vivo,0
curated,trade,PETRV470,2026-10-02,1,10135,85.0,1.7909468596967683e+18,1.7909708109045558e+18,ao_vivo,0
curated,trade,PETRV480,2026-10-02,1,14950,319.0,1.7909459999823132e+18,1.7909722796103785e+18,ao_vivo,0
curated,trade,PETRV49,2026-10-02,1,22460,712.0,1.7909462118471985e+18,1.7909721596728284e+18,ao_vivo,0
curated,trade,PETRV494,2026-10-02,1,14695,279.0,1.7909459999825536e+18,1.7909707580735268e+18,ao_vivo,0
curated,trade,PETRV500,2026-10-02,1,25775,867.0,1.7909466724609293e+18,1.7909708856225897e+18,ao_vivo,0
curated,trade,PETRV550,2026-10-02,1,9487,57.0,1.790946839046923e+18,1.7909699113428495e+18,ao_vivo,0
curated,trade,VALE3,2026-10-02,1,1002546,51597.0,1.7909462106444895e+18,1.790976582542292e+18,ao_vivo,0
curated,trade,WDOFUT,2026-10-02,1,6969283,668706.0,1.7909424529718774e+18,1.7909765992839946e+18,ao_vivo,0
curated,trade,WDOX26,2026-10-02,1,7053434,668706.0,1.790942452971616e+18,1.7909765992632724e+18,ao_vivo,0
curated,trade,WEGE3,2026-10-02,1,562740,32057.0,1.7909465399706084e+18,1.7909765973755459e+18,ao_vivo,0
curated,trade,WINFUT,2026-10-02,1,78415249,7952384.0,1.7909425623542367e+18,1.7909762993851999e+18,ao_vivo,0
curated,trade,WINV26,2026-10-02,1,49015199,7954708.0,1.7910664278204088e+18,1.7910664278204088e+18,importado,0
backup,book_offer,BOVA11,2026-08-24,31,437297454,,,,desconhecido,0
backup,book_offer,ITUB4,2026-08-24,30,150261682,,,,desconhecido,0
backup,book_offer,PETR4,2026-08-24,30,200456495,,,,desconhecido,0
backup,book_offer,VALE3,2026-08-24,30,299542369,,,,desconhecido,0
backup,book_offer,WDOFUT,2026-08-24,36,716137212,,,,desconhecido,0
backup,book_offer,WINFUT,2026-08-24,8,306721973,,,,desconhecido,0
backup,book_offer,BOVA11,2026-08-25,15,170006984,,,,desconhecido,0
backup,book_offer,ITUB4,2026-08-25,14,53996475,,,,desconhecido,0
backup,book_offer,PETR4,2026-08-25,14,72873241,,,,desconhecido,0
backup,book_offer,VALE3,2026-08-25,14,77178755,,,,desconhecido,0
backup,book_offer,WDOFUT,2026-08-25,18,230427128,,,,desconhecido,0
backup,book_offer,WINFUT,2026-08-25,3,98117150,,,,desconhecido,0
backup,book_offer,BOVA11,2026-08-26,1,22336009,,,,desconhecido,0
backup,book_offer,ITUB4,2026-08-26,1,4795651,,,,desconhecido,0
backup,book_offer,PETR4,2026-08-26,1,7634204,,,,desconhecido,0
backup,book_offer,VALE3,2026-08-26,1,7456211,,,,desconhecido,0
backup,book_offer,WDOFUT,2026-08-26,1,28381772,,,,desconhecido,0
backup,book_offer,WINFUT,2026-08-26,13,505549982,,,,desconhecido,0
backup,book_offer,BOVA11,2026-08-27,33,623239174,,,,desconhecido,0
backup,book_offer,ITUB4,2026-08-27,32,226805223,,,,desconhecido,0
backup,book_offer,PETR4,2026-08-27,32,281354790,,,,desconhecido,0
backup,book_offer,VALE3,2026-08-27,31,245328596,,,,desconhecido,0
backup,book_offer,WDOFUT,2026-08-27,36,927058892,,,,desconhecido,0
backup,book_offer,WINFUT,2026-08-27,12,501078563,,,,desconhecido,0
backup,book_offer,BOVA11,2026-09-04,33,518275093,,,,desconhecido,0
backup,book_offer,ITUB4,2026-09-04,32,222916698,,,,desconhecido,0
backup,book_offer,PETR4,2026-09-04,33,287280130,,,,desconhecido,0
backup,book_offer,VALE3,2026-09-04,33,298018271,,,,desconhecido,0
backup,book_offer,WDOFUT,2026-09-04,34,995884238,,,,desconhecido,0
backup,book_offer,WINFUT,2026-09-04,13,493656174,,,,desconhecido,0
backup,book_offer,BOVA11,2026-09-08,1,25155369,,,,desconhecido,0
backup,book_offer,ITUB4,2026-09-08,1,6447838,,,,desconhecido,0
backup,book_offer,PETR4,2026-09-08,1,8003512,,,,desconhecido,0
backup,book_offer,VALE3,2026-09-08,1,8519563,,,,desconhecido,0
backup,book_offer,WDOFUT,2026-09-08,1,32861740,,,,desconhecido,0
backup,book_offer,WINFUT,2026-09-08,14,553995345,,,,desconhecido,0
backup,book_offer,BOVA11,2026-09-09,1,25498063,,,,desconhecido,0
backup,book_offer,ITUB4,2026-09-09,1,6018836,,,,desconhecido,0
backup,book_offer,PETR4,2026-09-09,1,7477122,,,,desconhecido,0
backup,book_offer,VALE3,2026-09-09,1,8630915,,,,desconhecido,0
backup,book_offer,WDOFUT,2026-09-09,1,32678262,,,,desconhecido,0
backup,book_offer,WINFUT,2026-09-09,14,546860893,,,,desconhecido,0
backup,book_offer,BOVA11,2026-09-10,34,150848554,,,,desconhecido,0
backup,book_offer,ITUB4,2026-09-10,34,92013714,,,,desconhecido,0
backup,book_offer,PETR4,2026-09-10,35,112557699,,,,desconhecido,0
backup,book_offer,VALE3,2026-09-10,34,106242579,,,,desconhecido,0
backup,book_offer,WDOFUT,2026-09-10,38,214238537,,,,desconhecido,0
backup,book_offer,WINFUT,2026-09-10,16,624630003,,,,desconhecido,0
backup,book_offer,BOVA11,2026-09-11,37,133037218,,,,desconhecido,0
backup,book_offer,ITUB4,2026-09-11,36,81040771,,,,desconhecido,0
backup,book_offer,PETR4,2026-09-11,36,101507692,,,,desconhecido,0
backup,book_offer,VALE3,2026-09-11,37,90940524,,,,desconhecido,0
backup,book_offer,WDOFUT,2026-09-11,38,179510448,,,,desconhecido,0
backup,book_offer,WINFUT,2026-09-11,12,494512204,,,,desconhecido,0
backup,book_offer,BOVA11,2026-09-14,30,133899916,,,,desconhecido,0
backup,book_offer,ITUB4,2026-09-14,31,80163638,,,,desconhecido,0
backup,book_offer,PETR4,2026-09-14,31,99728576,,,,desconhecido,0
backup,book_offer,VALE3,2026-09-14,31,100220109,,,,desconhecido,0
backup,book_offer,WDOFUT,2026-09-14,33,180488955,,,,desconhecido,0
backup,book_offer,WINFUT,2026-09-14,33,789250744,,,,desconhecido,0
backup,book_offer,BOVA11,2026-09-15,34,140700294,,,,desconhecido,0
backup,book_offer,ITUB4,2026-09-15,34,79972744,,,,desconhecido,0
backup,book_offer,PETR4,2026-09-15,34,108223261,,,,desconhecido,0
backup,book_offer,VALE3,2026-09-15,34,104515558,,,,desconhecido,0
backup,book_offer,WDOFUT,2026-09-15,38,196504274,,,,desconhecido,0
backup,book_offer,WINFUT,2026-09-15,38,814099021,,,,desconhecido,0
backup,book_offer,BOVA11,2026-09-16,34,136225554,,,,desconhecido,0
backup,book_offer,ITUB4,2026-09-16,35,79017529,,,,desconhecido,0
backup,book_offer,PETR4,2026-09-16,35,105508400,,,,desconhecido,0
backup,book_offer,VALE3,2026-09-16,35,101180359,,,,desconhecido,0
backup,book_offer,WDOFUT,2026-09-16,39,197249827,,,,desconhecido,0
backup,book_offer,WINFUT,2026-09-16,39,870485988,,,,desconhecido,0
backup,book_offer,BOVA11,2026-09-17,34,138209735,,,,desconhecido,0
backup,book_offer,ITUB4,2026-09-17,35,87449593,,,,desconhecido,0
backup,book_offer,PETR4,2026-09-17,36,91653391,,,,desconhecido,0
backup,book_offer,VALE3,2026-09-17,36,94510232,,,,desconhecido,0
backup,book_offer,WDOFUT,2026-09-17,39,195464389,,,,desconhecido,0
backup,book_offer,WINFUT,2026-09-17,39,880714775,,,,desconhecido,0
backup,book_offer,BOVA11,2026-09-18,32,116586985,,,,desconhecido,0
backup,book_offer,ITUB4,2026-09-18,32,64974125,,,,desconhecido,0
backup,book_offer,PETR4,2026-09-18,32,81025063,,,,desconhecido,0
backup,book_offer,VALE3,2026-09-18,32,88103716,,,,desconhecido,0
backup,book_offer,WDOFUT,2026-09-18,36,180064122,,,,desconhecido,0
backup,book_offer,WINFUT,2026-09-18,37,752551882,,,,desconhecido,0
backup,book_offer,BOVA11,2026-09-21,34,144502349,,,,desconhecido,0
backup,book_offer,ITUB4,2026-09-21,35,77984779,,,,desconhecido,0
backup,book_offer,PETR4,2026-09-21,35,99146213,,,,desconhecido,0
backup,book_offer,VALE3,2026-09-21,35,95043717,,,,desconhecido,0
backup,book_offer,WDOFUT,2026-09-21,39,195635332,,,,desconhecido,0
backup,book_offer,WINFUT,2026-09-21,39,836747899,,,,desconhecido,0
backup,book_offer,BOVA11,2026-09-22,35,129772438,,,,desconhecido,0
backup,book_offer,ITUB4,2026-09-22,34,84391693,,,,desconhecido,0
backup,book_offer,PETR4,2026-09-22,35,112776076,,,,desconhecido,0
backup,book_offer,VALE3,2026-09-22,35,97858737,,,,desconhecido,0
backup,book_offer,WDOFUT,2026-09-22,39,186175681,,,,desconhecido,0
backup,book_offer,WINFUT,2026-09-22,39,588870921,,,,desconhecido,0
backup,book_offer,BOVA11,2026-09-23,34,134823447,,,,desconhecido,0
backup,book_offer,ITUB4,2026-09-23,35,91738934,,,,desconhecido,0
backup,book_offer,PETR4,2026-09-23,35,107430090,,,,desconhecido,0
backup,book_offer,VALE3,2026-09-23,35,97803256,,,,desconhecido,0
backup,book_offer,WDOFUT,2026-09-23,38,191936760,,,,desconhecido,0
backup,book_offer,WINFUT,2026-09-23,38,624720867,,,,desconhecido,0
backup,book_offer,BOVA11,2026-09-24,35,135506271,,,,desconhecido,0
backup,book_offer,ITUB4,2026-09-24,35,84969221,,,,desconhecido,0
backup,book_offer,PETR4,2026-09-24,35,100593024,,,,desconhecido,0
backup,book_offer,VALE3,2026-09-24,35,102281705,,,,desconhecido,0
backup,book_offer,WDOFUT,2026-09-24,40,192426136,,,,desconhecido,0
backup,book_offer,WINFUT,2026-09-24,40,631627685,,,,desconhecido,0
backup,book_offer,BOVA11,2026-09-25,34,124649561,,,,desconhecido,0
backup,book_offer,ITUB4,2026-09-25,34,78558820,,,,desconhecido,0
backup,book_offer,PETR4,2026-09-25,35,97786509,,,,desconhecido,0
backup,book_offer,VALE3,2026-09-25,35,90193850,,,,desconhecido,0
backup,book_offer,WDOFUT,2026-09-25,39,187694686,,,,desconhecido,0
backup,book_offer,WINFUT,2026-09-25,39,620327133,,,,desconhecido,0
backup,book_offer,BOVA11,2026-09-28,34,127815288,,,,desconhecido,0
backup,book_offer,ITUB4,2026-09-28,35,81749797,,,,desconhecido,0
backup,book_offer,PETR4,2026-09-28,35,99354523,,,,desconhecido,0
backup,book_offer,VALE3,2026-09-28,35,98679161,,,,desconhecido,0
backup,book_offer,WDOFUT,2026-09-28,39,188796582,,,,desconhecido,0
backup,book_offer,WINFUT,2026-09-28,39,625064846,,,,desconhecido,0
backup,book_offer,BOVA11,2026-09-29,35,135772017,,,,desconhecido,0
backup,book_offer,ITUB4,2026-09-29,35,73942313,,,,desconhecido,0
backup,book_offer,PETR4,2026-09-29,34,95783644,,,,desconhecido,0
backup,book_offer,VALE3,2026-09-29,34,107669267,,,,desconhecido,0
backup,book_offer,WDOFUT,2026-09-29,39,197130959,,,,desconhecido,0
backup,book_offer,WINFUT,2026-09-29,39,575337208,,,,desconhecido,0
backup,book_offer,BOVA11,2026-09-30,34,141561287,,,,desconhecido,0
backup,book_offer,ITUB4,2026-09-30,35,102265659,,,,desconhecido,0
backup,book_offer,PETR4,2026-09-30,35,102228429,,,,desconhecido,0
backup,book_offer,VALE3,2026-09-30,35,104960894,,,,desconhecido,0
backup,book_offer,WDOFUT,2026-09-30,39,196400695,,,,desconhecido,0
backup,book_offer,WINFUT,2026-09-30,39,661260276,,,,desconhecido,0
backup,book_offer,BOVA11,2026-10-01,33,133989284,,,,desconhecido,0
backup,book_offer,ITUB4,2026-10-01,34,93863030,,,,desconhecido,0
backup,book_offer,PETR4,2026-10-01,35,102895684,,,,desconhecido,0
backup,book_offer,VALE3,2026-10-01,35,101882033,,,,desconhecido,0
backup,book_offer,WDOFUT,2026-10-01,39,197825109,,,,desconhecido,0
backup,book_offer,WINFUT,2026-10-01,39,656989280,,,,desconhecido,0
backup,book_offer,BOVA11,2026-10-02,34,144985079,,,,desconhecido,0
backup,book_offer,ITUB4,2026-10-02,35,108772347,,,,desconhecido,0
backup,book_offer,PETR4,2026-10-02,35,113054379,,,,desconhecido,0
backup,book_offer,VALE3,2026-10-02,33,108214567,,,,desconhecido,0
backup,book_offer,WDOFUT,2026-10-02,39,204924569,,,,desconhecido,0
backup,book_offer,WINFUT,2026-10-02,39,732950277,,,,desconhecido,0
backup,book_price,WINFUT,2026-08-24,4,157639074,,,,desconhecido,0
backup,book_price,WINFUT,2026-08-25,18,677797189,,,,desconhecido,0
backup,book_price,WINFUT,2026-08-26,3,138738287,,,,desconhecido,0
backup,book_price,WINFUT,2026-08-27,3,145500501,,,,desconhecido,0
backup,book_price,WINFUT,2026-09-04,3,132105865,,,,desconhecido,0
backup,book_price,WINFUT,2026-09-08,3,145785545,,,,desconhecido,0
backup,book_price,WINFUT,2026-09-09,3,147126837,,,,desconhecido,0
backup,book_price,WINFUT,2026-09-10,4,181264944,,,,desconhecido,0
backup,book_price,WINFUT,2026-09-11,3,142482803,,,,desconhecido,0
backup,book_price,WINFUT,2026-09-14,33,306092225,,,,desconhecido,0
backup,book_price,WINFUT,2026-09-15,38,345562544,,,,desconhecido,0
backup,book_price,WINFUT,2026-09-16,39,350106615,,,,desconhecido,0
backup,book_price,WINFUT,2026-09-17,38,363278244,,,,desconhecido,0
backup,book_price,WINFUT,2026-09-18,37,324980915,,,,desconhecido,0
backup,book_price,WINFUT,2026-09-21,39,385667600,,,,desconhecido,0
backup,book_price,WINFUT,2026-09-22,39,359720549,,,,desconhecido,0
backup,book_price,WINFUT,2026-09-23,38,365335567,,,,desconhecido,0
backup,book_price,WINFUT,2026-09-24,39,377099197,,,,desconhecido,0
backup,book_price,WINFUT,2026-09-25,39,392941830,,,,desconhecido,0
backup,book_price,WINFUT,2026-09-28,37,354269741,,,,desconhecido,0
backup,book_price,WINFUT,2026-09-29,39,358114929,,,,desconhecido,0
backup,book_price,WINFUT,2026-09-30,39,369504334,,,,desconhecido,0
backup,book_price,WINFUT,2026-10-01,38,361643199,,,,desconhecido,0
backup,book_price,WINFUT,2026-10-02,39,422838620,,,,desconhecido,0
backup,tiny_book,BBAS3,2026-08-24,33,39306449,,,,desconhecido,0
backup,tiny_book,BOVA11,2026-08-24,33,91067060,,,,desconhecido,0
backup,tiny_book,ITUB4,2026-08-24,32,46657352,,,,desconhecido,0
backup,tiny_book,MGLU3,2026-08-24,33,15397985,,,,desconhecido,0
backup,tiny_book,PETR4,2026-08-24,30,62801984,,,,desconhecido,0
backup,tiny_book,VALE3,2026-08-24,32,60536369,,,,desconhecido,0
backup,tiny_book,WDOFUT,2026-08-24,36,171617199,,,,desconhecido,0
backup,tiny_book,WEGE3,2026-08-24,33,27916928,,,,desconhecido,0
backup,tiny_book,WINFUT,2026-08-24,1,10074100,,,,desconhecido,0
backup,tiny_book,BBAS3,2026-08-25,15,25335312,,,,desconhecido,0
backup,tiny_book,BOVA11,2026-08-25,16,34755470,,,,desconhecido,0
backup,tiny_book,ITUB4,2026-08-25,14,19083899,,,,desconhecido,0
backup,tiny_book,MGLU3,2026-08-25,15,10973117,,,,desconhecido,0
backup,tiny_book,PETR4,2026-08-25,16,23825052,,,,desconhecido,0
backup,tiny_book,VALE3,2026-08-25,15,20079211,,,,desconhecido,0
backup,tiny_book,WDOFUT,2026-08-25,18,58247255,,,,desconhecido,0
backup,tiny_book,WEGE3,2026-08-25,15,14855545,,,,desconhecido,0
backup,tiny_book,WINFUT,2026-08-25,18,267748235,,,,desconhecido,0
backup,tiny_book,BBAS3,2026-08-26,34,48761500,,,,desconhecido,0
backup,tiny_book,BOVA11,2026-08-26,34,92706010,,,,desconhecido,0
backup,tiny_book,ITUB4,2026-08-26,33,49329839,,,,desconhecido,0
backup,tiny_book,MGLU3,2026-08-26,33,15936328,,,,desconhecido,0
backup,tiny_book,PETR4,2026-08-26,33,64634982,,,,desconhecido,0
backup,tiny_book,VALE3,2026-08-26,33,47166225,,,,desconhecido,0
backup,tiny_book,WDOFUT,2026-08-26,37,175797839,,,,desconhecido,0
backup,tiny_book,WEGE3,2026-08-26,32,32446883,,,,desconhecido,0
backup,tiny_book,WINFUT,2026-08-26,1,10134540,,,,desconhecido,0
backup,tiny_book,BBAS3,2026-08-27,33,37169041,,,,desconhecido,0
backup,tiny_book,BOVA11,2026-08-27,33,83425516,,,,desconhecido,0
backup,tiny_book,ITUB4,2026-08-27,31,28702158,,,,desconhecido,0
backup,tiny_book,MGLU3,2026-08-27,33,14713731,,,,desconhecido,0
backup,tiny_book,PETR4,2026-08-27,33,56463279,,,,desconhecido,0
backup,tiny_book,VALE3,2026-08-27,32,38694855,,,,desconhecido,0
backup,tiny_book,WDOFUT,2026-08-27,36,146126683,,,,desconhecido,0
backup,tiny_book,WEGE3,2026-08-27,33,19294628,,,,desconhecido,0
backup,tiny_book,WINFUT,2026-08-27,1,7929452,,,,desconhecido,0
backup,tiny_book,BBAS3,2026-09-04,31,44029446,,,,desconhecido,0
backup,tiny_book,BOVA11,2026-09-04,32,67150642,,,,desconhecido,0
backup,tiny_book,ITUB4,2026-09-04,31,49667004,,,,desconhecido,0
backup,tiny_book,MGLU3,2026-09-04,31,23859182,,,,desconhecido,0
backup,tiny_book,PETR4,2026-09-04,32,61008803,,,,desconhecido,0
backup,tiny_book,VALE3,2026-09-04,31,46199402,,,,desconhecido,0
backup,tiny_book,WDOFUT,2026-09-04,34,188779628,,,,desconhecido,0
backup,tiny_book,WEGE3,2026-09-04,31,30777339,,,,desconhecido,0
backup,tiny_book,WINFUT,2026-09-04,1,9469800,,,,desconhecido,0
backup,tiny_book,BBAS3,2026-09-08,1,540329,,,,desconhecido,0
backup,tiny_book,BOVA11,2026-09-08,1,958162,,,,desconhecido,0
backup,tiny_book,ITUB4,2026-09-08,1,705928,,,,desconhecido,0
backup,tiny_book,MGLU3,2026-09-08,1,264719,,,,desconhecido,0
backup,tiny_book,PETR4,2026-09-08,1,810700,,,,desconhecido,0
backup,tiny_book,VALE3,2026-09-08,1,560662,,,,desconhecido,0
backup,tiny_book,WDOFUT,2026-09-08,1,1820536,,,,desconhecido,0
backup,tiny_book,WEGE3,2026-09-08,1,493722,,,,desconhecido,0
backup,tiny_book,WINFUT,2026-09-08,1,10228150,,,,desconhecido,0
backup,tiny_book,BBAS3,2026-09-09,1,529058,,,,desconhecido,0
backup,tiny_book,BOVA11,2026-09-09,1,1072070,,,,desconhecido,0
backup,tiny_book,ITUB4,2026-09-09,1,712398,,,,desconhecido,0
backup,tiny_book,MGLU3,2026-09-09,1,197862,,,,desconhecido,0
backup,tiny_book,PETR4,2026-09-09,1,711497,,,,desconhecido,0
backup,tiny_book,VALE3,2026-09-09,1,607971,,,,desconhecido,0
backup,tiny_book,WDOFUT,2026-09-09,1,1855312,,,,desconhecido,0
backup,tiny_book,WEGE3,2026-09-09,1,541341,,,,desconhecido,0
backup,tiny_book,WINFUT,2026-09-09,1,10372262,,,,desconhecido,0
backup,tiny_book,BBAS3,2026-09-10,34,26547555,,,,desconhecido,0
backup,tiny_book,BOVA11,2026-09-10,34,41242575,,,,desconhecido,0
backup,tiny_book,ITUB4,2026-09-10,35,30190628,,,,desconhecido,0
backup,tiny_book,MGLU3,2026-09-10,35,14639034,,,,desconhecido,0
backup,tiny_book,PETR4,2026-09-10,33,34785234,,,,desconhecido,0
backup,tiny_book,VALE3,2026-09-10,34,28176584,,,,desconhecido,0
backup,tiny_book,WDOFUT,2026-09-10,38,63386253,,,,desconhecido,0
backup,tiny_book,WEGE3,2026-09-10,34,29748065,,,,desconhecido,0
backup,tiny_book,WINFUT,2026-09-10,1,10846552,,,,desconhecido,0
backup,tiny_book,BBAS3,2026-09-11,38,27714123,,,,desconhecido,0
backup,tiny_book,BOVA11,2026-09-11,38,28341605,,,,desconhecido,0
backup,tiny_book,ITUB4,2026-09-11,38,24710287,,,,desconhecido,0
backup,tiny_book,MGLU3,2026-09-11,36,13823281,,,,desconhecido,0
backup,tiny_book,PETR4,2026-09-11,38,30307219,,,,desconhecido,0
backup,tiny_book,VALE3,2026-09-11,38,23236168,,,,desconhecido,0
backup,tiny_book,WDOFUT,2026-09-11,38,52778262,,,,desconhecido,0
backup,tiny_book,WEGE3,2026-09-11,38,23753793,,,,desconhecido,0
backup,tiny_book,WINFUT,2026-09-11,1,8238871,,,,desconhecido,0
backup,tiny_book,BBAS3,2026-09-14,32,22387818,,,,desconhecido,0
backup,tiny_book,BOVA11,2026-09-14,32,33002680,,,,desconhecido,0
backup,tiny_book,ITUB4,2026-09-14,33,26326391,,,,desconhecido,0
backup,tiny_book,MGLU3,2026-09-14,32,10476647,,,,desconhecido,0
backup,tiny_book,PETR4,2026-09-14,33,29012507,,,,desconhecido,0
backup,tiny_book,VALE3,2026-09-14,32,28234731,,,,desconhecido,0
backup,tiny_book,WDOFUT,2026-09-14,33,52603178,,,,desconhecido,0
backup,tiny_book,WEGE3,2026-09-14,32,20261469,,,,desconhecido,0
backup,tiny_book,WINFUT,2026-09-14,33,71311524,,,,desconhecido,0
backup,tiny_book,BBAS3,2026-09-15,35,25091317,,,,desconhecido,0
backup,tiny_book,BOVA11,2026-09-15,35,38432640,,,,desconhecido,0
backup,tiny_book,ITUB4,2026-09-15,35,25777417,,,,desconhecido,0
backup,tiny_book,MGLU3,2026-09-15,34,11346453,,,,desconhecido,0
backup,tiny_book,PETR4,2026-09-15,35,32515853,,,,desconhecido,0
backup,tiny_book,VALE3,2026-09-15,35,28996760,,,,desconhecido,0
backup,tiny_book,WDOFUT,2026-09-15,38,57326470,,,,desconhecido,0
backup,tiny_book,WEGE3,2026-09-15,33,20918941,,,,desconhecido,0
backup,tiny_book,WINFUT,2026-09-15,38,84731401,,,,desconhecido,0
backup,tiny_book,BBAS3,2026-09-16,34,26606332,,,,desconhecido,0
backup,tiny_book,BOVA11,2026-09-16,35,30827717,,,,desconhecido,0
backup,tiny_book,ITUB4,2026-09-16,34,24049717,,,,desconhecido,0
backup,tiny_book,MGLU3,2026-09-16,35,12180918,,,,desconhecido,0
backup,tiny_book,PETR4,2026-09-16,36,31505753,,,,desconhecido,0
backup,tiny_book,VALE3,2026-09-16,36,27874096,,,,desconhecido,0
backup,tiny_book,WDOFUT,2026-09-16,39,53081387,,,,desconhecido,0
backup,tiny_book,WEGE3,2026-09-16,35,20340882,,,,desconhecido,0
backup,tiny_book,WINFUT,2026-09-16,39,75423970,,,,desconhecido,0
backup,tiny_book,BBAS3,2026-09-17,34,20938191,,,,desconhecido,0
backup,tiny_book,BOVA11,2026-09-17,34,23408935,,,,desconhecido,0
backup,tiny_book,ITUB4,2026-09-17,34,26965337,,,,desconhecido,0
backup,tiny_book,MGLU3,2026-09-17,34,10080708,,,,desconhecido,0
backup,tiny_book,PETR4,2026-09-17,34,23676820,,,,desconhecido,0
backup,tiny_book,PETRI19,2026-09-17,13,4643888,,,,desconhecido,0
backup,tiny_book,PETRI442,2026-09-17,12,2107327,,,,desconhecido,0
backup,tiny_book,PETRI447,2026-09-17,12,2470955,,,,desconhecido,0
backup,tiny_book,PETRI452,2026-09-17,12,1640217,,,,desconhecido,0
backup,tiny_book,PETRI457,2026-09-17,12,2171981,,,,desconhecido,0
backup,tiny_book,PETRI522,2026-09-17,13,2735850,,,,desconhecido,0
backup,tiny_book,PETRI527,2026-09-17,13,1869548,,,,desconhecido,0
backup,tiny_book,PETRI542,2026-09-17,12,481999,,,,desconhecido,0
backup,tiny_book,PETRU442,2026-09-17,6,19174,,,,desconhecido,0
backup,tiny_book,PETRU447,2026-09-17,6,16828,,,,desconhecido,0
backup,tiny_book,PETRU452,2026-09-17,6,20389,,,,desconhecido,0
backup,tiny_book,PETRU457,2026-09-17,8,23214,,,,desconhecido,0
backup,tiny_book,VALE3,2026-09-17,33,22333872,,,,desconhecido,0
backup,tiny_book,WDOFUT,2026-09-17,38,50164442,,,,desconhecido,0
backup,tiny_book,WEGE3,2026-09-17,34,14526991,,,,desconhecido,0
backup,tiny_book,WINFUT,2026-09-17,38,75160725,,,,desconhecido,0
backup,tiny_book,BBAS3,2026-09-18,30,24770498,,,,desconhecido,0
backup,tiny_book,BOVA11,2026-09-18,32,30875173,,,,desconhecido,0
backup,tiny_book,ITUB4,2026-09-18,31,19776674,,,,desconhecido,0
backup,tiny_book,MGLU3,2026-09-18,29,10019021,,,,desconhecido,0
backup,tiny_book,PETR4,2026-09-18,30,23426037,,,,desconhecido,0
backup,tiny_book,PETRI19,2026-09-18,26,7594792,,,,desconhecido,0
backup,tiny_book,PETRI442,2026-09-18,25,3997237,,,,desconhecido,0
backup,tiny_book,PETRI447,2026-09-18,20,1822366,,,,desconhecido,0
backup,tiny_book,PETRI452,2026-09-18,23,3751227,,,,desconhecido,0
backup,tiny_book,PETRI457,2026-09-18,24,4088343,,,,desconhecido,0
backup,tiny_book,PETRI522,2026-09-18,21,1075780,,,,desconhecido,0
backup,tiny_book,PETRI527,2026-09-18,17,301321,,,,desconhecido,0
backup,tiny_book,PETRI542,2026-09-18,15,83159,,,,desconhecido,0
backup,tiny_book,PETRU442,2026-09-18,10,29616,,,,desconhecido,0
backup,tiny_book,PETRU447,2026-09-18,5,13651,,,,desconhecido,0
backup,tiny_book,PETRU452,2026-09-18,8,32566,,,,desconhecido,0
backup,tiny_book,PETRU457,2026-09-18,8,23248,,,,desconhecido,0
backup,tiny_book,VALE3,2026-09-18,30,22480067,,,,desconhecido,0
backup,tiny_book,WDOFUT,2026-09-18,36,55207490,,,,desconhecido,0
backup,tiny_book,WEGE3,2026-09-18,30,13968551,,,,desconhecido,0
backup,tiny_book,WINFUT,2026-09-18,37,80415842,,,,desconhecido,0
backup,tiny_book,BBAS3,2026-09-21,34,28663705,,,,desconhecido,0
backup,tiny_book,BOVA11,2026-09-21,34,39595644,,,,desconhecido,0
backup,tiny_book,ITUB4,2026-09-21,35,24152221,,,,desconhecido,0
backup,tiny_book,MGLU3,2026-09-21,33,14088021,,,,desconhecido,0
backup,tiny_book,PETR4,2026-09-21,35,30023680,,,,desconhecido,0
backup,tiny_book,VALE3,2026-09-21,33,25237279,,,,desconhecido,0
backup,tiny_book,WDOFUT,2026-09-21,39,59784837,,,,desconhecido,0
backup,tiny_book,WEGE3,2026-09-21,34,19362635,,,,desconhecido,0
backup,tiny_book,WINFUT,2026-09-21,39,86136905,,,,desconhecido,0
backup,tiny_book,BBAS3,2026-09-22,35,30150961,,,,desconhecido,0
backup,tiny_book,BOVA11,2026-09-22,33,37129927,,,,desconhecido,0
backup,tiny_book,ITUB4,2026-09-22,34,28341184,,,,desconhecido,0
backup,tiny_book,MGLU3,2026-09-22,34,12684313,,,,desconhecido,0
backup,tiny_book,PETR4,2026-09-22,34,41250715,,,,desconhecido,0
backup,tiny_book,PETRJ22,2026-09-22,31,18241079,,,,desconhecido,0
backup,tiny_book,PETRJ470,2026-09-22,29,16563283,,,,desconhecido,0
backup,tiny_book,PETRJ49,2026-09-22,29,18982256,,,,desconhecido,0
backup,tiny_book,PETRJ493,2026-09-22,31,19287986,,,,desconhecido,0
backup,tiny_book,PETRJ494,2026-09-22,29,18661910,,,,desconhecido,0
backup,tiny_book,PETRJ500,2026-09-22,32,19369148,,,,desconhecido,0
backup,tiny_book,PETRJ550,2026-09-22,30,10102756,,,,desconhecido,0
backup,tiny_book,PETRV22,2026-09-22,28,19706445,,,,desconhecido,0
backup,tiny_book,PETRV470,2026-09-22,29,12279754,,,,desconhecido,0
backup,tiny_book,PETRV480,2026-09-22,30,16351178,,,,desconhecido,0
backup,tiny_book,PETRV49,2026-09-22,31,19613393,,,,desconhecido,0
backup,tiny_book,PETRV494,2026-09-22,32,19700145,,,,desconhecido,0
backup,tiny_book,PETRV500,2026-09-22,30,23730490,,,,desconhecido,0
backup,tiny_book,PETRV550,2026-09-22,27,14737895,,,,desconhecido,0
backup,tiny_book,VALE3,2026-09-22,33,27617496,,,,desconhecido,0
backup,tiny_book,WDOFUT,2026-09-22,39,62051969,,,,desconhecido,0
backup,tiny_book,WDOV26,2026-09-22,39,62069285,,,,desconhecido,0
backup,tiny_book,WDOX26,2026-09-22,38,14618562,,,,desconhecido,0
backup,tiny_book,WEGE3,2026-09-22,34,21360290,,,,desconhecido,0
backup,tiny_book,WINFUT,2026-09-22,39,88053512,,,,desconhecido,0
backup,tiny_book,BBAS3,2026-09-23,32,26976310,,,,desconhecido,0
backup,tiny_book,BOVA11,2026-09-23,33,40812881,,,,desconhecido,0
backup,tiny_book,ITUB4,2026-09-23,33,32459412,,,,desconhecido,0
backup,tiny_book,MGLU3,2026-09-23,33,21490712,,,,desconhecido,0
backup,tiny_book,PETR4,2026-09-23,33,36891333,,,,desconhecido,0
backup,tiny_book,PETRJ22,2026-09-23,30,20214499,,,,desconhecido,0
backup,tiny_book,PETRJ470,2026-09-23,28,16785408,,,,desconhecido,0
backup,tiny_book,PETRJ49,2026-09-23,29,19631447,,,,desconhecido,0
backup,tiny_book,PETRJ493,2026-09-23,28,18586165,,,,desconhecido,0
backup,tiny_book,PETRJ494,2026-09-23,29,19730094,,,,desconhecido,0
backup,tiny_book,PETRJ500,2026-09-23,31,20698331,,,,desconhecido,0
backup,tiny_book,PETRJ550,2026-09-23,29,14125962,,,,desconhecido,0
backup,tiny_book,PETRV22,2026-09-23,28,18186135,,,,desconhecido,0
backup,tiny_book,PETRV470,2026-09-23,29,8472045,,,,desconhecido,0
backup,tiny_book,PETRV480,2026-09-23,29,11881709,,,,desconhecido,0
backup,tiny_book,PETRV49,2026-09-23,31,16650339,,,,desconhecido,0
backup,tiny_book,PETRV494,2026-09-23,30,19735230,,,,desconhecido,0
backup,tiny_book,PETRV500,2026-09-23,30,20946921,,,,desconhecido,0
backup,tiny_book,PETRV550,2026-09-23,27,14623927,,,,desconhecido,0
backup,tiny_book,VALE3,2026-09-23,33,28229529,,,,desconhecido,0
backup,tiny_book,WDOFUT,2026-09-23,38,63047068,,,,desconhecido,0
backup,tiny_book,WDOV26,2026-09-23,38,63057410,,,,desconhecido,0
backup,tiny_book,WDOX26,2026-09-23,38,25696259,,,,desconhecido,0
backup,tiny_book,WEGE3,2026-09-23,32,22554595,,,,desconhecido,0
backup,tiny_book,WINFUT,2026-09-23,38,83748265,,,,desconhecido,0
backup,tiny_book,BBAS3,2026-09-24,37,30871366,,,,desconhecido,0
backup,tiny_book,BOVA11,2026-09-24,37,41439803,,,,desconhecido,0
backup,tiny_book,ITUB4,2026-09-24,36,26652335,,,,desconhecido,0
backup,tiny_book,MGLU3,2026-09-24,35,16731030,,,,desconhecido,0
backup,tiny_book,PETR4,2026-09-24,37,28967909,,,,desconhecido,0
backup,tiny_book,PETRJ22,2026-09-24,31,17642405,,,,desconhecido,0
backup,tiny_book,PETRJ470,2026-09-24,30,14738119,,,,desconhecido,0
backup,tiny_book,PETRJ49,2026-09-24,31,17882409,,,,desconhecido,0
backup,tiny_book,PETRJ493,2026-09-24,31,18329434,,,,desconhecido,0
backup,tiny_book,PETRJ494,2026-09-24,31,18236474,,,,desconhecido,0
backup,tiny_book,PETRJ500,2026-09-24,33,19290426,,,,desconhecido,0
backup,tiny_book,PETRJ550,2026-09-24,31,14786856,,,,desconhecido,0
backup,tiny_book,PETRV22,2026-09-24,31,14794381,,,,desconhecido,0
backup,tiny_book,PETRV470,2026-09-24,30,7156707,,,,desconhecido,0
backup,tiny_book,PETRV480,2026-09-24,31,9685534,,,,desconhecido,0
backup,tiny_book,PETRV49,2026-09-24,33,15891748,,,,desconhecido,0
backup,tiny_book,PETRV494,2026-09-24,31,17412777,,,,desconhecido,0
backup,tiny_book,PETRV500,2026-09-24,31,18374098,,,,desconhecido,0
backup,tiny_book,PETRV550,2026-09-24,30,12766521,,,,desconhecido,0
backup,tiny_book,VALE3,2026-09-24,35,29126220,,,,desconhecido,0
backup,tiny_book,WDOFUT,2026-09-24,39,63483872,,,,desconhecido,0
backup,tiny_book,WDOV26,2026-09-24,39,63497250,,,,desconhecido,0
backup,tiny_book,WDOX26,2026-09-24,39,27819239,,,,desconhecido,0
backup,tiny_book,WEGE3,2026-09-24,36,19709725,,,,desconhecido,0
backup,tiny_book,WINFUT,2026-09-24,39,85627664,,,,desconhecido,0
backup,tiny_book,BBAS3,2026-09-25,33,24020841,,,,desconhecido,0
backup,tiny_book,BOVA11,2026-09-25,32,39800313,,,,desconhecido,0
backup,tiny_book,ITUB4,2026-09-25,33,25730585,,,,desconhecido,0
backup,tiny_book,MGLU3,2026-09-25,34,17640950,,,,desconhecido,0
backup,tiny_book,PETR4,2026-09-25,33,28752041,,,,desconhecido,0
backup,tiny_book,PETRJ22,2026-09-25,29,15660956,,,,desconhecido,0
backup,tiny_book,PETRJ470,2026-09-25,28,15235010,,,,desconhecido,0
backup,tiny_book,PETRJ49,2026-09-25,29,18940027,,,,desconhecido,0
backup,tiny_book,PETRJ493,2026-09-25,30,17930196,,,,desconhecido,0
backup,tiny_book,PETRJ494,2026-09-25,29,16028254,,,,desconhecido,0
backup,tiny_book,PETRJ500,2026-09-25,30,18135382,,,,desconhecido,0
backup,tiny_book,PETRJ550,2026-09-25,30,10432069,,,,desconhecido,0
backup,tiny_book,PETRV22,2026-09-25,30,13217619,,,,desconhecido,0
backup,tiny_book,PETRV470,2026-09-25,30,9719834,,,,desconhecido,0
backup,tiny_book,PETRV480,2026-09-25,31,13566378,,,,desconhecido,0
backup,tiny_book,PETRV49,2026-09-25,31,16984209,,,,desconhecido,0
backup,tiny_book,PETRV494,2026-09-25,29,17899573,,,,desconhecido,0
backup,tiny_book,PETRV500,2026-09-25,30,19583268,,,,desconhecido,0
backup,tiny_book,PETRV550,2026-09-25,27,14473937,,,,desconhecido,0
backup,tiny_book,VALE3,2026-09-25,33,24301418,,,,desconhecido,0
backup,tiny_book,WDOFUT,2026-09-25,39,61038130,,,,desconhecido,0
backup,tiny_book,WDOV26,2026-09-25,39,61045697,,,,desconhecido,0
backup,tiny_book,WDOX26,2026-09-25,38,31964740,,,,desconhecido,0
backup,tiny_book,WEGE3,2026-09-25,33,19595907,,,,desconhecido,0
backup,tiny_book,WINFUT,2026-09-25,39,85579186,,,,desconhecido,0
backup,tiny_book,BBAS3,2026-09-28,35,23292424,,,,desconhecido,0
backup,tiny_book,BOVA11,2026-09-28,35,40298710,,,,desconhecido,0
backup,tiny_book,ITUB4,2026-09-28,35,24868353,,,,desconhecido,0
backup,tiny_book,MGLU3,2026-09-28,34,28485369,,,,desconhecido,0
backup,tiny_book,PETR4,2026-09-28,35,28763786,,,,desconhecido,0
backup,tiny_book,PETRJ22,2026-09-28,31,14288982,,,,desconhecido,0
backup,tiny_book,PETRJ470,2026-09-28,29,14202044,,,,desconhecido,0
backup,tiny_book,PETRJ49,2026-09-28,29,14078837,,,,desconhecido,0
backup,tiny_book,PETRJ493,2026-09-28,30,14516118,,,,desconhecido,0
backup,tiny_book,PETRJ494,2026-09-28,29,13899081,,,,desconhecido,0
backup,tiny_book,PETRJ500,2026-09-28,30,14613282,,,,desconhecido,0
backup,tiny_book,PETRJ550,2026-09-28,31,8400413,,,,desconhecido,0
backup,tiny_book,PETRV22,2026-09-28,29,13531929,,,,desconhecido,0
backup,tiny_book,PETRV470,2026-09-28,30,7770244,,,,desconhecido,0
backup,tiny_book,PETRV480,2026-09-28,30,10792826,,,,desconhecido,0
backup,tiny_book,PETRV49,2026-09-28,31,16258224,,,,desconhecido,0
backup,tiny_book,PETRV494,2026-09-28,30,16370281,,,,desconhecido,0
backup,tiny_book,PETRV500,2026-09-28,29,16651236,,,,desconhecido,0
backup,tiny_book,PETRV550,2026-09-28,28,14021955,,,,desconhecido,0
backup,tiny_book,VALE3,2026-09-28,35,26291476,,,,desconhecido,0
backup,tiny_book,WDOFUT,2026-09-28,37,57648761,,,,desconhecido,0
backup,tiny_book,WDOV26,2026-09-28,37,57653458,,,,desconhecido,0
backup,tiny_book,WDOX26,2026-09-28,37,41978127,,,,desconhecido,0
backup,tiny_book,WEGE3,2026-09-28,33,20580510,,,,desconhecido,0
backup,tiny_book,WINFUT,2026-09-28,37,77492585,,,,desconhecido,0
backup,tiny_book,BBAS3,2026-09-29,34,23981149,,,,desconhecido,0
backup,tiny_book,BOVA11,2026-09-29,34,37785817,,,,desconhecido,0
backup,tiny_book,ITUB4,2026-09-29,35,25382690,,,,desconhecido,0
backup,tiny_book,MGLU3,2026-09-29,34,23059543,,,,desconhecido,0
backup,tiny_book,PETR4,2026-09-29,35,29314527,,,,desconhecido,0
backup,tiny_book,PETRJ22,2026-09-29,31,13627354,,,,desconhecido,0
backup,tiny_book,PETRJ470,2026-09-29,28,14089711,,,,desconhecido,0
backup,tiny_book,PETRJ49,2026-09-29,29,14886887,,,,desconhecido,0
backup,tiny_book,PETRJ493,2026-09-29,28,15043813,,,,desconhecido,0
backup,tiny_book,PETRJ494,2026-09-29,29,12553411,,,,desconhecido,0
backup,tiny_book,PETRJ500,2026-09-29,31,13408454,,,,desconhecido,0
backup,tiny_book,PETRJ550,2026-09-29,30,7246289,,,,desconhecido,0
backup,tiny_book,PETRV22,2026-09-29,28,10610434,,,,desconhecido,0
backup,tiny_book,PETRV470,2026-09-29,29,8316346,,,,desconhecido,0
backup,tiny_book,PETRV480,2026-09-29,29,10627772,,,,desconhecido,0
backup,tiny_book,PETRV49,2026-09-29,30,14552966,,,,desconhecido,0
backup,tiny_book,PETRV494,2026-09-29,30,14676158,,,,desconhecido,0
backup,tiny_book,PETRV500,2026-09-29,30,15096067,,,,desconhecido,0
backup,tiny_book,PETRV550,2026-09-29,29,13118447,,,,desconhecido,0
backup,tiny_book,VALE3,2026-09-29,34,32402857,,,,desconhecido,0
backup,tiny_book,WDOFUT,2026-09-29,39,64508917,,,,desconhecido,0
backup,tiny_book,WDOV26,2026-09-29,39,64517659,,,,desconhecido,0
backup,tiny_book,WDOX26,2026-09-29,39,47990639,,,,desconhecido,0
backup,tiny_book,WEGE3,2026-09-29,34,25620201,,,,desconhecido,0
backup,tiny_book,WINFUT,2026-09-29,39,85415773,,,,desconhecido,0
backup,tiny_book,BBAS3,2026-09-30,34,29602895,,,,desconhecido,0
backup,tiny_book,BOVA11,2026-09-30,34,40269591,,,,desconhecido,0
backup,tiny_book,ITUB4,2026-09-30,34,36971816,,,,desconhecido,0
backup,tiny_book,MGLU3,2026-09-30,34,25428196,,,,desconhecido,0
backup,tiny_book,PETR4,2026-09-30,34,32501380,,,,desconhecido,0
backup,tiny_book,PETRJ22,2026-09-30,29,13097074,,,,desconhecido,0
backup,tiny_book,PETRJ470,2026-09-30,29,13486309,,,,desconhecido,0
backup,tiny_book,PETRJ49,2026-09-30,29,13826798,,,,desconhecido,0
backup,tiny_book,PETRJ493,2026-09-30,29,13531333,,,,desconhecido,0
backup,tiny_book,PETRJ494,2026-09-30,29,14106153,,,,desconhecido,0
backup,tiny_book,PETRJ500,2026-09-30,31,14501577,,,,desconhecido,0
backup,tiny_book,PETRJ550,2026-09-30,31,10900108,,,,desconhecido,0
backup,tiny_book,PETRV22,2026-09-30,28,12547827,,,,desconhecido,0
backup,tiny_book,PETRV470,2026-09-30,28,6606609,,,,desconhecido,0
backup,tiny_book,PETRV480,2026-09-30,31,8626100,,,,desconhecido,0
backup,tiny_book,PETRV49,2026-09-30,30,13669232,,,,desconhecido,0
backup,tiny_book,PETRV494,2026-09-30,30,14805181,,,,desconhecido,0
backup,tiny_book,PETRV500,2026-09-30,31,15705694,,,,desconhecido,0
backup,tiny_book,PETRV550,2026-09-30,29,13069164,,,,desconhecido,0
backup,tiny_book,VALE3,2026-09-30,34,32738333,,,,desconhecido,0
backup,tiny_book,WDOFUT,2026-09-30,39,66014730,,,,desconhecido,0
backup,tiny_book,WDOV26,2026-09-30,37,27509376,,,,desconhecido,0
backup,tiny_book,WDOX26,2026-09-30,39,66020707,,,,desconhecido,0
backup,tiny_book,WEGE3,2026-09-30,34,28737027,,,,desconhecido,0
backup,tiny_book,WINFUT,2026-09-30,39,89426707,,,,desconhecido,0
backup,tiny_book,BBAS3,2026-10-01,34,31579723,,,,desconhecido,0
backup,tiny_book,BOVA11,2026-10-01,34,41505581,,,,desconhecido,0
backup,tiny_book,ITUB4,2026-10-01,33,34198428,,,,desconhecido,0
backup,tiny_book,MGLU3,2026-10-01,34,22711479,,,,desconhecido,0
backup,tiny_book,PETR4,2026-10-01,34,32033752,,,,desconhecido,0
backup,tiny_book,PETRJ22,2026-10-01,29,16211153,,,,desconhecido,0
backup,tiny_book,PETRJ470,2026-10-01,29,15974718,,,,desconhecido,0
backup,tiny_book,PETRJ49,2026-10-01,29,15416537,,,,desconhecido,0
backup,tiny_book,PETRJ493,2026-10-01,29,14246752,,,,desconhecido,0
backup,tiny_book,PETRJ494,2026-10-01,30,15396273,,,,desconhecido,0
backup,tiny_book,PETRJ500,2026-10-01,30,16158463,,,,desconhecido,0
backup,tiny_book,PETRJ550,2026-10-01,30,11981532,,,,desconhecido,0
backup,tiny_book,PETRV22,2026-10-01,29,13933497,,,,desconhecido,0
backup,tiny_book,PETRV470,2026-10-01,29,6814645,,,,desconhecido,0
backup,tiny_book,PETRV480,2026-10-01,30,8773889,,,,desconhecido,0
backup,tiny_book,PETRV49,2026-10-01,30,14818467,,,,desconhecido,0
backup,tiny_book,PETRV494,2026-10-01,29,16373653,,,,desconhecido,0
backup,tiny_book,PETRV500,2026-10-01,29,17311332,,,,desconhecido,0
backup,tiny_book,PETRV550,2026-10-01,28,15890148,,,,desconhecido,0
backup,tiny_book,VALE3,2026-10-01,34,30977238,,,,desconhecido,0
backup,tiny_book,WDOFUT,2026-10-01,38,64486261,,,,desconhecido,0
backup,tiny_book,WDOX26,2026-10-01,38,64493488,,,,desconhecido,0
backup,tiny_book,WEGE3,2026-10-01,34,28593311,,,,desconhecido,0
backup,tiny_book,WINFUT,2026-10-01,38,83266197,,,,desconhecido,0
backup,tiny_book,BBAS3,2026-10-02,33,37262283,,,,desconhecido,0
backup,tiny_book,BOVA11,2026-10-02,33,46413794,,,,desconhecido,0
backup,tiny_book,ITUB4,2026-10-02,33,39362441,,,,desconhecido,0
backup,tiny_book,MGLU3,2026-10-02,33,26104197,,,,desconhecido,0
backup,tiny_book,PETR4,2026-10-02,34,36928427,,,,desconhecido,0
backup,tiny_book,PETRJ22,2026-10-02,29,17882640,,,,desconhecido,0
backup,tiny_book,PETRJ470,2026-10-02,29,17570247,,,,desconhecido,0
backup,tiny_book,PETRJ49,2026-10-02,29,18297455,,,,desconhecido,0
backup,tiny_book,PETRJ493,2026-10-02,29,17290387,,,,desconhecido,0
backup,tiny_book,PETRJ494,2026-10-02,29,18001773,,,,desconhecido,0
backup,tiny_book,PETRJ500,2026-10-02,32,18337864,,,,desconhecido,0
backup,tiny_book,PETRJ550,2026-10-02,30,14683408,,,,desconhecido,0
backup,tiny_book,PETRV22,2026-10-02,29,17618321,,,,desconhecido,0
backup,tiny_book,PETRV470,2026-10-02,28,7628400,,,,desconhecido,0
backup,tiny_book,PETRV480,2026-10-02,30,10020488,,,,desconhecido,0
backup,tiny_book,PETRV49,2026-10-02,30,15062371,,,,desconhecido,0
backup,tiny_book,PETRV494,2026-10-02,29,16748108,,,,desconhecido,0
backup,tiny_book,PETRV500,2026-10-02,31,18326457,,,,desconhecido,0
backup,tiny_book,PETRV550,2026-10-02,27,18973230,,,,desconhecido,0
backup,tiny_book,VALE3,2026-10-02,33,34193176,,,,desconhecido,0
backup,tiny_book,WDOFUT,2026-10-02,39,68255091,,,,desconhecido,0
backup,tiny_book,WDOX26,2026-10-02,39,68264899,,,,desconhecido,0
backup,tiny_book,WEGE3,2026-10-02,33,30762234,,,,desconhecido,0
backup,tiny_book,WINFUT,2026-10-02,39,91682366,,,,desconhecido,0
backup,trade,BBAS3,2026-07-24,1,500856,,,,desconhecido,0
backup,trade,BOVA11,2026-07-24,1,858593,,,,desconhecido,0
backup,trade,ITUB4,2026-07-24,1,458063,,,,desconhecido,0
backup,trade,MGLU3,2026-07-24,1,240390,,,,desconhecido,0
backup,trade,PETR4,2026-07-24,1,1043523,,,,desconhecido,0
backup,trade,VALE3,2026-07-24,1,631146,,,,desconhecido,0
backup,trade,WDOFUT,2026-07-24,1,14676357,,,,desconhecido,0
backup,trade,WEGE3,2026-07-24,1,604541,,,,desconhecido,0
backup,trade,WINFUT,2026-07-24,2,234183558,,,,desconhecido,0
backup,trade,BBAS3,2026-07-27,1,441133,,,,desconhecido,0
backup,trade,BOVA11,2026-07-27,1,1736979,,,,desconhecido,0
backup,trade,ITUB4,2026-07-27,1,569023,,,,desconhecido,0
backup,trade,MGLU3,2026-07-27,1,207054,,,,desconhecido,0
backup,trade,PETR4,2026-07-27,1,1838278,,,,desconhecido,0
backup,trade,VALE3,2026-07-27,1,752926,,,,desconhecido,0
backup,trade,WDOFUT,2026-07-27,1,8650411,,,,desconhecido,0
backup,trade,WEGE3,2026-07-27,1,820696,,,,desconhecido,0
backup,trade,WINFUT,2026-07-27,2,171950934,,,,desconhecido,0
backup,trade,BBAS3,2026-07-28,1,305034,,,,desconhecido,0
backup,trade,BOVA11,2026-07-28,1,1067099,,,,desconhecido,0
backup,trade,ITUB4,2026-07-28,1,612746,,,,desconhecido,0
backup,trade,MGLU3,2026-07-28,1,205001,,,,desconhecido,0
backup,trade,PETR4,2026-07-28,1,1204472,,,,desconhecido,0
backup,trade,VALE3,2026-07-28,1,728191,,,,desconhecido,0
backup,trade,WDOFUT,2026-07-28,1,8010905,,,,desconhecido,0
backup,trade,WEGE3,2026-07-28,1,655944,,,,desconhecido,0
backup,trade,WINFUT,2026-07-28,2,242983882,,,,desconhecido,0
backup,trade,BBAS3,2026-07-29,1,518532,,,,desconhecido,0
backup,trade,BOVA11,2026-07-29,1,752993,,,,desconhecido,0
backup,trade,ITUB4,2026-07-29,1,902853,,,,desconhecido,0
backup,trade,MGLU3,2026-07-29,1,172214,,,,desconhecido,0
backup,trade,PETR4,2026-07-29,1,1349645,,,,desconhecido,0
backup,trade,VALE3,2026-07-29,1,681292,,,,desconhecido,0
backup,trade,WDOFUT,2026-07-29,1,14989836,,,,desconhecido,0
backup,trade,WEGE3,2026-07-29,1,603660,,,,desconhecido,0
backup,trade,WINFUT,2026-07-29,1,109730865,,,,desconhecido,0
backup,trade,BBAS3,2026-07-30,1,759420,,,,desconhecido,0
backup,trade,BOVA11,2026-07-30,1,877210,,,,desconhecido,0
backup,trade,ITUB4,2026-07-30,1,629052,,,,desconhecido,0
backup,trade,MGLU3,2026-07-30,1,235897,,,,desconhecido,0
backup,trade,PETR4,2026-07-30,1,1305921,,,,desconhecido,0
backup,trade,VALE3,2026-07-30,1,933148,,,,desconhecido,0
backup,trade,WDOFUT,2026-07-30,1,10527101,,,,desconhecido,0
backup,trade,WEGE3,2026-07-30,1,663335,,,,desconhecido,0
backup,trade,WINFUT,2026-07-30,2,191561793,,,,desconhecido,0
backup,trade,BBAS3,2026-07-31,1,757455,,,,desconhecido,0
backup,trade,BOVA11,2026-07-31,1,647147,,,,desconhecido,0
backup,trade,ITUB4,2026-07-31,1,532469,,,,desconhecido,0
backup,trade,MGLU3,2026-07-31,1,151324,,,,desconhecido,0
backup,trade,PETR4,2026-07-31,1,1921982,,,,desconhecido,0
backup,trade,VALE3,2026-07-31,1,836638,,,,desconhecido,0
backup,trade,WDOFUT,2026-07-31,1,6219683,,,,desconhecido,0
backup,trade,WEGE3,2026-07-31,1,509514,,,,desconhecido,0
backup,trade,WINFUT,2026-07-31,1,118616414,,,,desconhecido,0
backup,trade,BBAS3,2026-08-03,1,879974,,,,desconhecido,0
backup,trade,BOVA11,2026-08-03,1,514099,,,,desconhecido,0
backup,trade,ITUB4,2026-08-03,1,1109331,,,,desconhecido,0
backup,trade,MGLU3,2026-08-03,1,605353,,,,desconhecido,0
backup,trade,PETR4,2026-08-03,1,1466483,,,,desconhecido,0
backup,trade,VALE3,2026-08-03,1,1516099,,,,desconhecido,0
backup,trade,WDOFUT,2026-08-03,1,12595088,,,,desconhecido,0
backup,trade,WEGE3,2026-08-03,1,572344,,,,desconhecido,0
backup,trade,WINFUT,2026-08-03,2,197495154,,,,desconhecido,0
backup,trade,BBAS3,2026-08-04,1,618774,,,,desconhecido,0
backup,trade,BOVA11,2026-08-04,1,1242190,,,,desconhecido,0
backup,trade,ITUB4,2026-08-04,1,1486412,,,,desconhecido,0
backup,trade,MGLU3,2026-08-04,1,320290,,,,desconhecido,0
backup,trade,PETR4,2026-08-04,1,2132206,,,,desconhecido,0
backup,trade,VALE3,2026-08-04,1,1429309,,,,desconhecido,0
backup,trade,WDOFUT,2026-08-04,1,11826414,,,,desconhecido,0
backup,trade,WEGE3,2026-08-04,1,563696,,,,desconhecido,0
backup,trade,WINFUT,2026-08-04,1,109156749,,,,desconhecido,0
backup,trade,BBAS3,2026-08-05,1,618075,,,,desconhecido,0
backup,trade,BOVA11,2026-08-05,1,707433,,,,desconhecido,0
backup,trade,ITUB4,2026-08-05,1,1150132,,,,desconhecido,0
backup,trade,MGLU3,2026-08-05,1,356776,,,,desconhecido,0
backup,trade,PETR4,2026-08-05,1,1155627,,,,desconhecido,0
backup,trade,VALE3,2026-08-05,1,1003243,,,,desconhecido,0
backup,trade,WDOFUT,2026-08-05,1,13202192,,,,desconhecido,0
backup,trade,WEGE3,2026-08-05,1,382109,,,,desconhecido,0
backup,trade,WINFUT,2026-08-05,2,211036928,,,,desconhecido,0
backup,trade,BBAS3,2026-08-06,1,884284,,,,desconhecido,0
backup,trade,BOVA11,2026-08-06,1,1065764,,,,desconhecido,0
backup,trade,ITUB4,2026-08-06,1,967255,,,,desconhecido,0
backup,trade,MGLU3,2026-08-06,1,436114,,,,desconhecido,0
backup,trade,PETR4,2026-08-06,1,1111943,,,,desconhecido,0
backup,trade,VALE3,2026-08-06,1,965147,,,,desconhecido,0
backup,trade,WDOFUT,2026-08-06,1,10055649,,,,desconhecido,0
backup,trade,WEGE3,2026-08-06,1,379934,,,,desconhecido,0
backup,trade,WINFUT,2026-08-06,2,230747789,,,,desconhecido,0
backup,trade,BBAS3,2026-08-07,1,654790,,,,desconhecido,0
backup,trade,BOVA11,2026-08-07,1,688653,,,,desconhecido,0
backup,trade,ITUB4,2026-08-07,1,1019577,,,,desconhecido,0
backup,trade,MGLU3,2026-08-07,1,655444,,,,desconhecido,0
backup,trade,PETR4,2026-08-07,1,1768074,,,,desconhecido,0
backup,trade,VALE3,2026-08-07,1,797921,,,,desconhecido,0
backup,trade,WDOFUT,2026-08-07,1,10593142,,,,desconhecido,0
backup,trade,WEGE3,2026-08-07,1,321696,,,,desconhecido,0
backup,trade,WINFUT,2026-08-07,2,220967324,,,,desconhecido,0
backup,trade,BBAS3,2026-08-10,1,554674,,,,desconhecido,0
backup,trade,BOVA11,2026-08-10,1,704591,,,,desconhecido,0
backup,trade,ITUB4,2026-08-10,1,969330,,,,desconhecido,0
backup,trade,MGLU3,2026-08-10,1,377914,,,,desconhecido,0
backup,trade,PETR4,2026-08-10,1,1699707,,,,desconhecido,0
backup,trade,VALE3,2026-08-10,1,872265,,,,desconhecido,0
backup,trade,WDOFUT,2026-08-10,1,7489741,,,,desconhecido,0
backup,trade,WEGE3,2026-08-10,1,245625,,,,desconhecido,0
backup,trade,WINFUT,2026-08-10,2,201987988,,,,desconhecido,0
backup,trade,BBAS3,2026-08-11,1,592661,,,,desconhecido,0
backup,trade,BOVA11,2026-08-11,1,1423682,,,,desconhecido,0
backup,trade,ITUB4,2026-08-11,1,1457848,,,,desconhecido,0
backup,trade,MGLU3,2026-08-11,1,389697,,,,desconhecido,0
backup,trade,PETR4,2026-08-11,1,1044277,,,,desconhecido,0
backup,trade,VALE3,2026-08-11,1,1166128,,,,desconhecido,0
backup,trade,WDOFUT,2026-08-11,1,11729579,,,,desconhecido,0
backup,trade,WEGE3,2026-08-11,1,369808,,,,desconhecido,0
backup,trade,WINFUT,2026-08-11,1,112187021,,,,desconhecido,0
backup,trade,BBAS3,2026-08-12,1,1125544,,,,desconhecido,0
backup,trade,BOVA11,2026-08-12,1,957923,,,,desconhecido,0
backup,trade,ITUB4,2026-08-12,1,2102210,,,,desconhecido,0
backup,trade,MGLU3,2026-08-12,1,329721,,,,desconhecido,0
backup,trade,PETR4,2026-08-12,1,2226892,,,,desconhecido,0
backup,trade,VALE3,2026-08-12,1,1295498,,,,desconhecido,0
backup,trade,WDOFUT,2026-08-12,1,12521203,,,,desconhecido,0
backup,trade,WEGE3,2026-08-12,1,446602,,,,desconhecido,0
backup,trade,WINFUT,2026-08-12,2,328747326,,,,desconhecido,0
backup,trade,BBAS3,2026-08-13,1,3296933,,,,desconhecido,0
backup,trade,BOVA11,2026-08-13,1,1174415,,,,desconhecido,0
backup,trade,ITUB4,2026-08-13,1,1333830,,,,desconhecido,0
backup,trade,MGLU3,2026-08-13,1,618849,,,,desconhecido,0
backup,trade,PETR4,2026-08-13,1,2047155,,,,desconhecido,0
backup,trade,VALE3,2026-08-13,1,1242625,,,,desconhecido,0
backup,trade,WDOFUT,2026-08-13,1,14831269,,,,desconhecido,0
backup,trade,WEGE3,2026-08-13,1,699836,,,,desconhecido,0
backup,trade,WINFUT,2026-08-13,1,137758159,,,,desconhecido,0
backup,trade,BBAS3,2026-08-14,1,1417553,,,,desconhecido,0
backup,trade,BOVA11,2026-08-14,1,1190822,,,,desconhecido,0
backup,trade,ITUB4,2026-08-14,1,1197552,,,,desconhecido,0
backup,trade,MGLU3,2026-08-14,1,476383,,,,desconhecido,0
backup,trade,PETR4,2026-08-14,1,1128501,,,,desconhecido,0
backup,trade,VALE3,2026-08-14,1,915005,,,,desconhecido,0
backup,trade,WDOFUT,2026-08-14,1,14225408,,,,desconhecido,0
backup,trade,WEGE3,2026-08-14,1,645709,,,,desconhecido,0
backup,trade,WINFUT,2026-08-14,1,155919937,,,,desconhecido,0
backup,trade,BBAS3,2026-08-17,1,1010226,,,,desconhecido,0
backup,trade,BOVA11,2026-08-17,1,953498,,,,desconhecido,0
backup,trade,ITUB4,2026-08-17,1,1408166,,,,desconhecido,0
backup,trade,MGLU3,2026-08-17,1,445570,,,,desconhecido,0
backup,trade,PETR4,2026-08-17,1,1318675,,,,desconhecido,0
backup,trade,VALE3,2026-08-17,1,699601,,,,desconhecido,0
backup,trade,WDOFUT,2026-08-17,1,10412528,,,,desconhecido,0
backup,trade,WEGE3,2026-08-17,1,520787,,,,desconhecido,0
backup,trade,WINFUT,2026-08-17,1,140014101,,,,desconhecido,0
backup,trade,BBAS3,2026-08-18,1,1182760,,,,desconhecido,0
backup,trade,BOVA11,2026-08-18,1,1502969,,,,desconhecido,0
backup,trade,ITUB4,2026-08-18,1,891450,,,,desconhecido,0
backup,trade,MGLU3,2026-08-18,1,404192,,,,desconhecido,0
backup,trade,PETR4,2026-08-18,1,1643785,,,,desconhecido,0
backup,trade,VALE3,2026-08-18,1,1149347,,,,desconhecido,0
backup,trade,WDOFUT,2026-08-18,1,10384430,,,,desconhecido,0
backup,trade,WEGE3,2026-08-18,1,460724,,,,desconhecido,0
backup,trade,WINFUT,2026-08-18,2,288104307,,,,desconhecido,0
backup,trade,BBAS3,2026-08-19,1,1092656,,,,desconhecido,0
backup,trade,BOVA11,2026-08-19,1,1414017,,,,desconhecido,0
backup,trade,ITUB4,2026-08-19,1,1292852,,,,desconhecido,0
backup,trade,MGLU3,2026-08-19,1,468249,,,,desconhecido,0
backup,trade,PETR4,2026-08-19,1,1464245,,,,desconhecido,0
backup,trade,VALE3,2026-08-19,1,1090772,,,,desconhecido,0
backup,trade,WDOFUT,2026-08-19,1,12720274,,,,desconhecido,0
backup,trade,WEGE3,2026-08-19,1,350138,,,,desconhecido,0
backup,trade,WINFUT,2026-08-19,2,172249662,,,,desconhecido,0
backup,trade,BBAS3,2026-08-20,1,1336657,,,,desconhecido,0
backup,trade,BOVA11,2026-08-20,1,2273780,,,,desconhecido,0
backup,trade,ITUB4,2026-08-20,1,1505446,,,,desconhecido,0
backup,trade,MGLU3,2026-08-20,1,662336,,,,desconhecido,0
backup,trade,PETR4,2026-08-20,1,1473133,,,,desconhecido,0
backup,trade,VALE3,2026-08-20,1,1516003,,,,desconhecido,0
backup,trade,WDOFUT,2026-08-20,1,11324766,,,,desconhecido,0
backup,trade,WEGE3,2026-08-20,1,563877,,,,desconhecido,0
backup,trade,WINFUT,2026-08-20,2,176737188,,,,desconhecido,0
backup,trade,BBAS3,2026-08-21,3,775156,,,,desconhecido,0
backup,trade,BOVA11,2026-08-21,3,711350,,,,desconhecido,0
backup,trade,ITUB4,2026-08-21,3,985219,,,,desconhecido,0
backup,trade,MGLU3,2026-08-21,3,356539,,,,desconhecido,0
backup,trade,PETR4,2026-08-21,3,1988999,,,,desconhecido,0
backup,trade,VALE3,2026-08-21,3,986618,,,,desconhecido,0
backup,trade,WDOFUT,2026-08-21,3,11555226,,,,desconhecido,0
backup,trade,WEGE3,2026-08-21,3,556108,,,,desconhecido,0
backup,trade,WINFUT,2026-08-21,3,139148484,,,,desconhecido,0
backup,trade,BBAS3,2026-08-24,29,27892435,,,,desconhecido,0
backup,trade,BOVA11,2026-08-24,29,100853717,,,,desconhecido,0
backup,trade,ITUB4,2026-08-24,29,32980075,,,,desconhecido,0
backup,trade,MGLU3,2026-08-24,29,10306007,,,,desconhecido,0
backup,trade,PETR4,2026-08-24,29,58995343,,,,desconhecido,0
backup,trade,VALE3,2026-08-24,29,47987537,,,,desconhecido,0
backup,trade,WDOFUT,2026-08-24,36,196077051,,,,desconhecido,0
backup,trade,WEGE3,2026-08-24,29,14984504,,,,desconhecido,0
backup,trade,WINFUT,2026-08-24,4,128300395,,,,desconhecido,0
backup,trade,BBAS3,2026-08-25,15,29364307,,,,desconhecido,0
backup,trade,BOVA11,2026-08-25,15,35281611,,,,desconhecido,0
backup,trade,ITUB4,2026-08-25,15,17784453,,,,desconhecido,0
backup,trade,MGLU3,2026-08-25,15,12322332,,,,desconhecido,0
backup,trade,PETR4,2026-08-25,15,23020159,,,,desconhecido,0
backup,trade,VALE3,2026-08-25,15,16863006,,,,desconhecido,0
backup,trade,WDOFUT,2026-08-25,18,66621246,,,,desconhecido,0
backup,trade,WEGE3,2026-08-25,14,12064697,,,,desconhecido,0
backup,trade,WINFUT,2026-08-25,17,646439629,,,,desconhecido,0
backup,trade,BBAS3,2026-08-26,31,39206500,,,,desconhecido,0
backup,trade,BOVA11,2026-08-26,31,99551780,,,,desconhecido,0
backup,trade,ITUB4,2026-08-26,31,39337216,,,,desconhecido,0
backup,trade,MGLU3,2026-08-26,31,14350809,,,,desconhecido,0
backup,trade,PETR4,2026-08-26,31,52505430,,,,desconhecido,0
backup,trade,VALE3,2026-08-26,31,36138211,,,,desconhecido,0
backup,trade,WDOFUT,2026-08-26,36,192153215,,,,desconhecido,0
backup,trade,WEGE3,2026-08-26,31,20458956,,,,desconhecido,0
backup,trade,WINFUT,2026-08-26,3,116259977,,,,desconhecido,0
backup,trade,BBAS3,2026-08-27,29,38974920,,,,desconhecido,0
backup,trade,BOVA11,2026-08-27,30,98574547,,,,desconhecido,0
backup,trade,ITUB4,2026-08-27,29,48216119,,,,desconhecido,0
backup,trade,MGLU3,2026-08-27,29,14630407,,,,desconhecido,0
backup,trade,PETR4,2026-08-27,29,57497324,,,,desconhecido,0
backup,trade,VALE3,2026-08-27,29,31760588,,,,desconhecido,0
backup,trade,WDOFUT,2026-08-27,37,173409491,,,,desconhecido,0
backup,trade,WEGE3,2026-08-27,29,24392817,,,,desconhecido,0
backup,trade,WINFUT,2026-08-27,2,74695266,,,,desconhecido,0
backup,trade,BBAS3,2026-08-28,1,1578313,,,,desconhecido,0
backup,trade,BOVA11,2026-08-28,1,3509433,,,,desconhecido,0
backup,trade,ITUB4,2026-08-28,1,1626816,,,,desconhecido,0
backup,trade,MGLU3,2026-08-28,1,585684,,,,desconhecido,0
backup,trade,PETR4,2026-08-28,1,2092426,,,,desconhecido,0
backup,trade,VALE3,2026-08-28,1,1243785,,,,desconhecido,0
backup,trade,WDOFUT,2026-08-28,1,24437971,,,,desconhecido,0
backup,trade,WEGE3,2026-08-28,1,605898,,,,desconhecido,0
backup,trade,WINFUT,2026-08-28,2,126572209,,,,desconhecido,0
backup,trade,BBAS3,2026-08-31,1,2554836,,,,desconhecido,0
backup,trade,BOVA11,2026-08-31,1,1944248,,,,desconhecido,0
backup,trade,ITUB4,2026-08-31,1,1673606,,,,desconhecido,0
backup,trade,MGLU3,2026-08-31,1,758585,,,,desconhecido,0
backup,trade,PETR4,2026-08-31,1,2659133,,,,desconhecido,0
backup,trade,VALE3,2026-08-31,1,1537584,,,,desconhecido,0
backup,trade,WDOFUT,2026-08-31,1,16186100,,,,desconhecido,0
backup,trade,WEGE3,2026-08-31,1,1132243,,,,desconhecido,0
backup,trade,WINFUT,2026-08-31,3,136271233,,,,desconhecido,0
backup,trade,BBAS3,2026-09-01,1,2027153,,,,desconhecido,0
backup,trade,BOVA11,2026-09-01,1,3626034,,,,desconhecido,0
backup,trade,ITUB4,2026-09-01,1,2106462,,,,desconhecido,0
backup,trade,MGLU3,2026-09-01,1,807343,,,,desconhecido,0
backup,trade,PETR4,2026-09-01,1,3528160,,,,desconhecido,0
backup,trade,VALE3,2026-09-01,1,1897889,,,,desconhecido,0
backup,trade,WDOFUT,2026-09-01,1,21122893,,,,desconhecido,0
backup,trade,WEGE3,2026-09-01,1,912039,,,,desconhecido,0
backup,trade,WINFUT,2026-09-01,3,175465873,,,,desconhecido,0
backup,trade,WINFUT,2026-09-02,1,35253600,,,,desconhecido,0
backup,trade,BBAS3,2026-09-03,3,1598316,,,,desconhecido,0
backup,trade,BOVA11,2026-09-03,1,839031,,,,desconhecido,0
backup,trade,ITUB4,2026-09-03,1,678647,,,,desconhecido,0
backup,trade,MGLU3,2026-09-03,1,328836,,,,desconhecido,0
backup,trade,PETR4,2026-09-03,1,735219,,,,desconhecido,0
backup,trade,VALE3,2026-09-03,1,622929,,,,desconhecido,0
backup,trade,WDOFUT,2026-09-03,1,3137584,,,,desconhecido,0
backup,trade,WEGE3,2026-09-03,1,321710,,,,desconhecido,0
backup,trade,WINFUT,2026-09-03,1,33177197,,,,desconhecido,0
backup,trade,WINV26,2026-09-03,1,33177197,,,,desconhecido,0
backup,trade,BBAS3,2026-09-04,30,32512096,,,,desconhecido,0
backup,trade,BOVA11,2026-09-04,30,50723282,,,,desconhecido,0
backup,trade,ITUB4,2026-09-04,30,32898339,,,,desconhecido,0
backup,trade,MGLU3,2026-09-04,30,22657845,,,,desconhecido,0
backup,trade,PETR4,2026-09-04,30,57560726,,,,desconhecido,0
backup,trade,VALE3,2026-09-04,30,31837341,,,,desconhecido,0
backup,trade,WDOFUT,2026-09-04,35,206603672,,,,desconhecido,0
backup,trade,WEGE3,2026-09-04,30,18358621,,,,desconhecido,0
backup,trade,WINFUT,2026-09-04,2,75980688,,,,desconhecido,0
backup,trade,WINV26,2026-09-04,1,30447862,,,,desconhecido,0
backup,trade,BBAS3,2026-09-08,1,728415,,,,desconhecido,0
backup,trade,BOVA11,2026-09-08,1,1436518,,,,desconhecido,0
backup,trade,ITUB4,2026-09-08,1,813482,,,,desconhecido,0
backup,trade,MGLU3,2026-09-08,1,437663,,,,desconhecido,0
backup,trade,PETR4,2026-09-08,1,952442,,,,desconhecido,0
backup,trade,VALE3,2026-09-08,1,737651,,,,desconhecido,0
backup,trade,WDOFUT,2026-09-08,1,4508423,,,,desconhecido,0
backup,trade,WEGE3,2026-09-08,1,412960,,,,desconhecido,0
backup,trade,WINFUT,2026-09-08,3,86803735,,,,desconhecido,0
backup,trade,WINV26,2026-09-08,1,34031446,,,,desconhecido,0
backup,trade,BBAS3,2026-09-09,1,572947,,,,desconhecido,0
backup,trade,BOVA11,2026-09-09,1,925292,,,,desconhecido,0
backup,trade,ITUB4,2026-09-09,1,974581,,,,desconhecido,0
backup,trade,MGLU3,2026-09-09,1,236325,,,,desconhecido,0
backup,trade,PETR4,2026-09-09,1,844153,,,,desconhecido,0
backup,trade,VALE3,2026-09-09,1,666548,,,,desconhecido,0
backup,trade,WDOFUT,2026-09-09,1,4370802,,,,desconhecido,0
backup,trade,WEGE3,2026-09-09,1,534092,,,,desconhecido,0
backup,trade,WINFUT,2026-09-09,3,86757900,,,,desconhecido,0
backup,trade,WINV26,2026-09-09,1,33542785,,,,desconhecido,0
backup,trade,BBAS3,2026-09-10,30,23425668,,,,desconhecido,0
backup,trade,BOVA11,2026-09-10,30,50734371,,,,desconhecido,0
backup,trade,ITUB4,2026-09-10,30,24656941,,,,desconhecido,0
backup,trade,MGLU3,2026-09-10,30,13346901,,,,desconhecido,0
backup,trade,PETR4,2026-09-10,30,32473164,,,,desconhecido,0
backup,trade,VALE3,2026-09-10,30,22499447,,,,desconhecido,0
backup,trade,WDOFUT,2026-09-10,38,103614861,,,,desconhecido,0
backup,trade,WEGE3,2026-09-10,30,27500964,,,,desconhecido,0
backup,trade,WINFUT,2026-09-10,3,94139686,,,,desconhecido,0
backup,trade,WINV26,2026-09-10,1,35482946,,,,desconhecido,0
backup,trade,BBAS3,2026-09-11,35,35066314,,,,desconhecido,0
backup,trade,BOVA11,2026-09-11,36,20646158,,,,desconhecido,0
backup,trade,ITUB4,2026-09-11,36,20074387,,,,desconhecido,0
backup,trade,MGLU3,2026-09-11,35,16741063,,,,desconhecido,0
backup,trade,PETR4,2026-09-11,35,25912626,,,,desconhecido,0
backup,trade,VALE3,2026-09-11,36,16870690,,,,desconhecido,0
backup,trade,WDOFUT,2026-09-11,41,80694270,,,,desconhecido,0
backup,trade,WEGE3,2026-09-11,36,15546770,,,,desconhecido,0
backup,trade,WINFUT,2026-09-11,2,77195358,,,,desconhecido,0
backup,trade,WINV26,2026-09-11,1,32421056,,,,desconhecido,0
backup,trade,BBAS3,2026-09-14,28,18601268,,,,desconhecido,0
backup,trade,BOVA11,2026-09-14,28,28375174,,,,desconhecido,0
backup,trade,ITUB4,2026-09-14,28,21434953,,,,desconhecido,0
backup,trade,MGLU3,2026-09-14,27,7914317,,,,desconhecido,0
backup,trade,PETR4,2026-09-14,28,25547419,,,,desconhecido,0
backup,trade,VALE3,2026-09-14,28,26514752,,,,desconhecido,0
backup,trade,WDOFUT,2026-09-14,33,92184547,,,,desconhecido,0
backup,trade,WEGE3,2026-09-14,28,13725079,,,,desconhecido,0
backup,trade,WINFUT,2026-09-14,32,216944338,,,,desconhecido,0
backup,trade,WINV26,2026-09-14,1,34568470,,,,desconhecido,0
backup,trade,BBAS3,2026-09-15,30,16455188,,,,desconhecido,0
backup,trade,BOVA11,2026-09-15,30,43050023,,,,desconhecido,0
backup,trade,ITUB4,2026-09-15,30,19526333,,,,desconhecido,0
backup,trade,MGLU3,2026-09-15,30,9940649,,,,desconhecido,0
backup,trade,PETR4,2026-09-15,30,29082239,,,,desconhecido,0
backup,trade,VALE3,2026-09-15,30,19782510,,,,desconhecido,0
backup,trade,WDOFUT,2026-09-15,37,76006463,,,,desconhecido,0
backup,trade,WEGE3,2026-09-15,30,12520232,,,,desconhecido,0
backup,trade,WINFUT,2026-09-15,37,190136575,,,,desconhecido,0
backup,trade,WINV26,2026-09-15,1,32192094,,,,desconhecido,0
backup,trade,BBAS3,2026-09-16,30,27630978,,,,desconhecido,0
backup,trade,BOVA11,2026-09-16,30,28655720,,,,desconhecido,0
backup,trade,ITUB4,2026-09-16,30,22251217,,,,desconhecido,0
backup,trade,MGLU3,2026-09-16,29,11942273,,,,desconhecido,0
backup,trade,PETR4,2026-09-16,30,38584813,,,,desconhecido,0
backup,trade,VALE3,2026-09-16,30,29570626,,,,desconhecido,0
backup,trade,WDOFUT,2026-09-16,38,85987500,,,,desconhecido,0
backup,trade,WEGE3,2026-09-16,29,16911963,,,,desconhecido,0
backup,trade,WINFUT,2026-09-16,37,205616078,,,,desconhecido,0
backup,trade,WINV26,2026-09-16,1,33963939,,,,desconhecido,0
backup,trade,BBAS3,2026-09-17,31,17783990,,,,desconhecido,0
backup,trade,BOVA11,2026-09-17,30,15262254,,,,desconhecido,0
backup,trade,ITUB4,2026-09-17,30,29125549,,,,desconhecido,0
backup,trade,MGLU3,2026-09-17,28,8995970,,,,desconhecido,0
backup,trade,PETR4,2026-09-17,30,22936935,,,,desconhecido,0
backup,trade,PETRI19,2026-09-17,11,309057,,,,desconhecido,0
backup,trade,PETRI442,2026-09-17,10,226073,,,,desconhecido,0
backup,trade,PETRI447,2026-09-17,10,108092,,,,desconhecido,0
backup,trade,PETRI452,2026-09-17,8,72630,,,,desconhecido,0
backup,trade,PETRI457,2026-09-17,9,50645,,,,desconhecido,0
backup,trade,PETRI522,2026-09-17,12,366699,,,,desconhecido,0
backup,trade,PETRI527,2026-09-17,13,338993,,,,desconhecido,0
backup,trade,PETRI542,2026-09-17,8,77256,,,,desconhecido,0
backup,trade,PETRU442,2026-09-17,3,16016,,,,desconhecido,0
backup,trade,PETRU447,2026-09-17,7,28831,,,,desconhecido,0
backup,trade,PETRU452,2026-09-17,6,32186,,,,desconhecido,0
backup,trade,PETRU457,2026-09-17,6,25173,,,,desconhecido,0
backup,trade,VALE3,2026-09-17,30,19452423,,,,desconhecido,0
backup,trade,WDOFUT,2026-09-17,38,81127885,,,,desconhecido,0
backup,trade,WEGE3,2026-09-17,28,9280766,,,,desconhecido,0
backup,trade,WINFUT,2026-09-17,38,202471394,,,,desconhecido,0
backup,trade,WINV26,2026-09-17,1,32473374,,,,desconhecido,0
backup,trade,BBAS3,2026-09-18,27,20510965,,,,desconhecido,0
backup,trade,BOVA11,2026-09-18,27,15402305,,,,desconhecido,0
backup,trade,ITUB4,2026-09-18,27,13230048,,,,desconhecido,0
backup,trade,MGLU3,2026-09-18,26,7718140,,,,desconhecido,0
backup,trade,PETR4,2026-09-18,27,17079876,,,,desconhecido,0
backup,trade,PETRI19,2026-09-18,21,510435,,,,desconhecido,0
backup,trade,PETRI442,2026-09-18,14,78759,,,,desconhecido,0
backup,trade,PETRI447,2026-09-18,11,90910,,,,desconhecido,0
backup,trade,PETRI452,2026-09-18,11,86421,,,,desconhecido,0
backup,trade,PETRI457,2026-09-18,13,114955,,,,desconhecido,0
backup,trade,PETRI522,2026-09-18,14,226421,,,,desconhecido,0
backup,trade,PETRI527,2026-09-18,7,69178,,,,desconhecido,0
backup,trade,PETRI542,2026-09-18,4,15144,,,,desconhecido,0
backup,trade,PETRU442,2026-09-18,5,18930,,,,desconhecido,0
backup,trade,PETRU452,2026-09-18,5,23588,,,,desconhecido,0
backup,trade,VALE3,2026-09-18,26,16891197,,,,desconhecido,0
backup,trade,WDOFUT,2026-09-18,36,84685925,,,,desconhecido,0
backup,trade,WEGE3,2026-09-18,25,6824114,,,,desconhecido,0
backup,trade,WINFUT,2026-09-18,36,219673088,,,,desconhecido,0
backup,trade,WINV26,2026-09-18,1,28902710,,,,desconhecido,0
backup,trade,BBAS3,2026-09-21,30,24365178,,,,desconhecido,0
backup,trade,BOVA11,2026-09-21,30,46840076,,,,desconhecido,0
backup,trade,ITUB4,2026-09-21,30,17575025,,,,desconhecido,0
backup,trade,MGLU3,2026-09-21,30,13599812,,,,desconhecido,0
backup,trade,PETR4,2026-09-21,30,25803922,,,,desconhecido,0
backup,trade,VALE3,2026-09-21,30,21173651,,,,desconhecido,0
backup,trade,WDOFUT,2026-09-21,38,92644767,,,,desconhecido,0
backup,trade,WEGE3,2026-09-21,30,15010977,,,,desconhecido,0
backup,trade,WINFUT,2026-09-21,38,216383182,,,,desconhecido,0
backup,trade,WINV26,2026-09-21,1,30012480,,,,desconhecido,0
backup,trade,BBAS3,2026-09-22,30,24356744,,,,desconhecido,0
backup,trade,BOVA11,2026-09-22,30,21541213,,,,desconhecido,0
backup,trade,ITUB4,2026-09-22,30,24466186,,,,desconhecido,0
backup,trade,MGLU3,2026-09-22,29,9247601,,,,desconhecido,0
backup,trade,PETR4,2026-09-22,30,52579704,,,,desconhecido,0
backup,trade,PETRJ22,2026-09-22,22,506027,,,,desconhecido,0
backup,trade,PETRJ470,2026-09-22,14,175518,,,,desconhecido,0
backup,trade,PETRJ49,2026-09-22,23,629415,,,,desconhecido,0
backup,trade,PETRJ493,2026-09-22,23,656147,,,,desconhecido,0
backup,trade,PETRJ494,2026-09-22,23,851905,,,,desconhecido,0
backup,trade,PETRJ500,2026-09-22,26,1249784,,,,desconhecido,0
backup,trade,PETRJ550,2026-09-22,19,252247,,,,desconhecido,0
backup,trade,PETRV22,2026-09-22,14,111742,,,,desconhecido,0
backup,trade,PETRV470,2026-09-22,22,389736,,,,desconhecido,0
backup,trade,PETRV480,2026-09-22,23,698336,,,,desconhecido,0
backup,trade,PETRV49,2026-09-22,27,1642962,,,,desconhecido,0
backup,trade,PETRV494,2026-09-22,25,656563,,,,desconhecido,0
backup,trade,PETRV500,2026-09-22,23,564463,,,,desconhecido,0
backup,trade,PETRV550,2026-09-22,3,11358,,,,desconhecido,0
backup,trade,VALE3,2026-09-22,30,23249604,,,,desconhecido,0
backup,trade,WDOFUT,2026-09-22,38,98071382,,,,desconhecido,0
backup,trade,WDOV26,2026-09-22,38,98091267,,,,desconhecido,0
backup,trade,WDOX26,2026-09-22,32,2146485,,,,desconhecido,0
backup,trade,WEGE3,2026-09-22,30,12352151,,,,desconhecido,0
backup,trade,WINFUT,2026-09-22,38,218293847,,,,desconhecido,0
backup,trade,WINV26,2026-09-22,1,31090292,,,,desconhecido,0
backup,trade,BBAS3,2026-09-23,30,23116936,,,,desconhecido,0
backup,trade,BOVA11,2026-09-23,30,32605917,,,,desconhecido,0
backup,trade,ITUB4,2026-09-23,30,28185283,,,,desconhecido,0
backup,trade,MGLU3,2026-09-23,30,26088060,,,,desconhecido,0
backup,trade,PETR4,2026-09-23,30,45872187,,,,desconhecido,0
backup,trade,PETRJ22,2026-09-23,23,658438,,,,desconhecido,0
backup,trade,PETRJ470,2026-09-23,7,45286,,,,desconhecido,0
backup,trade,PETRJ49,2026-09-23,19,753498,,,,desconhecido,0
backup,trade,PETRJ493,2026-09-23,17,403243,,,,desconhecido,0
backup,trade,PETRJ494,2026-09-23,19,444857,,,,desconhecido,0
backup,trade,PETRJ500,2026-09-23,25,1109735,,,,desconhecido,0
backup,trade,PETRJ550,2026-09-23,23,677400,,,,desconhecido,0
backup,trade,PETRV22,2026-09-23,18,459701,,,,desconhecido,0
backup,trade,PETRV470,2026-09-23,18,209044,,,,desconhecido,0
backup,trade,PETRV480,2026-09-23,23,711811,,,,desconhecido,0
backup,trade,PETRV49,2026-09-23,26,1507308,,,,desconhecido,0
backup,trade,PETRV494,2026-09-23,24,682301,,,,desconhecido,0
backup,trade,PETRV500,2026-09-23,23,865219,,,,desconhecido,0
backup,trade,PETRV550,2026-09-23,9,80921,,,,desconhecido,0
backup,trade,VALE3,2026-09-23,30,24688446,,,,desconhecido,0
backup,trade,WDOFUT,2026-09-23,38,105910861,,,,desconhecido,0
backup,trade,WDOV26,2026-09-23,38,105911673,,,,desconhecido,0
backup,trade,WDOX26,2026-09-23,35,4007430,,,,desconhecido,0
backup,trade,WEGE3,2026-09-23,29,13614997,,,,desconhecido,0
backup,trade,WINFUT,2026-09-23,37,218235782,,,,desconhecido,0
backup,trade,WINV26,2026-09-23,1,35187345,,,,desconhecido,0
backup,trade,BBAS3,2026-09-24,31,24167281,,,,desconhecido,0
backup,trade,BOVA11,2026-09-24,31,29695327,,,,desconhecido,0
backup,trade,ITUB4,2026-09-24,31,17083189,,,,desconhecido,0
backup,trade,MGLU3,2026-09-24,31,15527926,,,,desconhecido,0
backup,trade,PETR4,2026-09-24,31,23406823,,,,desconhecido,0
backup,trade,PETRJ22,2026-09-24,23,485061,,,,desconhecido,0
backup,trade,PETRJ470,2026-09-24,9,48466,,,,desconhecido,0
backup,trade,PETRJ49,2026-09-24,20,507468,,,,desconhecido,0
backup,trade,PETRJ493,2026-09-24,15,155463,,,,desconhecido,0
backup,trade,PETRJ494,2026-09-24,19,227432,,,,desconhecido,0
backup,trade,PETRJ500,2026-09-24,25,665205,,,,desconhecido,0
backup,trade,PETRJ550,2026-09-24,24,571362,,,,desconhecido,0
backup,trade,PETRV22,2026-09-24,21,394137,,,,desconhecido,0
backup,trade,PETRV470,2026-09-24,17,153294,,,,desconhecido,0
backup,trade,PETRV480,2026-09-24,24,539118,,,,desconhecido,0
backup,trade,PETRV49,2026-09-24,27,836690,,,,desconhecido,0
backup,trade,PETRV494,2026-09-24,24,419553,,,,desconhecido,0
backup,trade,PETRV500,2026-09-24,24,521148,,,,desconhecido,0
backup,trade,PETRV550,2026-09-24,11,53331,,,,desconhecido,0
backup,trade,VALE3,2026-09-24,31,25290032,,,,desconhecido,0
backup,trade,WDOFUT,2026-09-24,38,102742951,,,,desconhecido,0
backup,trade,WDOV26,2026-09-24,38,102749178,,,,desconhecido,0
backup,trade,WDOX26,2026-09-24,36,2774470,,,,desconhecido,0
backup,trade,WEGE3,2026-09-24,30,12472752,,,,desconhecido,0
backup,trade,WINFUT,2026-09-24,38,221577618,,,,desconhecido,0
backup,trade,WINV26,2026-09-24,1,34890530,,,,desconhecido,0
backup,trade,BBAS3,2026-09-25,29,18539064,,,,desconhecido,0
backup,trade,BOVA11,2026-09-25,29,37949658,,,,desconhecido,0
backup,trade,ITUB4,2026-09-25,29,24409213,,,,desconhecido,0
backup,trade,MGLU3,2026-09-25,28,14545537,,,,desconhecido,0
backup,trade,PETR4,2026-09-25,29,26297380,,,,desconhecido,0
backup,trade,PETRJ22,2026-09-25,22,386668,,,,desconhecido,0
backup,trade,PETRJ470,2026-09-25,7,59346,,,,desconhecido,0
backup,trade,PETRJ49,2026-09-25,21,391164,,,,desconhecido,0
backup,trade,PETRJ493,2026-09-25,21,413066,,,,desconhecido,0
backup,trade,PETRJ494,2026-09-25,24,377932,,,,desconhecido,0
backup,trade,PETRJ500,2026-09-25,26,1437277,,,,desconhecido,0
backup,trade,PETRJ550,2026-09-25,23,2180065,,,,desconhecido,0
backup,trade,PETRV22,2026-09-25,17,190527,,,,desconhecido,0
backup,trade,PETRV470,2026-09-25,19,184515,,,,desconhecido,0
backup,trade,PETRV480,2026-09-25,23,562221,,,,desconhecido,0
backup,trade,PETRV49,2026-09-25,24,855470,,,,desconhecido,0
backup,trade,PETRV494,2026-09-25,21,480844,,,,desconhecido,0
backup,trade,PETRV500,2026-09-25,23,547930,,,,desconhecido,0
backup,trade,PETRV550,2026-09-25,6,55406,,,,desconhecido,0
backup,trade,VALE3,2026-09-25,29,20254348,,,,desconhecido,0
backup,trade,WDOFUT,2026-09-25,38,100623949,,,,desconhecido,0
backup,trade,WDOV26,2026-09-25,38,100615857,,,,desconhecido,0
backup,trade,WDOX26,2026-09-25,35,4825495,,,,desconhecido,0
backup,trade,WEGE3,2026-09-25,29,11519287,,,,desconhecido,0
backup,trade,WINFUT,2026-09-25,38,213233847,,,,desconhecido,0
backup,trade,WINV26,2026-09-25,1,30783472,,,,desconhecido,0
backup,trade,BBAS3,2026-09-28,30,19401593,,,,desconhecido,0
backup,trade,BOVA11,2026-09-28,30,37825383,,,,desconhecido,0
backup,trade,ITUB4,2026-09-28,30,15090341,,,,desconhecido,0
backup,trade,MGLU3,2026-09-28,30,39490397,,,,desconhecido,0
backup,trade,PETR4,2026-09-28,30,22996175,,,,desconhecido,0
backup,trade,PETRJ22,2026-09-28,22,393012,,,,desconhecido,0
backup,trade,PETRJ470,2026-09-28,5,28334,,,,desconhecido,0
backup,trade,PETRJ49,2026-09-28,19,297321,,,,desconhecido,0
backup,trade,PETRJ493,2026-09-28,23,357742,,,,desconhecido,0
backup,trade,PETRJ494,2026-09-28,21,340415,,,,desconhecido,0
backup,trade,PETRJ500,2026-09-28,27,1546248,,,,desconhecido,0
backup,trade,PETRJ550,2026-09-28,24,533328,,,,desconhecido,0
backup,trade,PETRV22,2026-09-28,16,150047,,,,desconhecido,0
backup,trade,PETRV470,2026-09-28,15,98999,,,,desconhecido,0
backup,trade,PETRV480,2026-09-28,23,454035,,,,desconhecido,0
backup,trade,PETRV49,2026-09-28,24,949460,,,,desconhecido,0
backup,trade,PETRV494,2026-09-28,21,340127,,,,desconhecido,0
backup,trade,PETRV500,2026-09-28,24,679179,,,,desconhecido,0
backup,trade,PETRV550,2026-09-28,10,54231,,,,desconhecido,0
backup,trade,VALE3,2026-09-28,30,18483445,,,,desconhecido,0
backup,trade,WDOFUT,2026-09-28,36,91812334,,,,desconhecido,0
backup,trade,WDOV26,2026-09-28,36,91829229,,,,desconhecido,0
backup,trade,WDOX26,2026-09-28,34,14678040,,,,desconhecido,0
backup,trade,WEGE3,2026-09-28,30,11629981,,,,desconhecido,0
backup,trade,WINFUT,2026-09-28,36,203205612,,,,desconhecido,0
backup,trade,WINV26,2026-09-28,1,31997848,,,,desconhecido,0
backup,trade,BBAS3,2026-09-29,30,19997349,,,,desconhecido,0
backup,trade,BOVA11,2026-09-29,30,38205557,,,,desconhecido,0
backup,trade,ITUB4,2026-09-29,30,18016617,,,,desconhecido,0
backup,trade,MGLU3,2026-09-29,31,22949511,,,,desconhecido,0
backup,trade,PETR4,2026-09-29,31,28560159,,,,desconhecido,0
backup,trade,PETRJ22,2026-09-29,21,311436,,,,desconhecido,0
backup,trade,PETRJ470,2026-09-29,9,81878,,,,desconhecido,0
backup,trade,PETRJ49,2026-09-29,20,359430,,,,desconhecido,0
backup,trade,PETRJ493,2026-09-29,16,250566,,,,desconhecido,0
backup,trade,PETRJ494,2026-09-29,21,415954,,,,desconhecido,0
backup,trade,PETRJ500,2026-09-29,25,860526,,,,desconhecido,0
backup,trade,PETRJ550,2026-09-29,21,310070,,,,desconhecido,0
backup,trade,PETRV22,2026-09-29,5,35389,,,,desconhecido,0
backup,trade,PETRV470,2026-09-29,15,105959,,,,desconhecido,0
backup,trade,PETRV480,2026-09-29,22,409119,,,,desconhecido,0
backup,trade,PETRV49,2026-09-29,26,941145,,,,desconhecido,0
backup,trade,PETRV494,2026-09-29,25,774230,,,,desconhecido,0
backup,trade,PETRV500,2026-09-29,24,525506,,,,desconhecido,0
backup,trade,PETRV550,2026-09-29,9,36439,,,,desconhecido,0
backup,trade,VALE3,2026-09-29,30,34833567,,,,desconhecido,0
backup,trade,WDOFUT,2026-09-29,38,105033882,,,,desconhecido,0
backup,trade,WDOV26,2026-09-29,38,105053650,,,,desconhecido,0
backup,trade,WDOX26,2026-09-29,37,18526932,,,,desconhecido,0
backup,trade,WEGE3,2026-09-29,30,18331862,,,,desconhecido,0
backup,trade,WINFUT,2026-09-29,38,214748444,,,,desconhecido,0
backup,trade,WINV26,2026-09-29,1,30711379,,,,desconhecido,0
backup,trade,BBAS3,2026-09-30,30,25326179,,,,desconhecido,0
backup,trade,BOVA11,2026-09-30,30,30887762,,,,desconhecido,0
backup,trade,ITUB4,2026-09-30,30,37382292,,,,desconhecido,0
backup,trade,MGLU3,2026-09-30,30,23777399,,,,desconhecido,0
backup,trade,PETR4,2026-09-30,30,30036171,,,,desconhecido,0
backup,trade,PETRJ22,2026-09-30,23,466837,,,,desconhecido,0
backup,trade,PETRJ470,2026-09-30,4,17553,,,,desconhecido,0
backup,trade,PETRJ49,2026-09-30,12,151632,,,,desconhecido,0
backup,trade,PETRJ493,2026-09-30,16,218150,,,,desconhecido,0
backup,trade,PETRJ494,2026-09-30,19,193921,,,,desconhecido,0
backup,trade,PETRJ500,2026-09-30,26,847474,,,,desconhecido,0
backup,trade,PETRJ550,2026-09-30,25,570340,,,,desconhecido,0
backup,trade,PETRV22,2026-09-30,19,263763,,,,desconhecido,0
backup,trade,PETRV470,2026-09-30,15,113309,,,,desconhecido,0
backup,trade,PETRV480,2026-09-30,24,443595,,,,desconhecido,0
backup,trade,PETRV49,2026-09-30,27,951151,,,,desconhecido,0
backup,trade,PETRV494,2026-09-30,22,605063,,,,desconhecido,0
backup,trade,PETRV500,2026-09-30,24,609320,,,,desconhecido,0
backup,trade,PETRV550,2026-09-30,7,38187,,,,desconhecido,0
backup,trade,VALE3,2026-09-30,30,25484527,,,,desconhecido,0
backup,trade,WDOFUT,2026-09-30,38,99769810,,,,desconhecido,0
backup,trade,WDOV26,2026-09-30,37,30163694,,,,desconhecido,0
backup,trade,WDOX26,2026-09-30,38,99777302,,,,desconhecido,0
backup,trade,WEGE3,2026-09-30,30,20808981,,,,desconhecido,0
backup,trade,WINFUT,2026-09-30,38,231329765,,,,desconhecido,0
backup,trade,WINV26,2026-09-30,1,37862093,,,,desconhecido,0
backup,trade,BBAS3,2026-10-01,30,30141731,,,,desconhecido,0
backup,trade,BOVA11,2026-10-01,30,45358645,,,,desconhecido,0
backup,trade,ITUB4,2026-10-01,29,26552157,,,,desconhecido,0
backup,trade,MGLU3,2026-10-01,30,16358606,,,,desconhecido,0
backup,trade,PETR4,2026-10-01,30,27830047,,,,desconhecido,0
backup,trade,PETRJ22,2026-10-01,22,428421,,,,desconhecido,0
backup,trade,PETRJ470,2026-10-01,7,33703,,,,desconhecido,0
backup,trade,PETRJ49,2026-10-01,16,130670,,,,desconhecido,0
backup,trade,PETRJ493,2026-10-01,17,223812,,,,desconhecido,0
backup,trade,PETRJ494,2026-10-01,15,150905,,,,desconhecido,0
backup,trade,PETRJ500,2026-10-01,24,739802,,,,desconhecido,0
backup,trade,PETRJ550,2026-10-01,23,633266,,,,desconhecido,0
backup,trade,PETRV22,2026-10-01,20,220890,,,,desconhecido,0
backup,trade,PETRV470,2026-10-01,16,93567,,,,desconhecido,0
backup,trade,PETRV480,2026-10-01,21,416632,,,,desconhecido,0
backup,trade,PETRV49,2026-10-01,26,903021,,,,desconhecido,0
backup,trade,PETRV494,2026-10-01,23,490572,,,,desconhecido,0
backup,trade,PETRV500,2026-10-01,21,609000,,,,desconhecido,0
backup,trade,PETRV550,2026-10-01,11,55644,,,,desconhecido,0
backup,trade,VALE3,2026-10-01,30,26051661,,,,desconhecido,0
backup,trade,WDOFUT,2026-10-01,38,109353925,,,,desconhecido,0
backup,trade,WDOX26,2026-10-01,38,109338109,,,,desconhecido,0
backup,trade,WEGE3,2026-10-01,29,15815662,,,,desconhecido,0
backup,trade,WINFUT,2026-10-01,38,225075750,,,,desconhecido,0
backup,trade,WINV26,2026-10-01,1,39237408,,,,desconhecido,0
backup,trade,BBAS3,2026-10-02,30,33063595,,,,desconhecido,0
backup,trade,BOVA11,2026-10-02,29,38280726,,,,desconhecido,0
backup,trade,ITUB4,2026-10-02,29,34254877,,,,desconhecido,0
backup,trade,MGLU3,2026-10-02,29,23825264,,,,desconhecido,0
backup,trade,PETR4,2026-10-02,29,35018284,,,,desconhecido,0
backup,trade,PETRJ22,2026-10-02,22,411846,,,,desconhecido,0
backup,trade,PETRJ470,2026-10-02,7,31246,,,,desconhecido,0
backup,trade,PETRJ49,2026-10-02,16,171184,,,,desconhecido,0
backup,trade,PETRJ493,2026-10-02,20,281430,,,,desconhecido,0
backup,trade,PETRJ494,2026-10-02,16,184911,,,,desconhecido,0
backup,trade,PETRJ500,2026-10-02,26,987409,,,,desconhecido,0
backup,trade,PETRJ550,2026-10-02,26,869839,,,,desconhecido,0
backup,trade,PETRV22,2026-10-02,21,306133,,,,desconhecido,0
backup,trade,PETRV470,2026-10-02,18,201295,,,,desconhecido,0
backup,trade,PETRV480,2026-10-02,25,514040,,,,desconhecido,0
backup,trade,PETRV49,2026-10-02,26,1011348,,,,desconhecido,0
backup,trade,PETRV494,2026-10-02,23,547482,,,,desconhecido,0
backup,trade,PETRV500,2026-10-02,24,1245470,,,,desconhecido,0
backup,trade,PETRV550,2026-10-02,12,113612,,,,desconhecido,0
backup,trade,VALE3,2026-10-02,29,29231620,,,,desconhecido,0
backup,trade,WDOFUT,2026-10-02,38,111506913,,,,desconhecido,0
backup,trade,WDOX26,2026-10-02,38,111508754,,,,desconhecido,0
backup,trade,WEGE3,2026-10-02,28,19280554,,,,desconhecido,0
backup,trade,WINFUT,2026-10-02,38,247339124,,,,desconhecido,0
backup,trade,WINV26,2026-10-02,1,44897237,,,,desconhecido,0
